9900000,ヤマガタケン,ヤマガタシ,イカニケイサイガナイバアイ,山形県,山形市,以下に掲載がない場合
9900055,ヤマガタケン,ヤマガタシ,アイオイチョウ,山形県,山形市,相生町
9902435,ヤマガタケン,ヤマガタシ,アオタ,山形県,山形市,青田
9902324,ヤマガタケン,ヤマガタシ,アオタミナミ,山形県,山形市,青田南
9902222,ヤマガタケン,ヤマガタシ,アオノ,山形県,山形市,青野
9902214,ヤマガタケン,ヤマガタシ,アオヤギ,山形県,山形市,青柳
9902353,ヤマガタケン,ヤマガタシ,アカシドウ,山形県,山形市,明石堂
9902481,ヤマガタケン,ヤマガタシ,アカネガオカ,山形県,山形市,あかねケ丘
9902162,ヤマガタケン,ヤマガタシ,アケボノ,山形県,山形市,あけぼの
9900025,ヤマガタケン,ヤマガタシ,アコヤチョウ,山形県,山形市,あこや町
9902434,ヤマガタケン,ヤマガタシ,アサヒガオカ,山形県,山形市,旭が丘
9900024,ヤマガタケン,ヤマガタシ,アサヒマチ,山形県,山形市,あさひ町
9902491,ヤマガタケン,ヤマガタシ,アズマチョウ,山形県,山形市,あずま町
9902432,ヤマガタケン,ヤマガタシ,アラタテチョウ,山形県,山形市,荒楯町
9902476,ヤマガタケン,ヤマガタシ,イイザワ,山形県,山形市,飯沢
9902332,ヤマガタケン,ヤマガタシ,イイダ,山形県,山形市,飯田
9902331,ヤマガタケン,ヤマガタシ,イイダニシ,山形県,山形市,飯田西
9900841,ヤマガタケン,ヤマガタシ,イイヅカグチ,山形県,山形市,飯塚口
9900845,ヤマガタケン,ヤマガタシ,イイヅカマチ,山形県,山形市,飯塚町
9900842,ヤマガタケン,ヤマガタシ,イシゼキ,山形県,山形市,石関
9900061,ヤマガタケン,ヤマガタシ,イスズ,山形県,山形市,五十鈴
9900068,ヤマガタケン,ヤマガタシ,イズミチョウ,山形県,山形市,泉町
9900829,ヤマガタケン,ヤマガタシ,イツカマチ,山形県,山形市,五日町
9900817,ヤマガタケン,ヤマガタシ,イマヅカ,山形県,山形市,今塚
9902351,ヤマガタケン,ヤマガタシ,イモノマチ,山形県,山形市,鋳物町
9902403,ヤマガタケン,ヤマガタシ,イワナミ,山形県,山形市,岩波
9900066,ヤマガタケン,ヤマガタシ,インヤクマチ,山形県,山形市,印役町
9900877,ヤマガタケン,ヤマガタシ,ウチオモテ,山形県,山形市,内表
9900878,ヤマガタケン,ヤマガタシ,ウチオモテヒガシ,山形県,山形市,内表東
9900874,ヤマガタケン,ヤマガタシ,ウメノキマエ,山形県,山形市,梅野木前
9902161,ヤマガタケン,ヤマガタシ,ウルシヤマ,山形県,山形市,漆山
9902483,ヤマガタケン,ヤマガタシ,ウワマチ,山形県,山形市,上町
9900861,ヤマガタケン,ヤマガタシ,エマタ,山形県,山形市,江俣
9900052,ヤマガタケン,ヤマガタシ,エンノウジマチ,山形県,山形市,円応寺町
9900046,ヤマガタケン,ヤマガタシ,オオテマチ,山形県,山形市,大手町
9902344,ヤマガタケン,ヤマガタシ,オオミチバタ,山形県,山形市,大道端
9902231,ヤマガタケン,ヤマガタシ,オオモリ,山形県,山形市,大森
9900818,ヤマガタケン,ヤマガタシ,オキマチ,山形県,山形市,沖町
9902402,ヤマガタケン,ヤマガタシ,オダチ,山形県,山形市,小立
9900075,ヤマガタケン,ヤマガタシ,オチアイマチ,山形県,山形市,落合町
9902365,ヤマガタケン,ヤマガタシ,オテサク,山形県,山形市,御手作
9902307,ヤマガタケン,ヤマガタシ,オモテザオウ,山形県,山形市,表蔵王
9902379,ヤマガタケン,ヤマガタシ,カエショ,山形県,山形市,替所
9902484,ヤマガタケン,ヤマガタシ,カゴタ,山形県,山形市,篭田
9902221,ヤマガタケン,ヤマガタシ,カザマ,山形県,山形市,風間
9902341,ヤマガタケン,ヤマガタシ,カシワグラ,山形県,山形市,柏倉
9900826,ヤマガタケン,ヤマガタシ,カジョウマチ,山形県,山形市,霞城町
9900833,ヤマガタケン,ヤマガタシ,カスガチョウ,山形県,山形市,春日町
9900039,ヤマガタケン,ヤマガタシ,カスミチョウ,山形県,山形市,香澄町
9902316,ヤマガタケン,ヤマガタシ,カタヤチ,山形県,山形市,片谷地
9900856,ヤマガタケン,ヤマガタシ,カナイシダ,山形県,山形市,金石田
9900851,ヤマガタケン,ヤマガタシ,カミクヌギザワ,山形県,山形市,上椹沢
9902421,ヤマガタケン,ヤマガタシ,カミサクラダ,山形県,山形市,上桜田
9902384,ヤマガタケン,ヤマガタシ,カミソリダ,山形県,山形市,上反田
9902241,ヤマガタケン,ヤマガタシ,カミヒガシヤマ,山形県,山形市,上東山
9900017,ヤマガタケン,ヤマガタシ,カミホウザワ,山形県,山形市,上宝沢
9902212,ヤマガタケン,ヤマガタシ,カミヤナギ,山形県,山形市,上柳
9900004,ヤマガタケン,ヤマガタシ,カミヤンベマチ,山形県,山形市,上山家町
9902406,ヤマガタケン,ヤマガタシ,カンノウ,山形県,山形市,神尾
9900875,ヤマガタケン,ヤマガタシ,キタエマタ,山形県,山形市,北江俣
9900896,ヤマガタケン,ヤマガタシ,キタダ,山形県,山形市,北田
9900821,ヤマガタケン,ヤマガタシ,キタマチ,山形県,山形市,北町
9900822,ヤマガタケン,ヤマガタシ,キタヤマガタ,山形県,山形市,北山形
9900044,ヤマガタケン,ヤマガタシ,キノミチョウ,山形県,山形市,木の実町
9902475,ヤマガタケン,ヤマガタシ,キノメダ,山形県,山形市,木ノ目田
9900876,ヤマガタケン,ヤマガタシ,ギョウサイ,山形県,山形市,行才
9900834,ヤマガタケン,ヤマガタシ,キヨズミマチ,山形県,山形市,清住町
9902233,ヤマガタケン,ヤマガタシ,キリハタ,山形県,山形市,切畑
9900850,ヤマガタケン,ヤマガタシ,クヌギザワニシ,山形県,山形市,くぬぎざわ西
9902482,ヤマガタケン,ヤマガタシ,クボタ,山形県,山形市,久保田
9902311,ヤマガタケン,ヤマガタシ,クロサワ,山形県,山形市,黒沢
9900863,ヤマガタケン,ヤマガタシ,コウナン,山形県,山形市,江南
9900852,ヤマガタケン,ヤマガタシ,コガネ,山形県,山形市,黄金
9900032,ヤマガタケン,ヤマガタシ,コショウマチ,山形県,山形市,小姓町
9900021,ヤマガタケン,ヤマガタシ,コジラカワマチ,山形県,山形市,小白川町
9902414,ヤマガタケン,ヤマガタシ,コトブキチョウ,山形県,山形市,寿町
9900035,ヤマガタケン,ヤマガタシ,コニダマチ,山形県,山形市,小荷駄町
9902234,ヤマガタケン,ヤマガタシ,コモイシ,山形県,山形市,こも石
9900038,ヤマガタケン,ヤマガタシ,サイワイチョウ,山形県,山形市,幸町
9902333,ヤマガタケン,ヤマガタシ,ザオウイイダ,山形県,山形市,蔵王飯田
9902303,ヤマガタケン,ヤマガタシ,ザオウウワノ,山形県,山形市,蔵王上野
9902301,ヤマガタケン,ヤマガタシ,ザオウオンセン,山形県,山形市,蔵王温泉
9902334,ヤマガタケン,ヤマガタシ,ザオウナリサワ,山形県,山形市,蔵王成沢
9902305,ヤマガタケン,ヤマガタシ,ザオウハンゴウ,山形県,山形市,蔵王半郷
9902302,ヤマガタケン,ヤマガタシ,ザオウホッタ,山形県,山形市,蔵王堀田
9902338,ヤマガタケン,ヤマガタシ,ザオウマツガオカ,山形県,山形市,蔵王松ケ丘
9902337,ヤマガタケン,ヤマガタシ,ザオウニシナリサワ,山形県,山形市,蔵王西成沢
9902335,ヤマガタケン,ヤマガタシ,ザオウミナミナリサワ,山形県,山形市,蔵王南成沢
9902304,ヤマガタケン,ヤマガタシ,ザオウヤマダ,山形県,山形市,蔵王山田
9900003,ヤマガタケン,ヤマガタシ,サオトメ,山形県,山形市,早乙女
9900819,ヤマガタケン,ヤマガタシ,サカイダマチ,山形県,山形市,境田町
9900077,ヤマガタケン,ヤマガタシ,サカエバラ,山形県,山形市,栄原
9900824,ヤマガタケン,ヤマガタシ,サカナマチ,山形県,山形市,肴町
9902376,ヤマガタケン,ヤマガタシ,サクラガオカ,山形県,山形市,桜ケ丘
9902323,ヤマガタケン,ヤマガタシ,サクラダヒガシ,山形県,山形市,桜田東
9902321,ヤマガタケン,ヤマガタシ,サクラダニシ,山形県,山形市,桜田西
9902322,ヤマガタケン,ヤマガタシ,サクラダミナミ,山形県,山形市,桜田南
9900045,ヤマガタケン,ヤマガタシ,サクラチョウ,山形県,山形市,桜町
9900898,ヤマガタケン,ヤマガタシ,サンシャ,山形県,山形市,三社
9900846,ヤマガタケン,ヤマガタシ,シカマ,山形県,山形市,志鎌
9900868,ヤマガタケン,ヤマガタシ,シトダ,山形県,山形市,志戸田
9902173,ヤマガタケン,ヤマガタシ,シブエ,山形県,山形市,渋江
9900870,ヤマガタケン,ヤマガタシ,シマ,山形県,山形市,島
9900885,ヤマガタケン,ヤマガタシ,シマキタ,山形県,山形市,嶋北
9900886,ヤマガタケン,ヤマガタシ,シマミナミ,山形県,山形市,嶋南
9900858,ヤマガタケン,ヤマガタシ,シモクヌギザワ,山形県,山形市,下椹沢
9900823,ヤマガタケン,ヤマガタシ,シモジョウマチ,山形県,山形市,下条町
9902385,ヤマガタケン,ヤマガタシ,シモソリダ,山形県,山形市,下反田
9900809,ヤマガタケン,ヤマガタシ,シモダ,山形県,山形市,下田
9902232,ヤマガタケン,ヤマガタシ,シモヒガシヤマ,山形県,山形市,下東山
9900018,ヤマガタケン,ヤマガタシ,シモホウザワ,山形県,山形市,下宝沢
9902215,ヤマガタケン,ヤマガタシ,シモヤナギ,山形県,山形市,下柳
9900005,ヤマガタケン,ヤマガタシ,シモヤンベマチ,山形県,山形市,下山家町
9900012,ヤマガタケン,ヤマガタシ,シャカドウ,山形県,山形市,釈迦堂
9902211,ヤマガタケン,ヤマガタシ,ジュウモンジ,山形県,山形市,十文字
9900827,ヤマガタケン,ヤマガタシ,ジョウナンマチ,山形県,山形市,城南町
9900825,ヤマガタケン,ヤマガタシ,ジョウホクマチ,山形県,山形市,城北町
9902381,ヤマガタケン,ヤマガタシ,ジョウミョウジ,山形県,山形市,常明寺
9900807,ヤマガタケン,ヤマガタシ,シラカワ,山形県,山形市,白川
9900832,ヤマガタケン,ヤマガタシ,シロニシマチ,山形県,山形市,城西町
9902343,ヤマガタケン,ヤマガタシ,シロモリ,山形県,山形市,城森
9902164,ヤマガタケン,ヤマガタシ,シンカイ,山形県,山形市,新開
9900864,ヤマガタケン,ヤマガタシ,ジンバ,山形県,山形市,陣場
9900882,ヤマガタケン,ヤマガタシ,ジンバシンデン,山形県,山形市,陣場新田
9900860,ヤマガタケン,ヤマガタシ,ジンバミナミ,山形県,山形市,陣場南
9902494,ヤマガタケン,ヤマガタシ,スエヒロチョウ,山形県,山形市,末広町
9902362,ヤマガタケン,ヤマガタシ,スゲサワ,山形県,山形市,菅沢
9902367,ヤマガタケン,ヤマガタシ,スゲサワノオカ,山形県,山形市,すげさわの丘
9900884,ヤマガタケン,ヤマガタシ,スシアライ,山形県,山形市,鮨洗
9900062,ヤマガタケン,ヤマガタシ,スズカワマチ,山形県,山形市,鈴川町
9900847,ヤマガタケン,ヤマガタシ,スナダ,山形県,山形市,砂田
9900854,ヤマガタケン,ヤマガタシ,スナヅカ,山形県,山形市,砂塚
9900033,ヤマガタケン,ヤマガタシ,スワマチ,山形県,山形市,諏訪町
9900016,ヤマガタケン,ヤマガタシ,セキザワ,山形県,山形市,関沢
9900881,ヤマガタケン,ヤマガタシ,セナミ,山形県,山形市,瀬波
9902216,ヤマガタケン,ヤマガタシ,センガリ,山形県,山形市,千刈
9902227,ヤマガタケン,ヤマガタシ,センゴク,山形県,山形市,千石
9902172,ヤマガタケン,ヤマガタシ,センジュドウ,山形県,山形市,千手堂
9900008,ヤマガタケン,ヤマガタシ,ソウツキシンチョウ,山形県,山形市,双月新町
9900065,ヤマガタケン,ヤマガタシ,ソウツキマチ,山形県,山形市,双月町
9902378,ヤマガタケン,ヤマガタシ,ソリマチ,山形県,山形市,反町
9902364,ヤマガタケン,ヤマガタシ,ダイシドウ,山形県,山形市,大師堂
9900073,ヤマガタケン,ヤマガタシ,ダイノメ,山形県,山形市,大野目
9902346,ヤマガタケン,ヤマガタシ,タカギ,山形県,山形市,高木
9902242,ヤマガタケン,ヤマガタシ,タカサワ,山形県,山形市,高沢
9900808,ヤマガタケン,ヤマガタシ,タカダ,山形県,山形市,高田
9902464,ヤマガタケン,ヤマガタシ,タカドウ,山形県,山形市,高堂
9900002,ヤマガタケン,ヤマガタシ,タカハラマチ,山形県,山形市,高原町
9902382,ヤマガタケン,ヤマガタシ,タキノヒラ,山形県,山形市,滝平
9902251,ヤマガタケン,ヤマガタシ,タチヤガワ,山形県,山形市,立谷川
9902163,ヤマガタケン,ヤマガタシ,ダテジョウ,山形県,山形市,伊達城
9900805,ヤマガタケン,ヤマガタシ,ダンノマエ,山形県,山形市,檀野前
9902224,ヤマガタケン,ヤマガタシ,チカダ,山形県,山形市,近田
9900812,ヤマガタケン,ヤマガタシ,チトセ,山形県,山形市,千歳
9900855,ヤマガタケン,ヤマガタシ,チヨダ,山形県,山形市,千代田
9902315,ヤマガタケン,ヤマガタシ,ツガネザワ,山形県,山形市,津金沢
9902405,ヤマガタケン,ヤマガタシ,ツチザカ,山形県,山形市,土坂
9900814,ヤマガタケン,ヤマガタシ,ツチドイ,山形県,山形市,土樋
9902492,ヤマガタケン,ヤマガタシ,テッポウマチ,山形県,山形市,鉄砲町
9902213,ヤマガタケン,ヤマガタシ,テラニシ,山形県,山形市,寺西
9900867,ヤマガタケン,ヤマガタシ,テンジンダイ,山形県,山形市,天神台
9900801,ヤマガタケン,ヤマガタシ,テンジンチョウ,山形県,山形市,天神町
9900031,ヤマガタケン,ヤマガタシ,トウカマチ,山形県,山形市,十日町
9900806,ヤマガタケン,ヤマガタシ,トウジヤシキ,山形県,山形市,藤治屋敷
9902223,ヤマガタケン,ヤマガタシ,トウノマエ,山形県,山形市,塔の前
9900051,ヤマガタケン,ヤマガタシ,ドウマチ,山形県,山形市,銅町
9900871,ヤマガタケン,ヤマガタシ,ドウヤグチ,山形県,山形市,銅谷口
9902345,ヤマガタケン,ヤマガタシ,トガミダイ,山形県,山形市,富神台
9902342,ヤマガタケン,ヤマガタシ,トガミマエ,山形県,山形市,富神前
9902361,ヤマガタケン,ヤマガタシ,ドメキ,山形県,山形市,百目鬼
9902463,ヤマガタケン,ヤマガタシ,トミノジュウ,山形県,山形市,富の中
9900815,ヤマガタケン,ヤマガタシ,トヨゴシ,山形県,山形市,樋越
9902433,ヤマガタケン,ヤマガタシ,トリイガオカ,山形県,山形市,鳥居ケ丘
9902422,ヤマガタケン,ヤマガタシ,ナカサクラダ,山形県,山形市,中桜田
9902235,ヤマガタケン,ヤマガタシ,ナカザト,山形県,山形市,中里
9900849,ヤマガタケン,ヤマガタシ,ナカヌマ,山形県,山形市,中沼
9900892,ヤマガタケン,ヤマガタシ,ナカノ,山形県,山形市,中野
9902175,ヤマガタケン,ヤマガタシ,ナカノメ,山形県,山形市,中野目
9902477,ヤマガタケン,ヤマガタシ,ナガナワシロ,山形県,山形市,長苗代
9900811,ヤマガタケン,ヤマガタシ,ナガマチ,山形県,山形市,長町
9902171,ヤマガタケン,ヤマガタシ,ナナウラ,山形県,山形市,七浦
9900804,ヤマガタケン,ヤマガタシ,ナナジュウガリ,山形県,山形市,七十刈
9900042,ヤマガタケン,ヤマガタシ,ナヌカマチ,山形県,山形市,七日町
9902386,ヤマガタケン,ヤマガタシ,ナミヤナギ,山形県,山形市,並柳
9900014,ヤマガタケン,ヤマガタシ,ナメカワ,山形県,山形市,滑川
9902339,ヤマガタケン,ヤマガタシ,ナリサワニシ,山形県,山形市,成沢西
9900891,ヤマガタケン,ヤマガタシ,ナリヤス,山形県,山形市,成安
9902445,ヤマガタケン,ヤマガタシ,ナンエイチョウ,山形県,山形市,南栄町
9902355,ヤマガタケン,ヤマガタシ,ニイダ,山形県,山形市,二位田
9900015,ヤマガタケン,ヤマガタシ,ニイヤマ,山形県,山形市,新山
9900862,ヤマガタケン,ヤマガタシ,ニシエマタ,山形県,山形市,西江俣
9900056,ヤマガタケン,ヤマガタシ,ニシキチョウ,山形県,山形市,錦町
9902226,ヤマガタケン,ヤマガタシ,ニシゴシ,山形県,山形市,西越
9900853,ヤマガタケン,ヤマガタシ,ニシザキ,山形県,山形市,西崎
9900831,ヤマガタケン,ヤマガタシ,ニシタ,山形県,山形市,西田
9900893,ヤマガタケン,ヤマガタシ,ニシナカノ,山形県,山形市,西中野
9900859,ヤマガタケン,ヤマガタシ,ニシハラ,山形県,山形市,西原
9900844,ヤマガタケン,ヤマガタシ,ニシミダ,山形県,山形市,西見田
9902474,ヤマガタケン,ヤマガタシ,ヌマギ,山形県,山形市,沼木
9900007,ヤマガタケン,ヤマガタシ,ヌマノベマチ,山形県,山形市,沼の辺町
9902174,ヤマガタケン,ヤマガタシ,ハイヅカ,山形県,山形市,灰塚
9902446,ヤマガタケン,ヤマガタシ,ハクサン,山形県,山形市,白山
9902471,ヤマガタケン,ヤマガタシ,ハグロドウ,山形県,山形市,羽黒堂
9900865,ヤマガタケン,ヤマガタシ,バジョウダイ,山形県,山形市,馬上台
9902363,ヤマガタケン,ヤマガタシ,ハセドウ,山形県,山形市,長谷堂
9900047,ヤマガタケン,ヤマガタシ,ハタゴマチ,山形県,山形市,旅篭町
9900872,ヤマガタケン,ヤマガタシ,ハチマンマエ,山形県,山形市,八幡前
9902404,ヤマガタケン,ヤマガタシ,ハチモリ,山形県,山形市,八森
9902225,ヤマガタケン,ヤマガタシ,ハナオカ,山形県,山形市,花岡
9900067,ヤマガタケン,ヤマガタシ,ハナタテ,山形県,山形市,花楯
9900072,ヤマガタケン,ヤマガタシ,ハマザキ,山形県,山形市,浜崎
9902423,ヤマガタケン,ヤマガタシ,ヒガシアオタ,山形県,山形市,東青田
9900899,ヤマガタケン,ヤマガタシ,ヒガシカゴノマチ,山形県,山形市,東篭野町
9900869,ヤマガタケン,ヤマガタシ,ヒガシシトダ,山形県,山形市,東志戸田
9900897,ヤマガタケン,ヤマガタシ,ヒガシダ,山形県,山形市,東田
9902354,ヤマガタケン,ヤマガタシ,ヒガシニイダ,山形県,山形市,東二位田
9900034,ヤマガタケン,ヤマガタシ,ヒガシハラマチ,山形県,山形市,東原町
9902308,ヤマガタケン,ヤマガタシ,ヒガシハンゴウ,山形県,山形市,東半郷
9902375,ヤマガタケン,ヤマガタシ,ヒガシフルダテ,山形県,山形市,東古館
9900022,ヤマガタケン,ヤマガタシ,ヒガシヤマガタ,山形県,山形市,東山形
9900813,ヤマガタケン,ヤマガタシ,ヒノキチョウ,山形県,山形市,桧町
9900076,ヤマガタケン,ヤマガタシ,ヒラクボ,山形県,山形市,平久保
9902401,ヤマガタケン,ヤマガタシ,ヒラシミズ,山形県,山形市,平清水
9902462,ヤマガタケン,ヤマガタシ,フカマチ,山形県,山形市,深町
9902377,ヤマガタケン,ヤマガタシ,フジサワガワ,山形県,山形市,藤沢川
9900828,ヤマガタケン,ヤマガタシ,フタバチョウ,山形県,山形市,双葉町
9900894,ヤマガタケン,ヤマガタシ,フナマチ,山形県,山形市,船町
9902374,ヤマガタケン,ヤマガタシ,フルダテ,山形県,山形市,古館
9900857,ヤマガタケン,ヤマガタシ,ヘイダ,山形県,山形市,平田
9900013,ヤマガタケン,ヤマガタシ,ボウバラマチ,山形県,山形市,防原町
9900001,ヤマガタケン,ヤマガタシ,ホヅミ,山形県,山形市,穂積
9900043,ヤマガタケン,ヤマガタシ,ホンチョウ,山形県,山形市,本町
9902352,ヤマガタケン,ヤマガタシ,マエアカシ,山形県,山形市,前明石
9902411,ヤマガタケン,ヤマガタシ,マエタマチ,山形県,山形市,前田町
9902473,ヤマガタケン,ヤマガタシ,マツエイ,山形県,山形市,松栄
9900023,ヤマガタケン,ヤマガタシ,マツナミ,山形県,山形市,松波
9902313,ヤマガタケン,ヤマガタシ,マツバラ,山形県,山形市,松原
9902431,ヤマガタケン,ヤマガタシ,マツミチョウ,山形県,山形市,松見町
9902412,ヤマガタケン,ヤマガタシ,マツヤマ,山形県,山形市,松山
9900810,ヤマガタケン,ヤマガタシ,マミガサキ,山形県,山形市,馬見ケ崎
9900803,ヤマガタケン,ヤマガタシ,ミサキ,山形県,山形市,見崎
9900802,ヤマガタケン,ヤマガタシ,ミサキカワラ,山形県,山形市,見崎川原
9900036,ヤマガタケン,ヤマガタシ,ミッカマチ,山形県,山形市,三日町
9900041,ヤマガタケン,ヤマガタシ,ミドリチョウ,山形県,山形市,緑町
9902441,ヤマガタケン,ヤマガタシ,ミナミ１バンチョウ,山形県,山形市,南一番町
9902442,ヤマガタケン,ヤマガタシ,ミナミ２バンチョウ,山形県,山形市,南二番町
9902443,ヤマガタケン,ヤマガタシ,ミナミ３バンチョウ,山形県,山形市,南三番町
9902444,ヤマガタケン,ヤマガタシ,ミナミ４バンチョウ,山形県,山形市,南四番町
9900836,ヤマガタケン,ヤマガタシ,ミナミイシゼキ,山形県,山形市,南石関
9900879,ヤマガタケン,ヤマガタシ,ミナミシトダ,山形県,山形市,南志戸田
9902461,ヤマガタケン,ヤマガタシ,ミナミダテ,山形県,山形市,南館
9902465,ヤマガタケン,ヤマガタシ,ミナミダテニシ,山形県,山形市,南館西
9902413,ヤマガタケン,ヤマガタシ,ミナミハラマチ,山形県,山形市,南原町
9902306,ヤマガタケン,ヤマガタシ,ミナミハンゴウ,山形県,山形市,南半郷
9902312,ヤマガタケン,ヤマガタシ,ミナミマツバラ,山形県,山形市,南松原
9902372,ヤマガタケン,ヤマガタシ,ミノリガオカ,山形県,山形市,みのりが丘
9902493,ヤマガタケン,ヤマガタシ,ミハタチョウ,山形県,山形市,美畑町
9902317,ヤマガタケン,ヤマガタシ,ミハラシノオカ,山形県,山形市,みはらしの丘
9900848,ヤマガタケン,ヤマガタシ,ミヤウラ,山形県,山形市,宮浦
9900057,ヤマガタケン,ヤマガタシ,ミヤマチ,山形県,山形市,宮町
9900011,ヤマガタケン,ヤマガタシ,ミョウケンジ,山形県,山形市,妙見寺
9902472,ヤマガタケン,ヤマガタシ,ミョウジンマエ,山形県,山形市,明神前
9900054,ヤマガタケン,ヤマガタシ,ムイカマチ,山形県,山形市,六日町
9900895,ヤマガタケン,ヤマガタシ,ムカイシンデン,山形県,山形市,向新田
9902371,ヤマガタケン,ヤマガタシ,ムラキザワ,山形県,山形市,村木沢
9902447,ヤマガタケン,ヤマガタシ,モトキ,山形県,山形市,元木
9902342,ヤマガタケン,ヤマガタシ,モンデン,山形県,山形市,門伝
9902314,ヤマガタケン,ヤマガタシ,ヤガシワ,山形県,山形市,谷柏
9900053,ヤマガタケン,ヤマガタシ,ヤクシマチ,山形県,山形市,薬師町
9902366,ヤマガタケン,ヤマガタシ,ヤチマエ,山形県,山形市,谷地前
9993301,ヤマガタケン,ヤマガタシ,ヤマデラ,山形県,山形市,山寺
9900835,ヤマガタケン,ヤマガタシ,ヤヨイ,山形県,山形市,やよい
9900006,ヤマガタケン,ヤマガタシ,ヤンベホンチョウ,山形県,山形市,山家本町
9900063,ヤマガタケン,ヤマガタシ,ヤンベマチ,山形県,山形市,山家町
9900037,ヤマガタケン,ヤマガタシ,ヨウカマチ,山形県,山形市,八日町
9900866,ヤマガタケン,ヤマガタシ,ヨコイ,山形県,山形市,横井
9900843,ヤマガタケン,ヤマガタシ,ヨコミチ,山形県,山形市,横道
9902383,ヤマガタケン,ヤマガタシ,ヨシザワ,山形県,山形市,芳沢
9900074,ヤマガタケン,ヤマガタシ,ヨシノ,山形県,山形市,芳野
9900883,ヤマガタケン,ヤマガタシ,ヨシノジュク,山形県,山形市,吉野宿
9902451,ヤマガタケン,ヤマガタシ,ヨシハラ,山形県,山形市,吉原
9902455,ヤマガタケン,ヤマガタシ,ヨシハラミナミ,山形県,山形市,吉原南
9900071,ヤマガタケン,ヤマガタシ,リュウツウセンター,山形県,山形市,流通センター
9902373,ヤマガタケン,ヤマガタシ,ワカギ,山形県,山形市,若木
9902495,ヤマガタケン,ヤマガタシ,ワカバチョウ,山形県,山形市,若葉町
9902453,ヤマガタケン,ヤマガタシ,ワカミヤ,山形県,山形市,若宮
9900064,ヤマガタケン,ヤマガタシ,ワゴウマチ,山形県,山形市,和合町
9920000,ヤマガタケン,ヨネザワシ,イカニケイサイガナイバアイ,山形県,米沢市,以下に掲載がない場合
9920032,ヤマガタケン,ヨネザワシ,アイオイチョウ,山形県,米沢市,相生町
9921406,ヤマガタケン,ヨネザワシ,アカクズレ（サンノウウラ）,山形県,米沢市,赤崩（山王浦）
9921206,ヤマガタケン,ヨネザワシ,アカクズレ（ソノタ）,山形県,米沢市,赤崩（その他）
9920075,ヤマガタケン,ヨネザワシ,アカシバマチ,山形県,米沢市,赤芝町
9920112,ヤマガタケン,ヨネザワシ,アサガワ,山形県,米沢市,浅川
9920115,ヤマガタケン,ヨネザワシ,アズサガワ,山形県,米沢市,梓川
9920034,ヤマガタケン,ヨネザワシ,アヅマチョウ,山形県,米沢市,吾妻町
9920119,ヤマガタケン,ヨネザワシ,アルカディア,山形県,米沢市,アルカディア
9920063,ヤマガタケン,ヨネザワシ,イズミマチ,山形県,米沢市,泉町
9921331,ヤマガタケン,ヨネザワシ,イタヤ,山形県,米沢市,板谷
9921583,ヤマガタケン,ヨネザワシ,イリタザワ,山形県,米沢市,入田沢
9920027,ヤマガタケン,ヨネザワシ,エキマエ,山形県,米沢市,駅前
9921204,ヤマガタケン,ヨネザワシ,オオゴヤ,山形県,米沢市,大小屋
9921203,ヤマガタケン,ヨネザワシ,オオサワ（オオサワ、カサマツ）,山形県,米沢市,大沢（大沢、笠松）
9921303,ヤマガタケン,ヨネザワシ,オオサワ（ソノタ）,山形県,米沢市,大沢（その他）
9920035,ヤマガタケン,ヨネザワシ,オオタマチ,山形県,米沢市,太田町
9921462,ヤマガタケン,ヨネザワシ,オオダイラ,山形県,米沢市,大平
9920031,ヤマガタケン,ヨネザワシ,オオマチ,山形県,米沢市,大町
9920076,ヤマガタケン,ヨネザワシ,オノガワマチ,山形県,米沢市,小野川町
9920014,ヤマガタケン,ヨネザワシ,カジマチ,山形県,米沢市,鍛冶町
9920044,ヤマガタケン,ヨネザワシ,カスガ,山形県,米沢市,春日
9920012,ヤマガタケン,ヨネザワシ,カナイケ,山形県,米沢市,金池
9920118,ヤマガタケン,ヨネザワシ,カミニイダ,山形県,米沢市,上新田
9920117,ヤマガタケン,ヨネザワシ,カワイ,山形県,米沢市,川井
9920016,ヤマガタケン,ヨネザワシ,カワイコウジ,山形県,米沢市,川井小路
9921582,ヤマガタケン,ヨネザワシ,カンバラ,山形県,米沢市,神原
9920058,ヤマガタケン,ヨネザワシ,キバマチ,山形県,米沢市,木場町
9920114,ヤマガタケン,ヨネザワシ,キワダ,山形県,米沢市,木和田
9921581,ヤマガタケン,ヨネザワシ,クチタザワ,山形県,米沢市,口田沢
9920003,ヤマガタケン,ヨネザワシ,クボタマチクボタ,山形県,米沢市,窪田町窪田
9920004,ヤマガタケン,ヨネザワシ,クボタマチコゼ,山形県,米沢市,窪田町小瀬
9920001,ヤマガタケン,ヨネザワシ,クボタマチヒガシエマタ,山形県,米沢市,窪田町東江股
9920005,ヤマガタケン,ヨネザワシ,クボタマチフジイズミ,山形県,米沢市,窪田町藤泉
9920002,ヤマガタケン,ヨネザワシ,クボタマチヤノメ,山形県,米沢市,窪田町矢野目
9920055,ヤマガタケン,ヨネザワシ,ゴビョウ,山形県,米沢市,御廟
9920013,ヤマガタケン,ヨネザワシ,サカエマチ,山形県,米沢市,栄町
9920017,ヤマガタケン,ヨネザワシ,サクラギチョウ,山形県,米沢市,桜木町
9921443,ヤマガタケン,ヨネザワシ,ササノ,山形県,米沢市,笹野
9921445,ヤマガタケン,ヨネザワシ,ササノホンチョウ,山形県,米沢市,笹野本町
9921441,ヤマガタケン,ヨネザワシ,ササノマチ,山形県,米沢市,笹野町
9920042,ヤマガタケン,ヨネザワシ,シオイマチシオノ,山形県,米沢市,塩井町塩野
9920041,ヤマガタケン,ヨネザワシ,シオイマチミヤイ,山形県,米沢市,塩井町宮井
9920043,ヤマガタケン,ヨネザワシ,シオノ,山形県,米沢市,塩野
9920046,ヤマガタケン,ヨネザワシ,シノブマチ,山形県,米沢市,信夫町
9920081,ヤマガタケン,ヨネザワシ,シモコスゲ,山形県,米沢市,下小菅
9920111,ヤマガタケン,ヨネザワシ,シモニイダ,山形県,米沢市,下新田
9920023,ヤマガタケン,ヨネザワシ,シモハナザワ,山形県,米沢市,下花沢
9920054,ヤマガタケン,ヨネザワシ,ジョウセイ,山形県,米沢市,城西
9920038,ヤマガタケン,ヨネザワシ,ジョウナン,山形県,米沢市,城南
9920051,ヤマガタケン,ヨネザワシ,ジョウホク,山形県,米沢市,城北
9921444,ヤマガタケン,ヨネザワシ,ショブツマチ,山形県,米沢市,諸仏町
9920064,ヤマガタケン,ヨネザワシ,スギノメマチ,山形県,米沢市,杉の目町
9921461,ヤマガタケン,ヨネザワシ,スモモヤマ,山形県,米沢市,李山
9921472,ヤマガタケン,ヨネザワシ,セキ,山形県,米沢市,関
9921205,ヤマガタケン,ヨネザワシ,セキネ,山形県,米沢市,関根
9921473,ヤマガタケン,ヨネザワシ,セキマチ,山形県,米沢市,関町
9920116,ヤマガタケン,ヨネザワシ,タケイ,山形県,米沢市,竹井
9920015,ヤマガタケン,ヨネザワシ,タツマチ,山形県,米沢市,立町
9921471,ヤマガタケン,ヨネザワシ,タテイシ,山形県,米沢市,立石
9920072,ヤマガタケン,ヨネザワシ,タテヤマ,山形県,米沢市,舘山
9920071,ヤマガタケン,ヨネザワシ,タテヤマヤゴマチ,山形県,米沢市,舘山矢子町
9920045,ヤマガタケン,ヨネザワシ,チュウオウ,山形県,米沢市,中央
9921474,ヤマガタケン,ヨネザワシ,ツナギ,山形県,米沢市,綱木
9920066,ヤマガタケン,ヨネザワシ,トオヤママチ,山形県,米沢市,遠山町
9920025,ヤマガタケン,ヨネザワシ,トオリマチ,山形県,米沢市,通町
9920047,ヤマガタケン,ヨネザワシ,トクマチ,山形県,米沢市,徳町
9921446,ヤマガタケン,ヨネザワシ,ナオエセキテイ,山形県,米沢市,直江石堤
9920056,ヤマガタケン,ヨネザワシ,ナオエチョウ,山形県,米沢市,直江町
9920011,ヤマガタケン,ヨネザワシ,ナカダマチ,山形県,米沢市,中田町
9920113,ヤマガタケン,ヨネザワシ,ナガテ,山形県,米沢市,長手
9920057,ヤマガタケン,ヨネザワシ,ナルシママチ,山形県,米沢市,成島町
9920059,ヤマガタケン,ヨネザワシ,ニシオオドオリ,山形県,米沢市,西大通
9921128,ヤマガタケン,ヨネザワシ,ハチマンパラ,山形県,米沢市,八幡原
9920021,ヤマガタケン,ヨネザワシ,ハナザワ,山形県,米沢市,花沢
9920022,ヤマガタケン,ヨネザワシ,ハナザワチョウ,山形県,米沢市,花沢町
9921127,ヤマガタケン,ヨネザワシ,バンセイチョウウシモリ,山形県,米沢市,万世町牛森
9921125,ヤマガタケン,ヨネザワシ,バンセイチョウカタコ,山形県,米沢市,万世町片子
9921124,ヤマガタケン,ヨネザワシ,バンセイチョウカナヤ,山形県,米沢市,万世町金谷
9921121,ヤマガタケン,ヨネザワシ,バンセイチョウカリヤス,山形県,米沢市,万世町刈安
9921123,ヤマガタケン,ヨネザワシ,バンセイチョウクワヤマ,山形県,米沢市,万世町桑山
9921122,ヤマガタケン,ヨネザワシ,バンセイチョウズサヤマ,山形県,米沢市,万世町梓山
9921201,ヤマガタケン,ヨネザワシ,バンセイチョウタツザワ,山形県,米沢市,万世町立沢
9921126,ヤマガタケン,ヨネザワシ,バンセイチョウドウモリ,山形県,米沢市,万世町堂森
9920026,ヤマガタケン,ヨネザワシ,ヒガシ,山形県,米沢市,東
9920024,ヤマガタケン,ヨネザワシ,ヒガシオオドオリ,山形県,米沢市,東大通
9920087,ヤマガタケン,ヨネザワシ,ヒロハタマチオオサワ,山形県,米沢市,広幡町大沢
9920085,ヤマガタケン,ヨネザワシ,ヒロハタマチオキナカ,山形県,米沢市,広幡町沖仲
9920082,ヤマガタケン,ヨネザワシ,ヒロハタマチオヤマダ,山形県,米沢市,広幡町小山田
9920084,ヤマガタケン,ヨネザワシ,ヒロハタマチカミコスゲ,山形県,米沢市,広幡町上小菅
9920086,ヤマガタケン,ヨネザワシ,ヒロハタマチキョウヅカ,山形県,米沢市,広幡町京塚
9920083,ヤマガタケン,ヨネザワシ,ヒロハタマチナルシマ,山形県,米沢市,広幡町成島
9920073,ヤマガタケン,ヨネザワシ,ブキヤシキマチ,山形県,米沢市,吹屋敷町
9920036,ヤマガタケン,ヨネザワシ,フクダ,山形県,米沢市,福田
9920033,ヤマガタケン,ヨネザワシ,フクダマチ,山形県,米沢市,福田町
9920065,ヤマガタケン,ヨネザワシ,フルシダマチ,山形県,米沢市,古志田町
9921442,ヤマガタケン,ヨネザワシ,ホウセンマチ,山形県,米沢市,芳泉町
9920061,ヤマガタケン,ヨネザワシ,ホリカワチョウ,山形県,米沢市,堀川町
9920037,ヤマガタケン,ヨネザワシ,ホンチョウ,山形県,米沢市,本町
9920053,ヤマガタケン,ヨネザワシ,マツガサキ,山形県,米沢市,松が岬
9920052,ヤマガタケン,ヨネザワシ,マルノウチ,山形県,米沢市,丸の内
9921202,ヤマガタケン,ヨネザワシ,ミサワ,山形県,米沢市,三沢
9921453,ヤマガタケン,ヨネザワシ,ミナミハライシガキマチ,山形県,米沢市,南原石垣町
9921455,ヤマガタケン,ヨネザワシ,ミナミハライナワシロマチ,山形県,米沢市,南原猪苗代町
9921451,ヤマガタケン,ヨネザワシ,ミナミハラササノマチ,山形県,米沢市,南原笹野町
9921454,ヤマガタケン,ヨネザワシ,ミナミハラシンマチ,山形県,米沢市,南原新町
9921452,ヤマガタケン,ヨネザワシ,ミナミハラヨコボリマチ,山形県,米沢市,南原横堀町
9920039,ヤマガタケン,ヨネザワシ,モントウマチ,山形県,米沢市,門東町
9920077,ヤマガタケン,ヨネザワシ,ヤナザワ,山形県,米沢市,簗沢
9920074,ヤマガタケン,ヨネザワシ,ヤライ,山形県,米沢市,矢来
9920062,ヤマガタケン,ヨネザワシ,リンセンジ,山形県,米沢市,林泉寺
9920091,ヤマガタケン,ヨネザワシ,ロクゴウマチキリバラ,山形県,米沢市,六郷町桐原
9920094,ヤマガタケン,ヨネザワシ,ロクゴウマチトドロキ,山形県,米沢市,六郷町轟
9920096,ヤマガタケン,ヨネザワシ,ロクゴウマチナガハシ,山形県,米沢市,六郷町長橋
9920092,ヤマガタケン,ヨネザワシ,ロクゴウマチニシエマタ,山形県,米沢市,六郷町西江股
9920093,ヤマガタケン,ヨネザワシ,ロクゴウマチニシフジイズミ,山形県,米沢市,六郷町西藤泉
9920095,ヤマガタケン,ヨネザワシ,ロクゴウマチヒトツウルシ,山形県,米沢市,六郷町一漆
9970000,ヤマガタケン,ツルオカシ,イカニケイサイガナイバアイ,山形県,鶴岡市,以下に掲載がない場合
9970832,ヤマガタケン,ツルオカシ,アオヤギチョウ,山形県,鶴岡市,青柳町
9997205,ヤマガタケン,ツルオカシ,アツミ,山形県,鶴岡市,温海
9997312,ヤマガタケン,ツルオカシ,アツミガワ,山形県,鶴岡市,温海川
9971205,ヤマガタケン,ツルオカシ,アブラト,山形県,鶴岡市,油戸
9970051,ヤマガタケン,ツルオカシ,アライキョウデン,山形県,鶴岡市,荒井京田
9970621,ヤマガタケン,ツルオカシ,アラサワ,山形県,鶴岡市,荒沢
9997673,ヤマガタケン,ツルオカシ,アラマタ,山形県,鶴岡市,荒俣
9997682,ヤマガタケン,ツルオカシ,アラヤシキ,山形県,鶴岡市,新屋敷
9970057,ヤマガタケン,ツルオカシ,アンタン,山形県,鶴岡市,安丹
9970755,ヤマガタケン,ツルオカシ,イサゴダニ,山形県,鶴岡市,砂谷
9970033,ヤマガタケン,ツルオカシ,イズミマチ,山形県,鶴岡市,泉町
9970802,ヤマガタケン,ツルオカシ,イセハラマチ,山形県,鶴岡市,伊勢原町
9970803,ヤマガタケン,ツルオカシ,イセヨコウチ,山形県,鶴岡市,伊勢横内
9970331,ヤマガタケン,ツルオカシ,イタイガワ,山形県,鶴岡市,板井川
9970834,ヤマガタケン,ツルオカシ,イナオイ,山形県,鶴岡市,稲生
9970842,ヤマガタケン,ツルオカシ,イノオカ,山形県,鶴岡市,井岡
9971206,ヤマガタケン,ツルオカシ,イマイズミ,山形県,鶴岡市,今泉
9997207,ヤマガタケン,ツルオカシ,イラガワ,山形県,鶴岡市,五十川
9971125,ヤマガタケン,ツルオカシ,ウママチ,山形県,鶴岡市,馬町
9997635,ヤマガタケン,ツルオカシ,エチゴキョウデン,山形県,鶴岡市,越後京田
9970403,ヤマガタケン,ツルオカシ,エッチュウヤマ,山形県,鶴岡市,越中山
9970823,ヤマガタケン,ツルオカシ,エビジママチ,山形県,鶴岡市,海老島町
9970531,ヤマガタケン,ツルオカシ,オオアミ,山形県,鶴岡市,大網
9997547,ヤマガタケン,ツルオカシ,オオアラ,山形県,鶴岡市,大荒
9997123,ヤマガタケン,ツルオカシ,オオイワガワ,山形県,鶴岡市,大岩川
9997661,ヤマガタケン,ツルオカシ,オオカワド,山形県,鶴岡市,大川渡
9970047,ヤマガタケン,ツルオカシ,オオツカマチ,山形県,鶴岡市,大塚町
9970622,ヤマガタケン,ツルオカシ,オオトリ,山形県,鶴岡市,大鳥
9970831,ヤマガタケン,ツルオカシ,オオニシマチ,山形県,鶴岡市,大西町
9970414,ヤマガタケン,ツルオカシ,オオバリ,山形県,鶴岡市,大針
9997543,ヤマガタケン,ツルオカシ,オオヒロ,山形県,鶴岡市,大広
9971124,ヤマガタケン,ツルオカシ,オオヤマ（チョウメ）,山形県,鶴岡市,大山（丁目）
9971121,ヤマガタケン,ツルオカシ,オオヤマ（ソノタ）,山形県,鶴岡市,大山（その他）
9970854,ヤマガタケン,ツルオカシ,オオヨドカワ,山形県,鶴岡市,大淀川
9970843,ヤマガタケン,ツルオカシ,オカヤマ,山形県,鶴岡市,岡山
9970806,ヤマガタケン,ツルオカシ,オガワラ,山形県,鶴岡市,遠賀原
9997316,ヤマガタケン,ツルオカシ,オグニ,山形県,鶴岡市,小国
9997125,ヤマガタケン,ツルオカシ,オナベ,山形県,鶴岡市,小名部
9971116,ヤマガタケン,ツルオカシ,オモノヤマ,山形県,鶴岡市,面野山
9970052,ヤマガタケン,ツルオカシ,カクガンジ,山形県,鶴岡市,覚岸寺
9997461,ヤマガタケン,ツルオカシ,カタノリザワ,山形県,鶴岡市,堅苔沢
9970036,ヤマガタケン,ツルオカシ,カチュウシンマチ,山形県,鶴岡市,家中新町
9970343,ヤマガタケン,ツルオカシ,カツラアラマタ,山形県,鶴岡市,桂荒俣
9970365,ヤマガタケン,ツルオカシ,カナヤ,山形県,鶴岡市,金谷
9971203,ヤマガタケン,ツルオカシ,カネザワ,山形県,鶴岡市,金沢
9970847,ヤマガタケン,ツルオカシ,カミシミズ,山形県,鶴岡市,上清水
9970623,ヤマガタケン,ツルオカシ,カミタザワ,山形県,鶴岡市,上田沢
9997664,ヤマガタケン,ツルオカシ,カミナカノメ,山形県,鶴岡市,上中野目
9970405,ヤマガタケン,ツルオカシ,カミナガワ,山形県,鶴岡市,上名川
9970032,ヤマガタケン,ツルオカシ,カミハタマチ,山形県,鶴岡市,上畑町
9997611,ヤマガタケン,ツルオカシ,カミフジシマ,山形県,鶴岡市,上藤島
9970346,ヤマガタケン,ツルオカシ,カミヤマゾエ,山形県,鶴岡市,上山添
9970367,ヤマガタケン,ツルオカシ,カミヤマヤ,山形県,鶴岡市,上山谷
9971204,ヤマガタケン,ツルオカシ,カモ,山形県,鶴岡市,加茂
9970805,ヤマガタケン,ツルオカシ,ガロウバヤシ,山形県,鶴岡市,我老林
9997644,ヤマガタケン,ツルオカシ,カワシリ,山形県,鶴岡市,川尻
9970053,ヤマガタケン,ツルオカシ,キタキョウデン,山形県,鶴岡市,北京田
9970038,ヤマガタケン,ツルオカシ,キタチワラマチ,山形県,鶴岡市,北茅原町
9997313,ヤマガタケン,ツルオカシ,キノマタ,山形県,鶴岡市,木野俣
9970022,ヤマガタケン,ツルオカシ,キリゾエマチ,山形県,鶴岡市,切添町
9997646,ヤマガタケン,ツルオカシ,クドウ,山形県,鶴岡市,工藤
9970411,ヤマガタケン,ツルオカシ,クマイデ,山形県,鶴岡市,熊出
9970624,ヤマガタケン,ツルオカシ,クラサワ,山形県,鶴岡市,倉沢
9970311,ヤマガタケン,ツルオカシ,クロカワ,山形県,鶴岡市,黒川
9997122,ヤマガタケン,ツルオカシ,コイワガワ,山形県,鶴岡市,小岩川
9997314,ヤマガタケン,ツルオカシ,コエサワ,山形県,鶴岡市,越沢
9970005,ヤマガタケン,ツルオカシ,コキョウデン,山形県,鶴岡市,小京田
9997206,ヤマガタケン,ツルオカシ,コスガノダイ,山形県,鶴岡市,小菅野代
9970363,ヤマガタケン,ツルオカシ,コトブキ,山形県,鶴岡市,寿
9997632,ヤマガタケン,ツルオカシ,コナカジマ,山形県,鶴岡市,小中島
9997462,ヤマガタケン,ツルオカシ,コバト,山形県,鶴岡市,小波渡
9970825,ヤマガタケン,ツルオカシ,コマギハラマチ,山形県,鶴岡市,小真木原町
9970853,ヤマガタケン,ツルオカシ,コヨドカワ,山形県,鶴岡市,小淀川
9970804,ヤマガタケン,ツルオカシ,サイトウガワラ,山形県,鶴岡市,斎藤川原
9970757,ヤマガタケン,ツルオカシ,サカノシタ,山形県,鶴岡市,坂野下
9997651,ヤマガタケン,ツルオカシ,サギハタ,山形県,鶴岡市,鷺畑
9970861,ヤマガタケン,ツルオカシ,サクラシンマチ,山形県,鶴岡市,桜新町
9970821,ヤマガタケン,ツルオカシ,サンコウチョウ,山形県,鶴岡市,三光町
9997463,ヤマガタケン,ツルオカシ,サンゼ,山形県,鶴岡市,三瀬
9970342,ヤマガタケン,ツルオカシ,サンゼンガリ,山形県,鶴岡市,三千刈
9970028,ヤマガタケン,ツルオカシ,サンノウマチ,山形県,鶴岡市,山王町
9970848,ヤマガタケン,ツルオカシ,シミズシンデン,山形県,鶴岡市,清水新田
9971117,ヤマガタケン,ツルオカシ,シモガワ,山形県,鶴岡市,下川
9971133,ヤマガタケン,ツルオカシ,シモコウヤ,山形県,鶴岡市,下興屋
9971134,ヤマガタケン,ツルオカシ,シモコナカ,山形県,鶴岡市,下小中
9970845,ヤマガタケン,ツルオカシ,シモシミズ,山形県,鶴岡市,下清水
9970625,ヤマガタケン,ツルオカシ,シモタザワ,山形県,鶴岡市,下田沢
9997637,ヤマガタケン,ツルオカシ,シモナカノメ,山形県,鶴岡市,下中野目
9970404,ヤマガタケン,ツルオカシ,シモナガワ,山形県,鶴岡市,下名川
9970341,ヤマガタケン,ツルオカシ,シモヤマゾエ,山形県,鶴岡市,下山添
9970351,ヤマガタケン,ツルオカシ,ショウフクジ,山形県,鶴岡市,勝福寺
9970814,ヤマガタケン,ツルオカシ,ジョウナンマチ,山形県,鶴岡市,城南町
9970041,ヤマガタケン,ツルオカシ,ジョウホクマチ,山形県,鶴岡市,城北町
9970368,ヤマガタケン,ツルオカシ,ショウリュウジ,山形県,鶴岡市,青龍寺
9970754,ヤマガタケン,ツルオカシ,ショウレンジ,山形県,鶴岡市,少連寺
9970027,ヤマガタケン,ツルオカシ,ショウワマチ,山形県,鶴岡市,昭和町
9970841,ヤマガタケン,ツルオカシ,シラヤマ,山形県,鶴岡市,白山
9970044,ヤマガタケン,ツルオカシ,シンカイマチ,山形県,鶴岡市,新海町
9970852,ヤマガタケン,ツルオカシ,シンサイブ,山形県,鶴岡市,新斎部
9970811,ヤマガタケン,ツルオカシ,シンメイチョウ,山形県,鶴岡市,神明町
9970015,ヤマガタケン,ツルオカシ,スエヒロマチ,山形県,鶴岡市,末広町
9997311,ヤマガタケン,ツルオカシ,スガノダイ,山形県,鶴岡市,菅野代
9970415,ヤマガタケン,ツルオカシ,スナガワ,山形県,鶴岡市,砂川
9970839,ヤマガタケン,ツルオカシ,スナダマチ,山形県,鶴岡市,砂田町
9997685,ヤマガタケン,ツルオカシ,スナヅカ,山形県,鶴岡市,砂塚
9997633,ヤマガタケン,ツルオカシ,スバシリ,山形県,鶴岡市,須走
9997315,ヤマガタケン,ツルオカシ,セキガワ,山形県,鶴岡市,関川
9970758,ヤマガタケン,ツルオカシ,セキネ,山形県,鶴岡市,関根
9970813,ヤマガタケン,ツルオカシ,センゴクマチ,山形県,鶴岡市,千石町
9996652,ヤマガタケン,ツルオカシ,ソエガワ（ワタトザワ＜タケノコザワオンセン＞）,山形県,鶴岡市,添川（渡戸沢「筍沢温泉」）
9997652,ヤマガタケン,ツルオカシ,ソエガワ（ソノタ）,山形県,鶴岡市,添川（その他）
9970026,ヤマガタケン,ツルオカシ,ダイトウマチ,山形県,鶴岡市,大東町
9997677,ヤマガタケン,ツルオカシ,ダイハンダ,山形県,鶴岡市,大半田
9970049,ヤマガタケン,ツルオカシ,ダイブマチ,山形県,鶴岡市,大部町
9970117,ヤマガタケン,ツルオカシ,ダイホウジ（ナカノ）,山形県,鶴岡市,大宝寺（中野）
9970017,ヤマガタケン,ツルオカシ,ダイホウジ（ソノタ）,山形県,鶴岡市,大宝寺（その他）
9970369,ヤマガタケン,ツルオカシ,タカサカ,山形県,鶴岡市,高坂
9970054,ヤマガタケン,ツルオカシ,タカダ,山形県,鶴岡市,高田
9970011,ヤマガタケン,ツルオカシ,タカラダ,山形県,鶴岡市,宝田
9970021,ヤマガタケン,ツルオカシ,タカラマチ,山形県,鶴岡市,宝町
9970753,ヤマガタケン,ツルオカシ,タガワ,山形県,鶴岡市,田川
9970364,ヤマガタケン,ツルオカシ,タキザワ,山形県,鶴岡市,滝沢
9997663,ヤマガタケン,ツルオカシ,タコイコウヤ,山形県,鶴岡市,蛸井興屋
9970302,ヤマガタケン,ツルオカシ,タシロ,山形県,鶴岡市,田代
9970366,ヤマガタケン,ツルオカシ,タニサダ,山形県,鶴岡市,谷定
9970532,ヤマガタケン,ツルオカシ,タムギマタ,山形県,鶴岡市,田麦俣
9970303,ヤマガタケン,ツルオカシ,タラノキダイ,山形県,鶴岡市,たらのき代
9970014,ヤマガタケン,ツルオカシ,ダイホウジマチ,山形県,鶴岡市,大宝寺町
9971114,ヤマガタケン,ツルオカシ,チヤスキョウデン,山形県,鶴岡市,千安京田
9970812,ヤマガタケン,ツルオカシ,チョウジャマチ,山形県,鶴岡市,長者町
9970024,ヤマガタケン,ツルオカシ,チョウヨウマチ,山形県,鶴岡市,朝暘町
9970019,ヤマガタケン,ツルオカシ,チワラ,山形県,鶴岡市,茅原
9970018,ヤマガタケン,ツルオカシ,チワラマチ,山形県,鶴岡市,茅原町
9971115,ヤマガタケン,ツルオカシ,ツジコウヤ,山形県,鶴岡市,辻興屋
9970836,ヤマガタケン,ツルオカシ,テラダ,山形県,鶴岡市,寺田
9970012,ヤマガタケン,ツルオカシ,ドウガタ,山形県,鶴岡市,道形
9970013,ヤマガタケン,ツルオカシ,ドウガタマチ,山形県,鶴岡市,道形町
9970333,ヤマガタケン,ツルオカシ,トキワギ,山形県,鶴岡市,常盤木
9997202,ヤマガタケン,ツルオカシ,トザワ,山形県,鶴岡市,戸沢
9971132,ヤマガタケン,ツルオカシ,トチヤ,山形県,鶴岡市,栃屋
9970815,ヤマガタケン,ツルオカシ,トノジマ,山形県,鶴岡市,外内島
9971122,ヤマガタケン,ツルオカシ,トモエ,山形県,鶴岡市,友江
9971123,ヤマガタケン,ツルオカシ,トモエマチ,山形県,鶴岡市,友江町
9970007,ヤマガタケン,ツルオカシ,トヨダ,山形県,鶴岡市,豊田
9970023,ヤマガタケン,ツルオカシ,トリイマチ,山形県,鶴岡市,鳥居町
9970808,ヤマガタケン,ツルオカシ,ナエヅ,山形県,鶴岡市,苗津
9970809,ヤマガタケン,ツルオカシ,ナエヅマチ,山形県,鶴岡市,苗津町
9970009,ヤマガタケン,ツルオカシ,ナカキョウデン,山形県,鶴岡市,中京田
9997546,ヤマガタケン,ツルオカシ,ナカザワ,山形県,鶴岡市,中沢
9970846,ヤマガタケン,ツルオカシ,ナカシミズ,山形県,鶴岡市,中清水
9970345,ヤマガタケン,ツルオカシ,ナカダ,山形県,鶴岡市,中田
9971135,ヤマガタケン,ツルオカシ,ナカダテ,山形県,鶴岡市,中楯
9997621,ヤマガタケン,ツルオカシ,ナガヌマ,山形県,鶴岡市,長沼
9970056,ヤマガタケン,ツルオカシ,ナカノキョウデン,山形県,鶴岡市,中野京田
9970401,ヤマガタケン,ツルオカシ,ナカノシンデン,山形県,鶴岡市,中野新田
9970362,ヤマガタケン,ツルオカシ,ナカハシ,山形県,鶴岡市,中橋
9997544,ヤマガタケン,ツルオカシ,ナカヤマ,山形県,鶴岡市,中山
9970413,ヤマガタケン,ツルオカシ,ナメザワ,山形県,鶴岡市,行沢
9971113,ヤマガタケン,ツルオカシ,ナガサキ,山形県,鶴岡市,長崎
9970042,ヤマガタケン,ツルオカシ,ニイガタマチ,山形県,鶴岡市,新形町
9970332,ヤマガタケン,ツルオカシ,ニシアラヤ,山形県,鶴岡市,西荒屋
9970323,ヤマガタケン,ツルオカシ,ニシカタヤ,山形県,鶴岡市,西片屋
9970031,ヤマガタケン,ツルオカシ,ニシキマチ,山形県,鶴岡市,錦町
9970055,ヤマガタケン,ツルオカシ,ニシキョウデン,山形県,鶴岡市,西京田
9970045,ヤマガタケン,ツルオカシ,ニシシンサイマチ,山形県,鶴岡市,西新斎町
9970039,ヤマガタケン,ツルオカシ,ニシチワラマチ,山形県,鶴岡市,西茅原町
9971112,ヤマガタケン,ツルオカシ,ニシヌマ,山形県,鶴岡市,西沼
9997541,ヤマガタケン,ツルオカシ,ニシメ,山形県,鶴岡市,西目
9970851,ヤマガタケン,ツルオカシ,ヌノメ,山形県,鶴岡市,布目
9997126,ヤマガタケン,ツルオカシ,ネズガセキ,山形県,鶴岡市,鼠ケ関
9970819,ヤマガタケン,ツルオカシ,ノゾミマチ,山形県,鶴岡市,のぞみ町
9997636,ヤマガタケン,ツルオカシ,ノダノメ,山形県,鶴岡市,野田目
9970167,ヤマガタケン,ツルオカシ,ハグロマチアカガワ,山形県,鶴岡市,羽黒町赤川
9970141,ヤマガタケン,ツルオカシ,ハグロマチアラカワ,山形県,鶴岡市,羽黒町荒川
9970155,ヤマガタケン,ツルオカシ,ハグロマチイシノシンデン,山形県,鶴岡市,羽黒町石野新田
9970123,ヤマガタケン,ツルオカシ,ハグロマチイチノヤマ,山形県,鶴岡市,羽黒町市野山
9970152,ヤマガタケン,ツルオカシ,ハグロマチイノマタシンデン,山形県,鶴岡市,羽黒町猪俣新田
9970157,ヤマガタケン,ツルオカシ,ハグロマチウシロダ,山形県,鶴岡市,羽黒町後田
9970142,ヤマガタケン,ツルオカシ,ハグロマチウワノシンデン,山形県,鶴岡市,羽黒町上野新田
9970122,ヤマガタケン,ツルオカシ,ハグロマチオオグチ,山形県,鶴岡市,羽黒町大口
9970161,ヤマガタケン,ツルオカシ,ハグロマチオサエグチ,山形県,鶴岡市,羽黒町押口
9970108,ヤマガタケン,ツルオカシ,ハグロマチカナモリメ,山形県,鶴岡市,羽黒町金森目
9970163,ヤマガタケン,ツルオカシ,ハグロマチカリヤノメ,山形県,鶴岡市,羽黒町狩谷野目
9970131,ヤマガタケン,ツルオカシ,ハグロマチカワダイ,山形県,鶴岡市,羽黒町川代
9970105,ヤマガタケン,ツルオカシ,ハグロマチカワツラ,山形県,鶴岡市,羽黒町川行
9970151,ヤマガタケン,ツルオカシ,ハグロマチクロセ,山形県,鶴岡市,羽黒町黒瀬
9970107,ヤマガタケン,ツルオカシ,ハグロマチコマスガワ,山形県,鶴岡市,羽黒町小増川
9970104,ヤマガタケン,ツルオカシ,ハグロマチサカノシタ,山形県,鶴岡市,羽黒町坂ノ下
9970127,ヤマガタケン,ツルオカシ,ハグロマチジュウモンジ,山形県,鶴岡市,羽黒町十文字
9970125,ヤマガタケン,ツルオカシ,ハグロマチセンドウ,山形県,鶴岡市,羽黒町仙道
9970106,ヤマガタケン,ツルオカシ,ハグロマチソメコウヤ,山形県,鶴岡市,羽黒町染興屋
9970153,ヤマガタケン,ツルオカシ,ハグロマチタカデラ,山形県,鶴岡市,羽黒町高寺
9970121,ヤマガタケン,ツルオカシ,ハグロマチタマガワ,山形県,鶴岡市,羽黒町玉川
9970211,ヤマガタケン,ツルオカシ,ハグロマチトウゲ,山形県,鶴岡市,羽黒町手向
9970103,ヤマガタケン,ツルオカシ,ハグロマチトノ,山形県,鶴岡市,羽黒町戸野
9970165,ヤマガタケン,ツルオカシ,ハグロマチトミザワ,山形県,鶴岡市,羽黒町富沢
9970102,ヤマガタケン,ツルオカシ,ハグロマチナカザト,山形県,鶴岡市,羽黒町中里
9970126,ヤマガタケン,ツルオカシ,ハグロマチノアラマチ,山形県,鶴岡市,羽黒町野荒町
9970143,ヤマガタケン,ツルオカシ,ハグロマチノダ,山形県,鶴岡市,羽黒町野田
9970164,ヤマガタケン,ツルオカシ,ハグロマチヒルダ,山形県,鶴岡市,羽黒町昼田
9970162,ヤマガタケン,ツルオカシ,ハグロマチホソヤ,山形県,鶴岡市,羽黒町細谷
9970124,ヤマガタケン,ツルオカシ,ハグロマチマスカワシンデン,山形県,鶴岡市,羽黒町増川新田
9970101,ヤマガタケン,ツルオカシ,ハグロマチマチヤ,山形県,鶴岡市,羽黒町町屋
9970156,ヤマガタケン,ツルオカシ,ハグロマチマツオ,山形県,鶴岡市,羽黒町松尾
9970158,ヤマガタケン,ツルオカシ,ハグロマチマツガオカ,山形県,鶴岡市,羽黒町松ケ岡
9970154,ヤマガタケン,ツルオカシ,ハグロマチマワタリノウチシモ,山形県,鶴岡市,羽黒町馬渡ノ内下
9970166,ヤマガタケン,ツルオカシ,ハグロマチミツハシ,山形県,鶴岡市,羽黒町三ツ橋
9970035,ヤマガタケン,ツルオカシ,ババチョウ,山形県,鶴岡市,馬場町
9970058,ヤマガタケン,ツルオカシ,ハヤシザキ,山形県,鶴岡市,林崎
9971111,ヤマガタケン,ツルオカシ,バラシンデン,山形県,鶴岡市,茨新田
9970002,ヤマガタケン,ツルオカシ,ハリマ,山形県,鶴岡市,播磨
9970835,ヤマガタケン,ツルオカシ,バンデン,山形県,鶴岡市,番田
9970824,ヤマガタケン,ツルオカシ,ヒエ,山形県,鶴岡市,日枝
9970344,ヤマガタケン,ツルオカシ,ヒガシアラヤ,山形県,鶴岡市,東荒屋
9970402,ヤマガタケン,ツルオカシ,ヒガシイワモト,山形県,鶴岡市,東岩本
9970043,ヤマガタケン,ツルオカシ,ヒガシシンサイマチ,山形県,鶴岡市,東新斎町
9970801,ヤマガタケン,ツルオカシ,ヒガシハラマチ,山形県,鶴岡市,東原町
9997653,ヤマガタケン,ツルオカシ,ヒガシホリコシ,山形県,鶴岡市,東堀越
9970756,ヤマガタケン,ツルオカシ,ヒガシメ,山形県,鶴岡市,東目
9971131,ヤマガタケン,ツルオカシ,ヒシヅ,山形県,鶴岡市,菱津
9997203,ヤマガタケン,ツルオカシ,ヒトカスミ,山形県,鶴岡市,一霞
9970025,ヤマガタケン,ツルオカシ,ヒノデ,山形県,鶴岡市,日出
9970029,ヤマガタケン,ツルオカシ,ヒヨシマチ,山形県,鶴岡市,日吉町
9970016,ヤマガタケン,ツルオカシ,ヒヨリダマチ,山形県,鶴岡市,日和田町
9997681,ヤマガタケン,ツルオカシ,ヒラカタ,山形県,鶴岡市,平形
9970008,ヤマガタケン,ツルオカシ,ヒラタ,山形県,鶴岡市,平田
9970006,ヤマガタケン,ツルオカシ,フクダ,山形県,鶴岡市,福田
9997638,ヤマガタケン,ツルオカシ,フジオカ,山形県,鶴岡市,藤岡
9970751,ヤマガタケン,ツルオカシ,フジサワ,山形県,鶴岡市,藤沢
9997601,ヤマガタケン,ツルオカシ,フジシマ,山形県,鶴岡市,藤島
9997642,ヤマガタケン,ツルオカシ,フジシマセキネ,山形県,鶴岡市,藤島関根
9997604,ヤマガタケン,ツルオカシ,フジナミ,山形県,鶴岡市,藤浪
9997602,ヤマガタケン,ツルオカシ,フジノハナ,山形県,鶴岡市,藤の花
9970822,ヤマガタケン,ツルオカシ,フタバチョウ,山形県,鶴岡市,双葉町
9970816,ヤマガタケン,ツルオカシ,フミゾノマチ,山形県,鶴岡市,文園町
9997671,ヤマガタケン,ツルオカシ,フルコオリ,山形県,鶴岡市,古郡
9970048,ヤマガタケン,ツルオカシ,ヘイキョウデン,山形県,鶴岡市,平京田
9971156,ヤマガタケン,ツルオカシ,ヘイセイマチ,山形県,鶴岡市,平成町
9997645,ヤマガタケン,ツルオカシ,ヘイソク,山形県,鶴岡市,平足
9997622,ヤマガタケン,ツルオカシ,ホウエイ,山形県,鶴岡市,豊栄
9970003,ヤマガタケン,ツルオカシ,ホウダシ,山形県,鶴岡市,文下
9997675,ヤマガタケン,ツルオカシ,ホウトク,山形県,鶴岡市,宝徳
9970321,ヤマガタケン,ツルオカシ,ホウヤ,山形県,鶴岡市,宝谷
9970862,ヤマガタケン,ツルオカシ,ホナミマチ,山形県,鶴岡市,ほなみ町
9970412,ヤマガタケン,ツルオカシ,ホンゴウ,山形県,鶴岡市,本郷
9970034,ヤマガタケン,ツルオカシ,ホンチョウ,山形県,鶴岡市,本町
9970004,ヤマガタケン,ツルオカシ,ホンデン,山形県,鶴岡市,本田
9997124,ヤマガタケン,ツルオカシ,マキダイ,山形県,鶴岡市,槇代
9997676,ヤマガタケン,ツルオカシ,マクノウチ,山形県,鶴岡市,幕野内
9970626,ヤマガタケン,ツルオカシ,マツザワ,山形県,鶴岡市,松沢
9970322,ヤマガタケン,ツルオカシ,マツネ,山形県,鶴岡市,松根
9970334,ヤマガタケン,ツルオカシ,マルオカ,山形県,鶴岡市,丸岡
9970301,ヤマガタケン,ツルオカシ,マワタリ,山形県,鶴岡市,馬渡
9970857,ヤマガタケン,ツルオカシ,ミサキマチ,山形県,鶴岡市,美咲町
9997542,ヤマガタケン,ツルオカシ,ミズサワ,山形県,鶴岡市,水沢
9997548,ヤマガタケン,ツルオカシ,ミズホ,山形県,鶴岡市,みずほ
9970837,ヤマガタケン,ツルオカシ,ミチダマチ,山形県,鶴岡市,道田町
9970046,ヤマガタケン,ツルオカシ,ミドリマチ,山形県,鶴岡市,みどり町
9970826,ヤマガタケン,ツルオカシ,ミハラマチ,山形県,鶴岡市,美原町
9997674,ヤマガタケン,ツルオカシ,ミマスシンデン,山形県,鶴岡市,箕升新田
9971202,ヤマガタケン,ツルオカシ,ミヤザワ,山形県,鶴岡市,宮沢
9997634,ヤマガタケン,ツルオカシ,ミワ,山形県,鶴岡市,三和
9970818,ヤマガタケン,ツルオカシ,ミワマチ,山形県,鶴岡市,三和町
9970361,ヤマガタケン,ツルオカシ,ミンデン,山形県,鶴岡市,民田
9970817,ヤマガタケン,ツルオカシ,ムツミマチ,山形県,鶴岡市,睦町
9970844,ヤマガタケン,ツルオカシ,モリカタ,山形県,鶴岡市,森片
9997631,ヤマガタケン,ツルオカシ,ヤイロギ,山形県,鶴岡市,八色木
9997662,ヤマガタケン,ツルオカシ,ヤチコウヤ,山形県,鶴岡市,谷地興屋
9970807,ヤマガタケン,ツルオカシ,ヤツゴウヤ,山形県,鶴岡市,八ツ興屋
9970833,ヤマガタケン,ツルオカシ,ヤナギダ,山形県,鶴岡市,柳田
9997672,ヤマガタケン,ツルオカシ,ヤナクセ,山形県,鶴岡市,柳久瀬
9970855,ヤマガタケン,ツルオカシ,ヤバセ,山形県,鶴岡市,矢馳
9997545,ヤマガタケン,ツルオカシ,ヤビキ,山形県,鶴岡市,矢引
9997201,ヤマガタケン,ツルオカシ,ヤマイラガワ,山形県,鶴岡市,山五十川
9970856,ヤマガタケン,ツルオカシ,ヤマダ,山形県,鶴岡市,山田
9997204,ヤマガタケン,ツルオカシ,ユアツミ,山形県,鶴岡市,湯温海
9997641,ヤマガタケン,ツルオカシ,ユズリハ,山形県,鶴岡市,楪
9970752,ヤマガタケン,ツルオカシ,ユタガワ,山形県,鶴岡市,湯田川
9970001,ヤマガタケン,ツルオカシ,ユノサワ,山形県,鶴岡市,湯野沢
9971201,ヤマガタケン,ツルオカシ,ユノハマ,山形県,鶴岡市,湯野浜
9997464,ヤマガタケン,ツルオカシ,ユラ,山形県,鶴岡市,由良
9970827,ヤマガタケン,ツルオカシ,ヨウコウマチ,山形県,鶴岡市,陽光町
9970010,ヤマガタケン,ツルオカシ,ヨケイマチ,山形県,鶴岡市,余慶町
9970838,ヤマガタケン,ツルオカシ,ヨドカワマチ,山形県,鶴岡市,淀川町
9997643,ヤマガタケン,ツルオカシ,ヨバラズ,山形県,鶴岡市,無音
9970037,ヤマガタケン,ツルオカシ,ワカバマチ,山形県,鶴岡市,若葉町
9997121,ヤマガタケン,ツルオカシ,ワサダ,山形県,鶴岡市,早田
9997683,ヤマガタケン,ツルオカシ,ワタマエ,山形県,鶴岡市,渡前
9997684,ヤマガタケン,ツルオカシ,ワナガワ,山形県,鶴岡市,和名川
9980000,ヤマガタケン,サカタシ,イカニケイサイガナイバアイ,山形県,酒田市,以下に掲載がない場合
9980032,ヤマガタケン,サカタシ,アイオイチョウ,山形県,酒田市,相生町
9996852,ヤマガタケン,サカタシ,アイサワ,山形県,酒田市,相沢
9998203,ヤマガタケン,サカタシ,アカハゲ,山形県,酒田市,赤剥
9980828,ヤマガタケン,サカタシ,アキホチョウ,山形県,酒田市,あきほ町
9980862,ヤマガタケン,サカタシ,アケボノチョウ,山形県,酒田市,曙町
9980021,ヤマガタケン,サカタシ,アサヒシンマチ,山形県,酒田市,旭新町
9996711,ヤマガタケン,サカタシ,アスカ,山形県,酒田市,飛鳥
9980875,ヤマガタケン,サカタシ,アズマチョウ,山形県,酒田市,東町
9996834,ヤマガタケン,サカタシ,アラマチ,山形県,酒田市,荒町
9980055,ヤマガタケン,サカタシ,イイモリヤマ,山形県,酒田市,飯森山
9996853,ヤマガタケン,サカタシ,イシナザカ,山形県,酒田市,石名坂
9996704,ヤマガタケン,サカタシ,イシバシ,山形県,酒田市,石橋
9996708,ヤマガタケン,サカタシ,イズミコウヤ,山形県,酒田市,泉興野
9980018,ヤマガタケン,サカタシ,イズミチョウ,山形県,酒田市,泉町
9997774,ヤマガタケン,サカタシ,イタド,山形県,酒田市,板戸
9998232,ヤマガタケン,サカタシ,イチジョウ,山形県,酒田市,市条
9980046,ヤマガタケン,サカタシ,イチバンチョウ,山形県,酒田市,一番町
9996826,ヤマガタケン,サカタシ,イナリザワ,山形県,酒田市,稲荷沢
9980836,ヤマガタケン,サカタシ,イリフネチョウ,山形県,酒田市,入船町
9996815,ヤマガタケン,サカタシ,ウスガサワ,山形県,酒田市,臼ケ沢
9996831,ヤマガタケン,サカタシ,ウチマチ,山形県,酒田市,内町
9998164,ヤマガタケン,サカタシ,ウルシゾネ,山形県,酒田市,漆曽根
9980022,ヤマガタケン,サカタシ,エキヒガシ,山形県,酒田市,駅東
9998153,ヤマガタケン,サカタシ,エンノウジ,山形県,酒田市,円能寺
9980802,ヤマガタケン,サカタシ,オイシ,山形県,酒田市,生石
9996813,ヤマガタケン,サカタシ,オオカワド,山形県,酒田市,大川渡
9998244,ヤマガタケン,サカタシ,オオクボ,山形県,酒田市,大久保
9998225,ヤマガタケン,サカタシ,オオシマダ,山形県,酒田市,大島田
9980877,ヤマガタケン,サカタシ,オオタシンデン,山形県,酒田市,大多新田
9980803,ヤマガタケン,サカタシ,オオツキシンデン,山形県,酒田市,大槻新田
9998133,ヤマガタケン,サカタシ,オオトヨダ,山形県,酒田市,大豊田
9996816,ヤマガタケン,サカタシ,オオヌマシンデン,山形県,酒田市,大沼新田
9980816,ヤマガタケン,サカタシ,オオノシンデン,山形県,酒田市,大野新田
9980064,ヤマガタケン,サカタシ,オオハマ,山形県,酒田市,大浜
9980859,ヤマガタケン,サカタシ,オオマチ,山形県,酒田市,大町
9980822,ヤマガタケン,サカタシ,オオミヤ,山形県,酒田市,大宮
9980824,ヤマガタケン,サカタシ,オオミヤチョウ,山形県,酒田市,大宮町
9998215,ヤマガタケン,サカタシ,オオワラビ,山形県,酒田市,大蕨
9998227,ヤマガタケン,サカタシ,オカシマダ,山形県,酒田市,岡島田
9980871,ヤマガタケン,サカタシ,オギジマ,山形県,酒田市,荻島
9997775,ヤマガタケン,サカタシ,オチノメ,山形県,酒田市,落野目
9980024,ヤマガタケン,サカタシ,オナリチョウ,山形県,酒田市,御成町
9996845,ヤマガタケン,サカタシ,オミ,山形県,酒田市,小見
9980823,ヤマガタケン,サカタシ,オロシマチ,山形県,酒田市,卸町
9996811,ヤマガタケン,サカタシ,カシヤザワ,山形県,酒田市,柏谷沢
9996838,ヤマガタケン,サカタシ,カタマチ,山形県,酒田市,片町
9980818,ヤマガタケン,サカタシ,ガツボゼキ,山形県,酒田市,勝保関
9997772,ヤマガタケン,サカタシ,カドタ,山形県,酒田市,門田
9996837,ヤマガタケン,サカタシ,カナヤ,山形県,酒田市,金谷
9998212,ヤマガタケン,サカタシ,カミアオサワ,山形県,酒田市,上青沢
9996843,ヤマガタケン,サカタシ,カミキタメ,山形県,酒田市,上北目
9998206,ヤマガタケン,サカタシ,カミクロカワ,山形県,酒田市,上黒川
9998163,ヤマガタケン,サカタシ,カミコウヤ,山形県,酒田市,上興野
9998162,ヤマガタケン,サカタシ,カミノソネ,山形県,酒田市,上野曽根
9980042,ヤマガタケン,サカタシ,カミホンチョウ,山形県,酒田市,上本町
9996842,ヤマガタケン,サカタシ,カミモチヤマ,山形県,酒田市,上餅山
9998152,ヤマガタケン,サカタシ,カミヤスダ,山形県,酒田市,上安田
9980011,ヤマガタケン,サカタシ,カミヤスチョウ,山形県,酒田市,上安町
9980842,ヤマガタケン,サカタシ,カメガサキ,山形県,酒田市,亀ケ崎
9998143,ヤマガタケン,サカタシ,カリホ,山形県,酒田市,刈穂
9998132,ヤマガタケン,サカタシ,カリヤ,山形県,酒田市,刈屋
9998235,ヤマガタケン,サカタシ,カンノンジ,山形県,酒田市,観音寺
9997773,ヤマガタケン,サカタシ,キガワ,山形県,酒田市,木川
9998211,ヤマガタケン,サカタシ,キタアオサワ,山形県,酒田市,北青沢
9980027,ヤマガタケン,サカタシ,キタイママチ,山形県,酒田市,北今町
9980028,ヤマガタケン,サカタシ,キタザトチョウ,山形県,酒田市,北里町
9980801,ヤマガタケン,サカタシ,キタザワ,山形県,酒田市,北沢
9998243,ヤマガタケン,サカタシ,キタジンデン,山形県,酒田市,北仁田
9980865,ヤマガタケン,サカタシ,キタシンバシ,山形県,酒田市,北新橋
9980062,ヤマガタケン,サカタシ,キタシンマチ,山形県,酒田市,北新町
9980016,ヤマガタケン,サカタシ,キタセンニチチョウ,山形県,酒田市,北千日町
9980015,ヤマガタケン,サカタシ,キタセンニチドウマエ,山形県,酒田市,北千日堂前
9980072,ヤマガタケン,サカタシ,キタハマチョウ,山形県,酒田市,北浜町
9998222,ヤマガタケン,サカタシ,キタヘイザワ,山形県,酒田市,北平沢
9996741,ヤマガタケン,サカタシ,キタマタ,山形県,酒田市,北俣
9996833,ヤマガタケン,サカタシ,キタマチ,山形県,酒田市,北町
9998142,ヤマガタケン,サカタシ,キノワ,山形県,酒田市,城輪
9980102,ヤマガタケン,サカタシ,キョウデン,山形県,酒田市,京田
9980827,ヤマガタケン,サカタシ,クサカリヤチ,山形県,酒田市,草刈谷地
9998207,ヤマガタケン,サカタシ,クサツ,山形県,酒田市,草津
9998156,ヤマガタケン,サカタシ,クボタ,山形県,酒田市,久保田
9980817,ヤマガタケン,サカタシ,クマテジマ,山形県,酒田市,熊手島
9980819,ヤマガタケン,サカタシ,クマノダ,山形県,酒田市,熊野田
9996835,ヤマガタケン,サカタシ,クラコウジ,山形県,酒田市,蔵小路
9980111,ヤマガタケン,サカタシ,クロモリ,山形県,酒田市,黒森
9980878,ヤマガタケン,サカタシ,コアラ,山形県,酒田市,こあら
9980876,ヤマガタケン,サカタシ,コアラシンデン,山形県,酒田市,古荒新田
9998234,ヤマガタケン,サカタシ,コイズミ,山形県,酒田市,小泉
9980104,ヤマガタケン,サカタシ,コウエイチョウ,山形県,酒田市,広栄町
9996707,ヤマガタケン,サカタシ,コオリヤマ,山形県,酒田市,郡山
9980852,ヤマガタケン,サカタシ,コガネチョウ,山形県,酒田市,こがね町
9980035,ヤマガタケン,サカタシ,コトブキチョウ,山形県,酒田市,寿町
9996735,ヤマガタケン,サカタシ,コバヤシ,山形県,酒田市,小林
9980815,ヤマガタケン,サカタシ,コマギ,山形県,酒田市,小牧
9980814,ヤマガタケン,サカタシ,コマギシンデン,山形県,酒田市,小牧新田
9980071,ヤマガタケン,サカタシ,コミナトチョウ,山形県,酒田市,古湊町
9980023,ヤマガタケン,サカタシ,サイワイチョウ,山形県,酒田市,幸町
9980806,ヤマガタケン,サカタシ,サカイコウヤ,山形県,酒田市,境興野
9980003,ヤマガタケン,サカタシ,サカイシンデン,山形県,酒田市,酒井新田
9980026,ヤマガタケン,サカタシ,サカエチョウ,山形県,酒田市,栄町
9996836,ヤマガタケン,サカタシ,サカナマチ,山形県,酒田市,肴町
9980101,ヤマガタケン,サカタシ,サカノベシンデン,山形県,酒田市,坂野辺新田
9996705,ヤマガタケン,サカタシ,サクラバヤシ,山形県,酒田市,桜林
9996706,ヤマガタケン,サカタシ,サクラバヤシコウヤ,山形県,酒田市,桜林興野
9996701,ヤマガタケン,サカタシ,サゴシ,山形県,酒田市,砂越
9996702,ヤマガタケン,サカタシ,サゴシミドリチョウ,山形県,酒田市,砂越緑町
9980838,ヤマガタケン,サカタシ,サンキョマチ,山形県,酒田市,山居町
9996723,ヤマガタケン,サカタシ,サンノミヤ,山形県,酒田市,三之宮
9980837,ヤマガタケン,サカタシ,シタセ,山形県,酒田市,下瀬
9996814,ヤマガタケン,サカタシ,ジミコウヤ,山形県,酒田市,地見興屋
9998213,ヤマガタケン,サカタシ,シモアオサワ,山形県,酒田市,下青沢
9998205,ヤマガタケン,サカタシ,シモクロカワ,山形県,酒田市,下黒川
9996846,ヤマガタケン,サカタシ,シモモチヤマ,山形県,酒田市,下餅山
9980012,ヤマガタケン,サカタシ,シモヤスチョウ,山形県,酒田市,下安町
9980114,ヤマガタケン,サカタシ,ジュウリヅカ,山形県,酒田市,十里塚
9998214,ヤマガタケン,サカタシ,ジョウゼンジ,山形県,酒田市,常禅寺
9996823,ヤマガタケン,サカタシ,シンガクジサワ,山形県,酒田市,真学寺沢
9998204,ヤマガタケン,サカタシ,シンデ,山形県,酒田市,新出
9980864,ヤマガタケン,サカタシ,シンバシ,山形県,酒田市,新橋
9996837,ヤマガタケン,サカタシ,シンマチ,山形県,酒田市,新町
9996832,ヤマガタケン,サカタシ,シンヤシキ,山形県,酒田市,新屋敷
9980854,ヤマガタケン,サカタシ,スエヒロチョウ,山形県,酒田市,末広町
9980029,ヤマガタケン,サカタシ,スミヨシチョウ,山形県,酒田市,住吉町
9980805,ヤマガタケン,サカタシ,セキ,山形県,酒田市,関
9998246,ヤマガタケン,サカタシ,セツダ,山形県,酒田市,芹田
9980843,ヤマガタケン,サカタシ,センゴクチョウ,山形県,酒田市,千石町
9980014,ヤマガタケン,サカタシ,センニチチョウ,山形県,酒田市,千日町
9996831,ヤマガタケン,サカタシ,ソウコウジサワ,山形県,酒田市,総光寺沢
9998155,ヤマガタケン,サカタシ,ソネダ,山形県,酒田市,曽根田
9980075,ヤマガタケン,サカタシ,タカサゴ,山形県,酒田市,高砂
9980051,ヤマガタケン,サカタシ,タカミダイ,山形県,酒田市,高見台
9996848,ヤマガタケン,サカタシ,タケダ,山形県,酒田市,竹田
9996731,ヤマガタケン,サカタシ,タザワ,山形県,酒田市,田沢
9996732,ヤマガタケン,サカタシ,タテヤマ,山形県,酒田市,楯山
9980033,ヤマガタケン,サカタシ,チュウオウヒガシマチ,山形県,酒田市,中央東町
9980034,ヤマガタケン,サカタシ,チュウオウニシマチ,山形県,酒田市,中央西町
9998422,ヤマガタケン,サカタシ,チヨダ,山形県,酒田市,千代田
9998245,ヤマガタケン,サカタシ,ツカブチ,山形県,酒田市,塚淵
9980873,ヤマガタケン,サカタシ,ツチザキ,山形県,酒田市,土崎
9996839,ヤマガタケン,サカタシ,ツチブチ,山形県,酒田市,土渕
9980835,ヤマガタケン,サカタシ,ツツミチョウ,山形県,酒田市,堤町
9997771,ヤマガタケン,サカタシ,ツボネ,山形県,酒田市,局
9998168,ヤマガタケン,サカタシ,ツルタ,山形県,酒田市,鶴田
9980811,ヤマガタケン,サカタシ,テグラダ,山形県,酒田市,手蔵田
9998221,ヤマガタケン,サカタシ,テラダ,山形県,酒田市,寺田
9996703,ヤマガタケン,サカタシ,テンジンドウ,山形県,酒田市,天神堂
9980856,ヤマガタケン,サカタシ,トウエイチョウ,山形県,酒田市,東栄町
9980281,ヤマガタケン,サカタシ,トビシマ,山形県,酒田市,飛島
9980004,ヤマガタケン,サカタシ,トヨサト,山形県,酒田市,豊里
9998141,ヤマガタケン,サカタシ,トヨハラ,山形県,酒田市,豊原
9998202,ヤマガタケン,サカタシ,ドロザワ,山形県,酒田市,泥沢
9996844,ヤマガタケン,サカタシ,ナカキタメ,山形県,酒田市,中北目
9980872,ヤマガタケン,サカタシ,ナカノシンデン,山形県,酒田市,中野新田
9998165,ヤマガタケン,サカタシ,ナカノソネ,山形県,酒田市,中野曽根
9996727,ヤマガタケン,サカタシ,ナカノマタ,山形県,酒田市,中野俣
9996722,ヤマガタケン,サカタシ,ナカノメ,山形県,酒田市,中野目
9996851,ヤマガタケン,サカタシ,ナカマキタ,山形県,酒田市,中牧田
9980044,ヤマガタケン,サカタシ,ナカマチ,山形県,酒田市,中町
9996827,ヤマガタケン,サカタシ,ナカマチ,山形県,酒田市,仲町
9996712,ヤマガタケン,サカタシ,ナラハシ,山形県,酒田市,楢橋
9996812,ヤマガタケン,サカタシ,ナリコウヤ,山形県,酒田市,成興野
9998157,ヤマガタケン,サカタシ,ニイアオド,山形県,酒田市,新青渡
9980041,ヤマガタケン,サカタシ,ニイダマチ,山形県,酒田市,新井田町
9997776,ヤマガタケン,サカタシ,ニイボリ,山形県,酒田市,新堀
9980103,ヤマガタケン,サカタシ,ニシキチョウ,山形県,酒田市,錦町
9996733,ヤマガタケン,サカタシ,ニシサカモト,山形県,酒田市,西坂本
9996862,ヤマガタケン,サカタシ,ニシダ,山形県,酒田市,西田
9980017,ヤマガタケン,サカタシ,ニシノマチ,山形県,酒田市,西野町
9980829,ヤマガタケン,サカタシ,ニスケヤチ,山形県,酒田市,仁助谷地
9980045,ヤマガタケン,サカタシ,ニバンチョウ,山形県,酒田市,二番町
9998144,ヤマガタケン,サカタシ,ニワタ,山形県,酒田市,庭田
9998158,ヤマガタケン,サカタシ,ヌノメ,山形県,酒田市,布目
9998242,ヤマガタケン,サカタシ,ハシモト,山形県,酒田市,橋本
9980826,ヤマガタケン,サカタシ,ハツセ,山形県,酒田市,初瀬
9980031,ヤマガタケン,サカタシ,ハマダ,山形県,酒田市,浜田
9980112,ヤマガタケン,サカタシ,ハマナカ,山形県,酒田市,浜中
9980074,ヤマガタケン,サカタシ,ハママツチョウ,山形県,酒田市,浜松町
9980813,ヤマガタケン,サカタシ,バラノシンデン,山形県,酒田市,茨野新田
9980061,ヤマガタケン,サカタシ,ヒカリガオカ,山形県,酒田市,光ケ丘
9980013,ヤマガタケン,サカタシ,ヒガシイズミチョウ,山形県,酒田市,東泉町
9980851,ヤマガタケン,サカタシ,ヒガシオオマチ,山形県,酒田市,東大町
9980855,ヤマガタケン,サカタシ,ヒガシナカノクチマチ,山形県,酒田市,東中の口町
9980831,ヤマガタケン,サカタシ,ヒガシリョウウチョウ,山形県,酒田市,東両羽町
9996847,ヤマガタケン,サカタシ,ヒキジ,山形県,酒田市,引地
9980863,ヤマガタケン,サカタシ,ヒノデチョウ,山形県,酒田市,日の出町
9980037,ヤマガタケン,サカタシ,ヒヨシチョウ,山形県,酒田市,日吉町
9980113,ヤマガタケン,サカタシ,ヒロオカシンデン,山形県,酒田市,広岡新田
9980125,ヤマガタケン,サカタシ,ヒロノ,山形県,酒田市,広野
9980105,ヤマガタケン,サカタシ,ヒロノシンデン,山形県,酒田市,広野新田
9998241,ヤマガタケン,サカタシ,フクヤマ,山形県,酒田市,福山
9980002,ヤマガタケン,サカタシ,フジツカ,山形県,酒田市,藤塚
9980861,ヤマガタケン,サカタシ,フジミチョウ,山形県,酒田市,富士見町
9980036,ヤマガタケン,サカタシ,フナバチョウ,山形県,酒田市,船場町
9998231,ヤマガタケン,サカタシ,フモト,山形県,酒田市,麓
9998154,ヤマガタケン,サカタシ,フルアオド,山形県,酒田市,古青渡
9998233,ヤマガタケン,サカタシ,ホウレンジ,山形県,酒田市,法連寺
9998131,ヤマガタケン,サカタシ,ホヅミ（モンデン）,山形県,酒田市,穂積（門田）
9980001,ヤマガタケン,サカタシ,ホヅミ（ソノタ）,山形県,酒田市,穂積（その他）
9996721,ヤマガタケン,サカタシ,ホリノウチ,山形県,酒田市,堀野内
9980812,ヤマガタケン,サカタシ,ホンガワ,山形県,酒田市,本川
9980043,ヤマガタケン,サカタシ,ホンチョウ（１−３チョウメ）,山形県,酒田市,本町（１〜３丁目）
9996835,ヤマガタケン,サカタシ,ホンマチ,山形県,酒田市,本町
9998224,ヤマガタケン,サカタシ,マエカワ,山形県,酒田市,前川
9998166,ヤマガタケン,サカタシ,マキソネ,山形県,酒田市,牧曽根
9998201,ヤマガタケン,サカタシ,マスダ,山形県,酒田市,升田
9980841,ヤマガタケン,サカタシ,マツバラミナミ,山形県,酒田市,松原南
9980073,ヤマガタケン,サカタシ,マツミチョウ,山形県,酒田市,松美町
9997777,ヤマガタケン,サカタシ,マルヌマ,山形県,酒田市,丸沼
9998226,ヤマガタケン,サカタシ,マンドコロ,山形県,酒田市,政所
9980853,ヤマガタケン,サカタシ,ミズホ,山形県,酒田市,みずほ
9980052,ヤマガタケン,サカタシ,ミドリガオカ,山形県,酒田市,緑ケ丘
9980858,ヤマガタケン,サカタシ,ミドリチョウ,山形県,酒田市,緑町
9980063,ヤマガタケン,サカタシ,ミナミシンマチ,山形県,酒田市,南新町
9996822,ヤマガタケン,サカタシ,ミナミシンヤシキ,山形県,酒田市,南新屋敷
9980025,ヤマガタケン,サカタシ,ミナミセンニチチョウ,山形県,酒田市,南千日町
9998223,ヤマガタケン,サカタシ,ミナミヘイザワ,山形県,酒田市,南平沢
9996825,ヤマガタケン,サカタシ,ミナミマチ,山形県,酒田市,南町
9998423,ヤマガタケン,サカタシ,ミヤウチ,山形県,酒田市,宮内
9980005,ヤマガタケン,サカタシ,ミヤウミ,山形県,酒田市,宮海
9980054,ヤマガタケン,サカタシ,ミヤノウラ,山形県,酒田市,宮野浦
9996841,ヤマガタケン,サカタシ,ミョウガサワ,山形県,酒田市,茗ケ沢
9996824,ヤマガタケン,サカタシ,モトシンヤシキ,山形県,酒田市,元新屋敷
9998134,ヤマガタケン,サカタシ,モトタテ,山形県,酒田市,本楯
9998145,ヤマガタケン,サカタシ,ヤスオカ,山形県,酒田市,保岡
9998151,ヤマガタケン,サカタシ,ヤスダ,山形県,酒田市,安田
9996861,ヤマガタケン,サカタシ,ヤマダ,山形県,酒田市,山田
9996724,ヤマガタケン,サカタシ,ヤマダテ,山形県,酒田市,山楯
9996821,ヤマガタケン,サカタシ,ヤマデラ,山形県,酒田市,山寺
9996734,ヤマガタケン,サカタシ,ヤマモト,山形県,酒田市,山元
9996726,ヤマガタケン,サカタシ,ヤマヤ,山形県,酒田市,山谷
9996725,ヤマガタケン,サカタシ,ヤマヤシンデン,山形県,酒田市,山谷新田
9980821,ヤマガタケン,サカタシ,ユスルベ,山形県,酒田市,遊摺部
9980006,ヤマガタケン,サカタシ,ユタカ,山形県,酒田市,ゆたか
9980804,ヤマガタケン,サカタシ,ヨコダイ,山形県,酒田市,横代
9998161,ヤマガタケン,サカタシ,ヨシダ,山形県,酒田市,吉田
9998167,ヤマガタケン,サカタシ,ヨシダシンデン,山形県,酒田市,吉田新田
9980874,ヤマガタケン,サカタシ,ヨツゴヤ,山形県,酒田市,四ツ興野
9998421,ヤマガタケン,サカタシ,ヨネシマ,山形県,酒田市,米島
9980832,ヤマガタケン,サカタシ,リョウウチョウ,山形県,酒田市,両羽町
9980834,ヤマガタケン,サカタシ,ワカタケチョウ,山形県,酒田市,若竹町
9980857,ヤマガタケン,サカタシ,ワカハマチョウ,山形県,酒田市,若浜町
9980833,ヤマガタケン,サカタシ,ワカハラチョウ,山形県,酒田市,若原町
9980053,ヤマガタケン,サカタシ,ワカミヤチョウ,山形県,酒田市,若宮町
9960000,ヤマガタケン,シンジョウシ,イカニケイサイガナイバアイ,山形県,新庄市,以下に掲載がない場合
9960078,ヤマガタケン,シンジョウシ,アラマチ,山形県,新庄市,新町
9960086,ヤマガタケン,シンジョウシ,イシカワマチ,山形県,新庄市,石川町
9995103,ヤマガタケン,シンジョウシ,イズミタ,山形県,新庄市,泉田
9960001,ヤマガタケン,シンジョウシ,イツカマチ,山形県,新庄市,五日町
9960084,ヤマガタケン,シンジョウシ,オオテマチ,山形県,新庄市,大手町
9960026,ヤマガタケン,シンジョウシ,オオマチ,山形県,新庄市,大町
9960023,ヤマガタケン,シンジョウシ,オキノマチ,山形県,新庄市,沖の町
9960074,ヤマガタケン,シンジョウシ,オダシマ,山形県,新庄市,小田島
9960071,ヤマガタケン,シンジョウシ,オダシママチ,山形県,新庄市,小田島町
9960002,ヤマガタケン,シンジョウシ,カナザワ,山形県,新庄市,金沢
9960032,ヤマガタケン,シンジョウシ,カミカネザワマチ,山形県,新庄市,上金沢町
9960082,ヤマガタケン,シンジョウシ,キタマチ,山形県,新庄市,北町
9960073,ヤマガタケン,シンジョウシ,サカエマチ,山形県,新庄市,栄町
9960033,ヤマガタケン,シンジョウシ,シモカネザワマチ,山形県,新庄市,下金沢町
9960034,ヤマガタケン,シンジョウシ,シモダマチ,山形県,新庄市,下田町
9960077,ヤマガタケン,シンジョウシ,ジョウナンマチ,山形県,新庄市,城南町
9995101,ヤマガタケン,シンジョウシ,ショウワ,山形県,新庄市,昭和
9960076,ヤマガタケン,シンジョウシ,シロニシマチ,山形県,新庄市,城西町
9960031,ヤマガタケン,シンジョウシ,スエヒロマチ,山形県,新庄市,末広町
9960022,ヤマガタケン,シンジョウシ,スミヨシマチ,山形県,新庄市,住吉町
9960079,ヤマガタケン,シンジョウシ,センモンチョウ,山形県,新庄市,千門町
9960024,ヤマガタケン,シンジョウシ,タモンマチ,山形県,新庄市,多門町
9960052,ヤマガタケン,シンジョウシ,ツノザワ,山形県,新庄市,角沢
9960035,ヤマガタケン,シンジョウシ,テッポウマチ,山形県,新庄市,鉄砲町
9995191,ヤマガタケン,シンジョウシ,トオカマチ（ネコヤシキ３２９−３５６）,山形県,新庄市,十日町（猫屋敷３２９〜３５６）
9960091,ヤマガタケン,シンジョウシ,トオカマチ（ソノタ）,山形県,新庄市,十日町（その他）
9960021,ヤマガタケン,シンジョウシ,トキハマチ,山形県,新庄市,常葉町
9960061,ヤマガタケン,シンジョウシ,トビタ,山形県,新庄市,飛田
9960041,ヤマガタケン,シンジョウシ,トリゴエ,山形県,新庄市,鳥越
9960081,ヤマガタケン,シンジョウシ,ナカミチマチ,山形県,新庄市,中道町
9960054,ヤマガタケン,シンジョウシ,ニケン,山形県,新庄市,仁間
9960087,ヤマガタケン,シンジョウシ,ヌマタ,山形県,新庄市,沼田
9960083,ヤマガタケン,シンジョウシ,ヌマタマチ,山形県,新庄市,沼田町
9995102,ヤマガタケン,シンジョウシ,ハギノ,山形県,新庄市,萩野
9960028,ヤマガタケン,シンジョウシ,バンバチョウ,山形県,新庄市,万場町
9960011,ヤマガタケン,シンジョウシ,ヒガシヤチタマチ,山形県,新庄市,東谷地田町
9960088,ヤマガタケン,シンジョウシ,ヒノキチョウ,山形県,新庄市,桧町
9960053,ヤマガタケン,シンジョウシ,フクダ,山形県,新庄市,福田
9960085,ヤマガタケン,シンジョウシ,ホリバタマチ,山形県,新庄市,堀端町
9960027,ヤマガタケン,シンジョウシ,ホンマチ,山形県,新庄市,本町
9960111,ヤマガタケン,シンジョウシ,マスガタ,山形県,新庄市,升形
9960051,ヤマガタケン,シンジョウシ,マツモト,山形県,新庄市,松本
9960072,ヤマガタケン,シンジョウシ,ミヤウチマチ,山形県,新庄市,宮内町
9960112,ヤマガタケン,シンジョウシ,モトアイカイ,山形県,新庄市,本合海
9960075,ヤマガタケン,シンジョウシ,ヨコウチマチ,山形県,新庄市,横打町
9960025,ヤマガタケン,シンジョウシ,ワカバマチ,山形県,新庄市,若葉町
9910000,ヤマガタケン,サガエシ,イカニケイサイガナイバアイ,山形県,寒河江市,以下に掲載がない場合
9910027,ヤマガタケン,サガエシ,イシモチマチ,山形県,寒河江市,石持町
9910057,ヤマガタケン,サガエシ,ウチノフクロ,山形県,寒河江市,内ノ袋
9910056,ヤマガタケン,サガエシ,オトモマエ,山形県,寒河江市,落衣前
9910006,ヤマガタケン,サガエシ,カミガワラ,山形県,寒河江市,上河原
9910008,ヤマガタケン,サガエシ,キクチドウ,山形県,寒河江市,菊地堂
9910008,ヤマガタケン,サガエシ,クモガワラ,山形県,寒河江市,雲河原
9910044,ヤマガタケン,サガエシ,コシイザカチョウ,山形県,寒河江市,越井坂町
9910045,ヤマガタケン,サガエシ,コヌマチョウ,山形県,寒河江市,小沼町
9910035,ヤマガタケン,サガエシ,サイワイチョウ,山形県,寒河江市,幸町
9910034,ヤマガタケン,サガエシ,サカエチョウ,山形県,寒河江市,栄町
9910041,ヤマガタケン,サガエシ,サガエ,山形県,寒河江市,寒河江
9900502,ヤマガタケン,サガエシ,サチウ,山形県,寒河江市,幸生
9910052,ヤマガタケン,サガエシ,サチタマチ,山形県,寒河江市,幸田町
9900511,ヤマガタケン,サガエシ,ジオンジ,山形県,寒河江市,慈恩寺
9910063,ヤマガタケン,サガエシ,シバハシ,山形県,寒河江市,柴橋
9910043,ヤマガタケン,サガエシ,シマ,山形県,寒河江市,島
9910002,ヤマガタケン,サガエシ,シモガワラ,山形県,寒河江市,下河原
9900505,ヤマガタケン,サガエシ,シライワ,山形県,寒河江市,白岩
9910047,ヤマガタケン,サガエシ,シンザン,山形県,寒河江市,新山
9910012,ヤマガタケン,サガエシ,シンザンマチ,山形県,寒河江市,新山町
9910033,ヤマガタケン,サガエシ,スエヒロチョウ,山形県,寒河江市,末広町
9900522,ヤマガタケン,サガエシ,セイスケシンデン,山形県,寒河江市,清助新田
9910040,ヤマガタケン,サガエシ,タカセダイ,山形県,寒河江市,高瀬台
9910013,ヤマガタケン,サガエシ,タカダ,山形県,寒河江市,高田
9900524,ヤマガタケン,サガエシ,タカマツ,山形県,寒河江市,高松
9910042,ヤマガタケン,サガエシ,タカヤ,山形県,寒河江市,高屋
9900503,ヤマガタケン,サガエシ,タシロ,山形県,寒河江市,田代
9910021,ヤマガタケン,サガエシ,チュウオウ,山形県,寒河江市,中央
9900561,ヤマガタケン,サガエシ,チュウオウコウギョウダンチ（１バンチ）,山形県,寒河江市,中央工業団地（１番地）
9910061,ヤマガタケン,サガエシ,チュウオウコウギョウダンチ（ソノタ）,山形県,寒河江市,中央工業団地（その他）
9910007,ヤマガタケン,サガエシ,ドウショウ,山形県,寒河江市,道生
9900504,ヤマガタケン,サガエシ,トメバ,山形県,寒河江市,留場
9910005,ヤマガタケン,サガエシ,ナカガワラ,山形県,寒河江市,中河原
9910065,ヤマガタケン,サガエシ,ナカゴウ,山形県,寒河江市,中郷
9910054,ヤマガタケン,サガエシ,ナカヤチ,山形県,寒河江市,仲谷地
9910022,ヤマガタケン,サガエシ,ナノカマチ,山形県,寒河江市,七日町
9910003,ヤマガタケン,サガエシ,ニシネ,山形県,寒河江市,西根
9910004,ヤマガタケン,サガエシ,ニシネキタマチ,山形県,寒河江市,西根北町
9910011,ヤマガタケン,サガエシ,ニッタ,山形県,寒河江市,日田
9910001,ヤマガタケン,サガエシ,ニュウグラ,山形県,寒河江市,入倉
9910046,ヤマガタケン,サガエシ,ヒガシシンザンマチ,山形県,寒河江市,東新山町
9910064,ヤマガタケン,サガエシ,ヒラシオ,山形県,寒河江市,平塩
9900513,ヤマガタケン,サガエシ,ヒワダ,山形県,寒河江市,日和田
9910055,ヤマガタケン,サガエシ,フナバシマチ,山形県,寒河江市,船橋町
9910028,ヤマガタケン,サガエシ,ホナミ,山形県,寒河江市,ほなみ
9910031,ヤマガタケン,サガエシ,ホンチョウ,山形県,寒河江市,本町
9910066,ヤマガタケン,サガエシ,マツカワ,山形県,寒河江市,松川
9910023,ヤマガタケン,サガエシ,マルノウチ,山形県,寒河江市,丸内
9910048,ヤマガタケン,サガエシ,ミズキ,山形県,寒河江市,みずき
9910062,ヤマガタケン,サガエシ,ミドリチョウ,山形県,寒河江市,緑町
9910032,ヤマガタケン,サガエシ,ミナミマチ,山形県,寒河江市,南町
9900512,ヤマガタケン,サガエシ,ミノワ,山形県,寒河江市,箕輪
9900501,ヤマガタケン,サガエシ,ミヤウチ,山形県,寒河江市,宮内
9910049,ヤマガタケン,サガエシ,モトダテ,山形県,寒河江市,本楯
9910053,ヤマガタケン,サガエシ,モトマチ,山形県,寒河江市,元町
9900523,ヤマガタケン,サガエシ,ヤクワ,山形県,寒河江市,八鍬
9900521,ヤマガタケン,サガエシ,ヤサワ,山形県,寒河江市,谷沢
9910026,ヤマガタケン,サガエシ,ヤマギシチョウ,山形県,寒河江市,山岸町
9910025,ヤマガタケン,サガエシ,ヤワタマチ,山形県,寒河江市,八幡町
9910006,ヤマガタケン,サガエシ,ユウガエ,山形県,寒河江市,夕カヘ
9900525,ヤマガタケン,サガエシ,ヨナザ,山形県,寒河江市,米沢
9910024,ヤマガタケン,サガエシ,ロックマチ,山形県,寒河江市,六供町
9910051,ヤマガタケン,サガエシ,ワカバチョウ,山形県,寒河江市,若葉町
9993100,ヤマガタケン,カミノヤマシ,イカニケイサイガナイバアイ,山形県,上山市,以下に掲載がない場合
9993222,ヤマガタケン,カミノヤマシ,アイオイ,山形県,上山市,相生
9993164,ヤマガタケン,カミノヤマシ,アサヒダイ,山形県,上山市,朝日台
9993106,ヤマガタケン,カミノヤマシ,アサヒマチ,山形県,上山市,旭町
9993235,ヤマガタケン,カミノヤマシ,アミダチ,山形県,上山市,阿弥陀地
9993144,ヤマガタケン,カミノヤマシ,イシザキ,山形県,上山市,石崎
9993244,ヤマガタケン,カミノヤマシ,イシゾネ,山形県,上山市,石曽根
9993231,ヤマガタケン,カミノヤマシ,イシドウ,山形県,上山市,石堂
9993105,ヤマガタケン,カミノヤマシ,イズミカワ,山形県,上山市,泉川
9993165,ヤマガタケン,カミノヤマシ,ウラマチ,山形県,上山市,裏町
9993157,ヤマガタケン,カミノヤマシ,オイドチョウ,山形県,上山市,御井戸丁
9993167,ヤマガタケン,カミノヤマシ,オオイシ,山形県,上山市,大石
9993112,ヤマガタケン,カミノヤマシ,オグラ,山形県,上山市,小倉
9993214,ヤマガタケン,カミノヤマシ,オザサ,山形県,上山市,小笹
9993172,ヤマガタケン,カミノヤマシ,オジラフ,山形県,上山市,小白府
9993124,ヤマガタケン,カミノヤマシ,カナオイ,山形県,上山市,金生
9993126,ヤマガタケン,カミノヤマシ,カナオイニシ,山形県,上山市,金生西
9993125,ヤマガタケン,カミノヤマシ,カナオイヒガシ,山形県,上山市,金生東
9993101,ヤマガタケン,カミノヤマシ,カナカメ,山形県,上山市,金瓶
9993103,ヤマガタケン,カミノヤマシ,カナヤ,山形県,上山市,金谷
9993226,ヤマガタケン,カミノヤマシ,カネヤマ,山形県,上山市,金山
9993204,ヤマガタケン,カミノヤマシ,カミナマイ,山形県,上山市,上生居
9993163,ヤマガタケン,カミノヤマシ,カルイザワ,山形県,上山市,軽井沢
9993245,ヤマガタケン,カミノヤマシ,カワグチ,山形県,上山市,川口
9993145,ヤマガタケン,カミノヤマシ,カワサキ,山形県,上山市,河崎
9993131,ヤマガタケン,カミノヤマシ,キタマチ,山形県,上山市,北町
9993151,ヤマガタケン,カミノヤマシ,キタマチホンチョウ,山形県,上山市,北町本丁
9993215,ヤマガタケン,カミノヤマシ,クボカワ,山形県,上山市,久保川
9993166,ヤマガタケン,カミノヤマシ,クボテ,山形県,上山市,久保手
9993241,ヤマガタケン,カミノヤマシ,ケヤキノモリ,山形県,上山市,けやきの森
9993237,ヤマガタケン,カミノヤマシ,コアナ,山形県,上山市,小穴
9993115,ヤマガタケン,カミノヤマシ,コウヤ,山形県,上山市,高野
9993111,ヤマガタケン,カミノヤマシ,ゴンゲンドウ,山形県,上山市,権現堂
9993113,ヤマガタケン,カミノヤマシ,ザオウ,山形県,上山市,蔵王
9993104,ヤマガタケン,カミノヤマシ,ザオウノモリ,山形県,上山市,蔵王の森
9993132,ヤマガタケン,カミノヤマシ,サカエマチ,山形県,上山市,栄町
9993142,ヤマガタケン,カミノヤマシ,サワチョウ,山形県,上山市,沢丁
9993233,ヤマガタケン,カミノヤマシ,サンボンマツ,山形県,上山市,三本松
9993202,ヤマガタケン,カミノヤマシ,シモナマイ,山形県,上山市,下生居
9993217,ヤマガタケン,カミノヤマシ,ショウブ,山形県,上山市,菖蒲
9993102,ヤマガタケン,カミノヤマシ,シンカナヤ,山形県,上山市,新金谷
9993152,ヤマガタケン,カミノヤマシ,シンチョウ,山形県,上山市,新丁
9993158,ヤマガタケン,カミノヤマシ,シンマチ,山形県,上山市,新町
9993141,ヤマガタケン,カミノヤマシ,シンユ,山形県,上山市,新湯
9993213,ヤマガタケン,カミノヤマシ,スダイタ,山形県,上山市,須田板
9993221,ヤマガタケン,カミノヤマシ,セキネ,山形県,上山市,関根
9993122,ヤマガタケン,カミノヤマシ,センゴク,山形県,上山市,仙石
9993216,ヤマガタケン,カミノヤマシ,ダイモン,山形県,上山市,大門
9993243,ヤマガタケン,カミノヤマシ,タカマツ,山形県,上山市,高松
9993155,ヤマガタケン,カミノヤマシ,ツルハギチョウ,山形県,上山市,鶴脛町
9993234,ヤマガタケン,カミノヤマシ,トウゴ,山形県,上山市,藤吾
9993153,ヤマガタケン,カミノヤマシ,トオカマチ,山形県,上山市,十日町
9993203,ヤマガタケン,カミノヤマシ,ナカナマイ,山形県,上山市,中生居
9993246,ヤマガタケン,カミノヤマシ,ナカヤマ,山形県,上山市,中山
9993232,ヤマガタケン,カミノヤマシ,ナガシミズ,山形県,上山市,長清水
9993114,ヤマガタケン,カミノヤマシ,ナガノ,山形県,上山市,永野
9993225,ヤマガタケン,カミノヤマシ,ナラゲ,山形県,上山市,楢下
9993242,ヤマガタケン,カミノヤマシ,ハヤマ,山形県,上山市,葉山
9993212,ヤマガタケン,カミノヤマシ,ハラグチ,山形県,上山市,原口
9993121,ヤマガタケン,カミノヤマシ,ヒガシマチ,山形県,上山市,東町
9993143,ヤマガタケン,カミノヤマシ,フツカマチ,山形県,上山市,二日町
9993161,ヤマガタケン,カミノヤマシ,ベンテン,山形県,上山市,弁天
9993236,ヤマガタケン,カミノヤマシ,ホソヤ,山形県,上山市,細谷
9993211,ヤマガタケン,カミノヤマシ,マギノ,山形県,上山市,牧野
9993146,ヤマガタケン,カミノヤマシ,マツヤマ,山形県,上山市,松山
9993223,ヤマガタケン,カミノヤマシ,ミカミ,山形県,上山市,三上
9993123,ヤマガタケン,カミノヤマシ,ミサキチョウ,山形県,上山市,美咲町
9993224,ヤマガタケン,カミノヤマシ,ミナザワ,山形県,上山市,皆沢
9993135,ヤマガタケン,カミノヤマシ,ミナミマチ,山形県,上山市,南町
9993107,ヤマガタケン,カミノヤマシ,ミハラシノオカ,山形県,上山市,みはらしの丘
9993201,ヤマガタケン,カミノヤマシ,ミヤノワキ,山形県,上山市,宮脇
9993171,ヤマガタケン,カミノヤマシ,ムジナモリ,山形県,上山市,狸森
9993154,ヤマガタケン,カミノヤマシ,モトジョウナイ,山形県,上山市,元城内
9993134,ヤマガタケン,カミノヤマシ,ヤライ,山形県,上山市,矢来
9993156,ヤマガタケン,カミノヤマシ,ユマチ,山形県,上山市,湯町
9993133,ヤマガタケン,カミノヤマシ,ヨウカマチ,山形県,上山市,八日町
9993162,ヤマガタケン,カミノヤマシ,ヨツヤ,山形県,上山市,四ツ谷
9950000,ヤマガタケン,ムラヤマシ,イカニケイサイガナイバアイ,山形県,村山市,以下に掲載がない場合
9950002,ヤマガタケン,ムラヤマシ,イサザワ,山形県,村山市,五十沢
9950204,ヤマガタケン,ムラヤマシ,イナクダシ,山形県,村山市,稲下
9950113,ヤマガタケン,ムラヤマシ,イワノ,山形県,村山市,岩野
9950038,ヤマガタケン,ムラヤマシ,エキニシ,山形県,村山市,駅西
9950111,ヤマガタケン,ムラヤマシ,オオクボ,山形県,村山市,大久保
9950203,ヤマガタケン,ムラヤマシ,オオマキ,山形県,村山市,大槇
9950054,ヤマガタケン,ムラヤマシ,オオヨド,山形県,村山市,大淀
9950004,ヤマガタケン,ムラヤマシ,カナヤ,山形県,村山市,金谷
9950041,ヤマガタケン,ムラヤマシ,カワシマ,山形県,村山市,河島
9950056,ヤマガタケン,ムラヤマシ,カワシマヤマ,山形県,村山市,河島山
9950209,ヤマガタケン,ムラヤマシ,ゴテン,山形県,村山市,碁点
9950202,ヤマガタケン,ムラヤマシ,シロトリ,山形県,村山市,白鳥
9950042,ヤマガタケン,ムラヤマシ,スギシマ,山形県,村山市,杉島
9950051,ヤマガタケン,ムラヤマシ,タザワ,山形県,村山市,田沢
9950025,ヤマガタケン,ムラヤマシ,タテオカ,山形県,村山市,楯岡
9950032,ヤマガタケン,ムラヤマシ,タテオカアラマチ,山形県,村山市,楯岡荒町
9950034,ヤマガタケン,ムラヤマシ,タテオカイツカマチ,山形県,村山市,楯岡五日町
9950031,ヤマガタケン,ムラヤマシ,タテオカオオサワガワ,山形県,村山市,楯岡大沢川
9950011,ヤマガタケン,ムラヤマシ,タテオカキタマチ,山形県,村山市,楯岡北町
9950018,ヤマガタケン,ムラヤマシ,タテオカシンタカダ,山形県,村山市,楯岡新高田
9950033,ヤマガタケン,ムラヤマシ,タテオカシンマチ,山形県,村山市,楯岡新町
9950021,ヤマガタケン,ムラヤマシ,タテオカタテ,山形県,村山市,楯岡楯
9950037,ヤマガタケン,ムラヤマシ,タテオカタワラマチ,山形県,村山市,楯岡俵町
9950014,ヤマガタケン,ムラヤマシ,タテオカツルガチョウ,山形県,村山市,楯岡鶴ケ町
9950017,ヤマガタケン,ムラヤマシ,タテオカトオカマチ,山形県,村山市,楯岡十日町
9950036,ヤマガタケン,ムラヤマシ,タテオカナカマチ,山形県,村山市,楯岡中町
9950022,ヤマガタケン,ムラヤマシ,タテオカババ,山形県,村山市,楯岡馬場
9950023,ヤマガタケン,ムラヤマシ,タテオカヒガシザワ,山形県,村山市,楯岡東沢
9950024,ヤマガタケン,ムラヤマシ,タテオカフエダ,山形県,村山市,楯岡笛田
9950015,ヤマガタケン,ムラヤマシ,タテオカフツカマチ,山形県,村山市,楯岡二日町
9950016,ヤマガタケン,ムラヤマシ,タテオカミソカマチ,山形県,村山市,楯岡晦日町
9950013,ヤマガタケン,ムラヤマシ,タテオカユザワ,山形県,村山市,楯岡湯沢
9950005,ヤマガタケン,ムラヤマシ,タモヤマ,山形県,村山市,たも山
9950205,ヤマガタケン,ムラヤマシ,タルイシ,山形県,村山市,樽石
9950035,ヤマガタケン,ムラヤマシ,チュウオウ,山形県,村山市,中央
9950201,ヤマガタケン,ムラヤマシ,チョウゼンジ,山形県,村山市,長善寺
9950001,ヤマガタケン,ムラヤマシ,トチウダ,山形県,村山市,土生田
9950208,ヤマガタケン,ムラヤマシ,トミナミ,山形県,村山市,富並
9950055,ヤマガタケン,ムラヤマシ,ナガシマ,山形県,村山市,長島
9950052,ヤマガタケン,ムラヤマシ,ナトリ,山形県,村山市,名取
9950053,ヤマガタケン,ムラヤマシ,ニシゴウ,山形県,村山市,西郷
9950006,ヤマガタケン,ムラヤマシ,ハヤシザキ,山形県,村山市,林崎
9950003,ヤマガタケン,ムラヤマシ,モトイイダ,山形県,村山市,本飯田
9950206,ヤマガタケン,ムラヤマシ,ヤマノウチ,山形県,村山市,山の内
9950207,ヤマガタケン,ムラヤマシ,ユキノカンノンゴウ,山形県,村山市,雪の観音郷
9950012,ヤマガタケン,ムラヤマシ,ユザワ,山形県,村山市,湯沢
9950112,ヤマガタケン,ムラヤマシ,ユノサワ,山形県,村山市,湯野沢
9930000,ヤマガタケン,ナガイシ,イカニケイサイガナイバアイ,山形県,長井市,以下に掲載がない場合
9930022,ヤマガタケン,ナガイシ,アシザワ,山形県,長井市,芦沢
9930006,ヤマガタケン,ナガイシ,アラマチ,山形県,長井市,あら町
9930072,ヤマガタケン,ナガイシ,イカガワ,山形県,長井市,五十川
9930031,ヤマガタケン,ナガイシ,イズミ,山形県,長井市,泉
9930033,ヤマガタケン,ナガイシ,イマイズミ,山形県,長井市,今泉
9930034,ヤマガタケン,ナガイシ,ウタマル,山形県,長井市,歌丸
9930083,ヤマガタケン,ナガイシ,オオマチ,山形県,長井市,大町
9930005,ヤマガタケン,ナガイシ,カタタマチ,山形県,長井市,片田町
9930021,ヤマガタケン,ナガイシ,カミイサザワ,山形県,長井市,上伊佐沢
9930032,ヤマガタケン,ナガイシ,カワイ,山形県,長井市,河井
9930062,ヤマガタケン,ナガイシ,カワラザワ,山形県,長井市,川原沢
9930064,ヤマガタケン,ナガイシ,カンジンダイ,山形県,長井市,勧進代
9930063,ヤマガタケン,ナガイシ,クサオカ,山形県,長井市,草岡
9930041,ヤマガタケン,ナガイシ,クノモト,山形県,長井市,九野本
9930014,ヤマガタケン,ナガイシ,コイデ,山形県,長井市,小出
9930085,ヤマガタケン,ナガイシ,コウヤチョウ,山形県,長井市,高野町
9930051,ヤマガタケン,ナガイシ,サイワイチョウ,山形県,長井市,幸町
9930084,ヤマガタケン,ナガイシ,サカエマチ,山形県,長井市,栄町
9930054,ヤマガタケン,ナガイシ,シミズチョウ,山形県,長井市,清水町
9930023,ヤマガタケン,ナガイシ,シモイサザワ,山形県,長井市,下伊佐沢
9930071,ヤマガタケン,ナガイシ,シロウサギ,山形県,長井市,白兎
9930052,ヤマガタケン,ナガイシ,シンマチ,山形県,長井市,新町
9930004,ヤマガタケン,ナガイシ,シンメイチョウ,山形県,長井市,神明町
9930016,ヤマガタケン,ナガイシ,ダイマチ,山形県,長井市,台町
9930013,ヤマガタケン,ナガイシ,タテマチミナミ,山形県,長井市,館町南
9930011,ヤマガタケン,ナガイシ,タテマチキタ,山形県,長井市,館町北
9930061,ヤマガタケン,ナガイシ,テライズミ,山形県,長井市,寺泉
9930086,ヤマガタケン,ナガイシ,トオカマチ,山形県,長井市,十日町
9930035,ヤマガタケン,ナガイシ,トキニワ,山形県,長井市,時庭
9930024,ヤマガタケン,ナガイシ,ナカイサザワ,山形県,長井市,中伊佐沢
9930053,ヤマガタケン,ナガイシ,ナカミチ,山形県,長井市,中道
9930075,ヤマガタケン,ナガイシ,ナリタ,山形県,長井市,成田
9930017,ヤマガタケン,ナガイシ,ハナヅクリマチ,山形県,長井市,花作町
9930003,ヤマガタケン,ナガイシ,ヒガシマチ,山形県,長井市,東町
9930012,ヤマガタケン,ナガイシ,ヒノデチョウ,山形県,長井市,日の出町
9930042,ヤマガタケン,ナガイシ,ヒラヤマ,山形県,長井市,平山
9930082,ヤマガタケン,ナガイシ,フナバ,山形県,長井市,舟場
9930001,ヤマガタケン,ナガイシ,ママノウエ,山形県,長井市,ままの上
9930081,ヤマガタケン,ナガイシ,ミドリチョウ,山形県,長井市,緑町
9930074,ヤマガタケン,ナガイシ,ミヤ,山形県,長井市,宮
9930007,ヤマガタケン,ナガイシ,モトマチ,山形県,長井市,本町
9930073,ヤマガタケン,ナガイシ,モリ,山形県,長井市,森
9930002,ヤマガタケン,ナガイシ,ヤシロマチ,山形県,長井市,屋城町
9930087,ヤマガタケン,ナガイシ,ヨコマチ,山形県,長井市,横町
9930015,ヤマガタケン,ナガイシ,ヨツヤ,山形県,長井市,四ツ谷
9940000,ヤマガタケン,テンドウシ,イカニケイサイガナイバアイ,山形県,天童市,以下に掲載がない場合
9940054,ヤマガタケン,テンドウシ,アラヤ,山形県,天童市,荒谷
9940057,ヤマガタケン,テンドウシ,イシドリイ,山形県,天童市,石鳥居
9940015,ヤマガタケン,テンドウシ,イズミチョウ,山形県,天童市,泉町
9940041,ヤマガタケン,テンドウシ,イツカマチ,山形県,天童市,五日町
9940078,ヤマガタケン,テンドウシ,イママチ,山形県,天童市,今町
9940047,ヤマガタケン,テンドウシ,エキニシ,山形県,天童市,駅西
9940013,ヤマガタケン,テンドウシ,オイノモリ,山形県,天童市,老野森
9940007,ヤマガタケン,テンドウシ,オオシミズ,山形県,天童市,大清水
9940079,ヤマガタケン,テンドウシ,オオマチ,山形県,天童市,大町
9940003,ヤマガタケン,テンドウシ,カシワギチョウ,山形県,天童市,柏木町
9940024,ヤマガタケン,テンドウシ,カマタ,山形県,天童市,鎌田
9940025,ヤマガタケン,テンドウシ,カマタホンチョウ,山形県,天童市,鎌田本町
9940053,ヤマガタケン,テンドウシ,カミオギノト,山形県,天童市,上荻野戸
9940103,ヤマガタケン,テンドウシ,カワラゴ,山形県,天童市,川原子
9940011,ヤマガタケン,テンドウシ,キタクノモト,山形県,天童市,北久野本
9940042,ヤマガタケン,テンドウシ,キタメ,山形県,天童市,北目
9940012,ヤマガタケン,テンドウシ,クノモト,山形県,天童市,久野本
9940077,ヤマガタケン,テンドウシ,クボノメ,山形県,天童市,窪野目
9940075,ヤマガタケン,テンドウシ,クラゾウ,山形県,天童市,蔵増
9940028,ヤマガタケン,テンドウシ,クワノマチ,山形県,天童市,鍬ノ町
9940032,ヤマガタケン,テンドウシ,コウジ,山形県,天童市,小路
9940004,ヤマガタケン,テンドウシ,コセキ,山形県,天童市,小関
9940027,ヤマガタケン,テンドウシ,サクラマチ,山形県,天童市,桜町
9940052,ヤマガタケン,テンドウシ,シモオギノト,山形県,天童市,下荻野戸
9940065,ヤマガタケン,テンドウシ,ショウゲ,山形県,天童市,清池
9940069,ヤマガタケン,テンドウシ,ショウゲヒガシ,山形県,天童市,清池東
9940005,ヤマガタケン,テンドウシ,タカギ,山形県,天童市,高木
9940068,ヤマガタケン,テンドウシ,タカダマ,山形県,天童市,高擶
9940076,ヤマガタケン,テンドウシ,タカノベ,山形県,天童市,高野辺
9940046,ヤマガタケン,テンドウシ,タヅルチョウ,山形県,天童市,田鶴町
9940104,ヤマガタケン,テンドウシ,タムギノ,山形県,天童市,田麦野
9940072,ヤマガタケン,テンドウシ,ツカノメ,山形県,天童市,塚野目
9940073,ヤマガタケン,テンドウシ,テラヅ,山形県,天童市,寺津
9940031,ヤマガタケン,テンドウシ,テンドウナカ,山形県,天童市,天童中
9940023,ヤマガタケン,テンドウシ,トウゼンジ,山形県,天童市,東善寺
9940074,ヤマガタケン,テンドウシ,トウナイシンデン,山形県,天童市,藤内新田
9940102,ヤマガタケン,テンドウシ,ドウマン,山形県,天童市,道満
9940064,ヤマガタケン,テンドウシ,ナカザト,山形県,天童市,中里
9940045,ヤマガタケン,テンドウシ,ナカマチ,山形県,天童市,仲町
9940066,ヤマガタケン,テンドウシ,ナガオカ,山形県,天童市,長岡
9940062,ヤマガタケン,テンドウシ,ナガオカキタ,山形県,天童市,長岡北
9940051,ヤマガタケン,テンドウシ,ナラザワ,山形県,天童市,奈良沢
9940006,ヤマガタケン,テンドウシ,ナリウ,山形県,天童市,成生
9940014,ヤマガタケン,テンドウシ,ヌカヅカ,山形県,天童市,糠塚
9940022,ヤマガタケン,テンドウシ,ヌクヅ,山形県,天童市,貫津
9940067,ヤマガタケン,テンドウシ,ハガ,山形県,天童市,芳賀
9940082,ヤマガタケン,テンドウシ,ハガタウンキタ,山形県,天童市,芳賀タウン北
9940083,ヤマガタケン,テンドウシ,ハガタウンミナミ,山形県,天童市,芳賀タウン南
9940055,ヤマガタケン,テンドウシ,ハラマチ,山形県,天童市,原町
9940001,ヤマガタケン,テンドウシ,バンダイ,山形県,天童市,万代
9940016,ヤマガタケン,テンドウシ,ヒガシクノモト,山形県,天童市,東久野本
9940063,ヤマガタケン,テンドウシ,ヒガシナガオカ,山形県,天童市,東長岡
9940061,ヤマガタケン,テンドウシ,ヒガシハガ,山形県,天童市,東芳賀
9940026,ヤマガタケン,テンドウシ,ヒガシホンチョウ,山形県,天童市,東本町
9940044,ヤマガタケン,テンドウシ,ヒトイチマチ,山形県,天童市,一日町
9940056,ヤマガタケン,テンドウシ,ホシヌノ,山形県,天童市,干布
9940034,ヤマガタケン,テンドウシ,ホンチョウ,山形県,天童市,本町
9940048,ヤマガタケン,テンドウシ,マジリエ,山形県,天童市,交り江
9940043,ヤマガタケン,テンドウシ,マツシロチョウ,山形県,天童市,松城町
9940002,ヤマガタケン,テンドウシ,ミダレガワ,山形県,天童市,乱川
9940033,ヤマガタケン,テンドウシ,ミッカマチ,山形県,天童市,三日町
9940081,ヤマガタケン,テンドウシ,ミナミオバタ,山形県,天童市,南小畑
9940049,ヤマガタケン,テンドウシ,ミナミマチ,山形県,天童市,南町
9940071,ヤマガタケン,テンドウシ,ヤノメ,山形県,天童市,矢野目
9940101,ヤマガタケン,テンドウシ,ヤマグチ,山形県,天童市,山口
9940021,ヤマガタケン,テンドウシ,ヤマモト,山形県,天童市,山元
9993700,ヤマガタケン,ヒガシネシ,イカニケイサイガナイバアイ,山形県,東根市,以下に掲載がない場合
9993722,ヤマガタケン,ヒガシネシ,イズミゴウ,山形県,東根市,泉郷
9993747,ヤマガタケン,ヒガシネシ,イタガキオオドオリ,山形県,東根市,板垣大通り
9993749,ヤマガタケン,ヒガシネシ,イタガキキタコウジ,山形県,東根市,板垣北小路
9993744,ヤマガタケン,ヒガシネシ,イタガキキタドオリ,山形県,東根市,板垣北通り
9993746,ヤマガタケン,ヒガシネシ,イタガキシンデン,山形県,東根市,板垣新田
9993745,ヤマガタケン,ヒガシネシ,イタガキナカドオリ,山形県,東根市,板垣中通り
9993748,ヤマガタケン,ヒガシネシ,イタガキニシコウジ,山形県,東根市,板垣西小路
9993717,ヤマガタケン,ヒガシネシ,イッポンギ,山形県,東根市,一本木
9993726,ヤマガタケン,ヒガシネシ,イノサワ,山形県,東根市,猪野沢
9993728,ヤマガタケン,ヒガシネシ,オオタシンデン,山形県,東根市,太田新田
9993714,ヤマガタケン,ヒガシネシ,オオバヤシ,山形県,東根市,大林
9993715,ヤマガタケン,ヒガシネシ,オオバヤシシンデン,山形県,東根市,大林新田
9993712,ヤマガタケン,ヒガシネシ,オオモリ,山形県,東根市,大森
9993737,ヤマガタケン,ヒガシネシ,オサナギ,山形県,東根市,若木
9993738,ヤマガタケン,ヒガシネシ,オサナギオオドオリ,山形県,東根市,若木大通り
9993757,ヤマガタケン,ヒガシネシ,オサナギコウジ,山形県,東根市,若木小路
9993756,ヤマガタケン,ヒガシネシ,オサナギ１ジョウドオリ,山形県,東根市,若木一条通り
9993755,ヤマガタケン,ヒガシネシ,オサナギ２ジョウドオリ,山形県,東根市,若木二条通り
9993754,ヤマガタケン,ヒガシネシ,オサナギ３ジョウドオリ,山形県,東根市,若木三条通り
9993753,ヤマガタケン,ヒガシネシ,オサナギ４ジョウドオリ,山形県,東根市,若木四条通り
9993752,ヤマガタケン,ヒガシネシ,オサナギ５ジョウドオリ,山形県,東根市,若木五条通り
9993751,ヤマガタケン,ヒガシネシ,オサナギドオリ,山形県,東根市,若木通り
9993702,ヤマガタケン,ヒガシネシ,オンセンマチ,山形県,東根市,温泉町
9993770,ヤマガタケン,ヒガシネシ,カシワバラ,山形県,東根市,柏原
9993716,ヤマガタケン,ヒガシネシ,カニサワ,山形県,東根市,蟹沢
9993723,ヤマガタケン,ヒガシネシ,カンノンジ,山形県,東根市,観音寺
9993774,ヤマガタケン,ヒガシネシ,コオリヤマ,山形県,東根市,郡山
9993710,ヤマガタケン,ヒガシネシ,コバヤシ,山形県,東根市,小林
9993786,ヤマガタケン,ヒガシネシ,サギノシュク,山形県,東根市,鷺の宿
9993703,ヤマガタケン,ヒガシネシ,サギノモリ,山形県,東根市,鷺ノ森
9993720,ヤマガタケン,ヒガシネシ,サクランボエキマエ,山形県,東根市,さくらんぼ駅前
9993773,ヤマガタケン,ヒガシネシ,シマオオホリ,山形県,東根市,島大堀
9993708,ヤマガタケン,ヒガシネシ,シモガワラ,山形県,東根市,下川原
9993787,ヤマガタケン,ヒガシネシ,シロミズ,山形県,東根市,白水
9993707,ヤマガタケン,ヒガシネシ,シンデンマチ,山形県,東根市,新田町
9993761,ヤマガタケン,ヒガシネシ,ジンマチ,山形県,東根市,神町
9993763,ヤマガタケン,ヒガシネシ,ジンマチチュウオウ,山形県,東根市,神町中央
9993764,ヤマガタケン,ヒガシネシ,ジンマチヒガシ,山形県,東根市,神町東
9993766,ヤマガタケン,ヒガシネシ,ジンマチニシ,山形県,東根市,神町西
9993765,ヤマガタケン,ヒガシネシ,ジンマチミナミ,山形県,東根市,神町南
9993762,ヤマガタケン,ヒガシネシ,ジンマチキタ,山形県,東根市,神町北
9993731,ヤマガタケン,ヒガシネシ,ジンマチエイダンオオドオリ,山形県,東根市,神町営団大通り
9993732,ヤマガタケン,ヒガシネシ,ジンマチエイダンナカドオリ,山形県,東根市,神町営団中通り
9993736,ヤマガタケン,ヒガシネシ,ジンマチエイダンミナミドオリ,山形県,東根市,神町営団南通り
9993735,ヤマガタケン,ヒガシネシ,ジンマチエイダン１ジョウドオリ,山形県,東根市,神町営団一条通り
9993734,ヤマガタケン,ヒガシネシ,ジンマチエイダン２ジョウドオリ,山形県,東根市,神町営団二条通り
9993733,ヤマガタケン,ヒガシネシ,ジンマチエイダン３ジョウドオリ,山形県,東根市,神町営団三条通り
9993724,ヤマガタケン,ヒガシネシ,セキヤマ,山形県,東根市,関山
9993711,ヤマガタケン,ヒガシネシ,チュウオウ,山形県,東根市,中央
9993729,ヤマガタケン,ヒガシネシ,チュウオウヒガシ,山形県,東根市,中央東
9993719,ヤマガタケン,ヒガシネシ,チュウオウニシ,山形県,東根市,中央西
9993730,ヤマガタケン,ヒガシネシ,チュウオウミナミ,山形県,東根市,中央南
9993778,ヤマガタケン,ヒガシネシ,トウスケシンデン,山形県,東根市,藤助新田
9993743,ヤマガタケン,ヒガシネシ,ナカジマシンデン,山形県,東根市,中島新田
9993742,ヤマガタケン,ヒガシネシ,ナカジマドオリ,山形県,東根市,中島通り
9993741,ヤマガタケン,ヒガシネシ,ナカジマヒガシドオリ,山形県,東根市,中島東通り
9993771,ヤマガタケン,ヒガシネシ,ナガトロ,山形県,東根市,長瀞
9993777,ヤマガタケン,ヒガシネシ,ニクチ,山形県,東根市,荷口
9993725,ヤマガタケン,ヒガシネシ,ヌマザワ,山形県,東根市,沼沢
9993727,ヤマガタケン,ヒガシネシ,ノガワ,山形県,東根市,野川
9993775,ヤマガタケン,ヒガシネシ,ノダ,山形県,東根市,野田
9993776,ヤマガタケン,ヒガシネシ,ハニュウ,山形県,東根市,羽入
9993779,ヤマガタケン,ヒガシネシ,ハニュウヒガシ,山形県,東根市,羽入東
9993701,ヤマガタケン,ヒガシネシ,ヒガシネコウ,山形県,東根市,東根甲
9993721,ヤマガタケン,ヒガシネシ,ヒガシネオツ,山形県,東根市,東根乙
9993704,ヤマガタケン,ヒガシネシ,ヒガシネヘイ,山形県,東根市,東根丙
9993713,ヤマガタケン,ヒガシネシ,ヒガシネテイ,山形県,東根市,東根丁
9993784,ヤマガタケン,ヒガシネシ,ホンチョウ,山形県,東根市,本町
9993781,ヤマガタケン,ヒガシネシ,ホンマルキタ,山形県,東根市,本丸北
9993785,ヤマガタケン,ヒガシネシ,ホンマルニシ,山形県,東根市,本丸西
9993782,ヤマガタケン,ヒガシネシ,ホンマルヒガシ,山形県,東根市,本丸東
9993783,ヤマガタケン,ヒガシネシ,ホンマルミナミ,山形県,東根市,本丸南
9993772,ヤマガタケン,ヒガシネシ,マツザワ,山形県,東根市,松沢
9993706,ヤマガタケン,ヒガシネシ,ミッカマチ,山形県,東根市,三日町
9993705,ヤマガタケン,ヒガシネシ,ミヤザキ,山形県,東根市,宮崎
9993718,ヤマガタケン,ヒガシネシ,ヨツヤ,山形県,東根市,四ツ家
9993709,ヤマガタケン,ヒガシネシ,ロクタ,山形県,東根市,六田
9994200,ヤマガタケン,オバナザワシ,イカニケイサイガナイバアイ,山形県,尾花沢市,以下に掲載がない場合
9994554,ヤマガタケン,オバナザワシ,アシザワ,山形県,尾花沢市,芦沢
9994223,ヤマガタケン,オバナザワシ,イサザワ,山形県,尾花沢市,五十沢
9994208,ヤマガタケン,オバナザワシ,イチノノ,山形県,尾花沢市,市野々
9994207,ヤマガタケン,オバナザワシ,イワヤサワ,山形県,尾花沢市,岩谷沢
9994552,ヤマガタケン,オバナザワシ,オギノフクロ,山形県,尾花沢市,荻袋
9994205,ヤマガタケン,オバナザワシ,オシキリ,山形県,尾花沢市,押切
9994221,ヤマガタケン,オバナザワシ,オバナザワ,山形県,尾花沢市,尾花沢
9994222,ヤマガタケン,オバナザワシ,オボロケ,山形県,尾花沢市,朧気
9994204,ヤマガタケン,オバナザワシ,カミノハタ（１７５−８）,山形県,尾花沢市,上ノ畑（１７５−８）
9994304,ヤマガタケン,オバナザワシ,カミノハタ（ソノタ）,山形県,尾花沢市,上ノ畑（その他）
9994332,ヤマガタケン,オバナザワシ,カミヤナギワタリド,山形県,尾花沢市,上柳渡戸
9994228,ヤマガタケン,オバナザワシ,カンマチ,山形県,尾花沢市,上町
9994336,ヤマガタケン,オバナザワシ,キタゴウ,山形県,尾花沢市,北郷
9994231,ヤマガタケン,オバナザワシ,キタマチ,山形県,尾花沢市,北町
9994333,ヤマガタケン,オバナザワシ,ギンザンシンハタ,山形県,尾花沢市,銀山新畑
9994214,ヤマガタケン,オバナザワシ,ゴボウノ,山形県,尾花沢市,牛房野
9994334,ヤマガタケン,オバナザワシ,シモヤナギワタリド,山形県,尾花沢市,下柳渡戸
9994211,ヤマガタケン,オバナザワシ,ショウゴン,山形県,尾花沢市,正厳
9994224,ヤマガタケン,オバナザワシ,シンマチ,山形県,尾花沢市,新町
9994226,ヤマガタケン,オバナザワシ,シンマチチュウオウ,山形県,尾花沢市,新町中央
9994201,ヤマガタケン,オバナザワシ,タカハシ,山形県,尾花沢市,高橋
9994443,ヤマガタケン,オバナザワシ,ツルコ,山形県,尾花沢市,鶴子
9994337,ヤマガタケン,オバナザワシ,ツルマキタ,山形県,尾花沢市,鶴巻田
9994551,ヤマガタケン,オバナザワシ,テラウチ,山形県,尾花沢市,寺内
9994555,ヤマガタケン,オバナザワシ,ドクサワ,山形県,尾花沢市,毒沢
9994206,ヤマガタケン,オバナザワシ,トミヤマ,山形県,尾花沢市,富山
9994203,ヤマガタケン,オバナザワシ,ナカジマ,山形県,尾花沢市,中島
9994227,ヤマガタケン,オバナザワシ,ナカマチ,山形県,尾花沢市,中町
9994556,ヤマガタケン,オバナザワシ,ナキサワ,山形県,尾花沢市,名木沢
9994202,ヤマガタケン,オバナザワシ,ナメサワ,山形県,尾花沢市,行沢
9994212,ヤマガタケン,オバナザワシ,ニトウブクロ,山形県,尾花沢市,二藤袋
9994213,ヤマガタケン,オバナザワシ,ニュウ,山形県,尾花沢市,丹生
9994553,ヤマガタケン,オバナザワシ,ノクロサワ,山形県,尾花沢市,野黒沢
9994441,ヤマガタケン,オバナザワシ,ノベサワ,山形県,尾花沢市,延沢
9994445,ヤマガタケン,オバナザワシ,ハタサワ,山形県,尾花沢市,畑沢
9994335,ヤマガタケン,オバナザワシ,ハラダ,山形県,尾花沢市,原田
9994232,ヤマガタケン,オバナザワシ,フモトマチ,山形県,尾花沢市,梺町
9994444,ヤマガタケン,オバナザワシ,ホソノ,山形県,尾花沢市,細野
9994557,ヤマガタケン,オバナザワシ,ミナミサワ,山形県,尾花沢市,南沢
9994331,ヤマガタケン,オバナザワシ,モタイ,山形県,尾花沢市,母袋
9994229,ヤマガタケン,オバナザワシ,ヨコマチ,山形県,尾花沢市,横町
9994442,ヤマガタケン,オバナザワシ,ロクサワ,山形県,尾花沢市,六沢
9994225,ヤマガタケン,オバナザワシ,ワカバチョウ,山形県,尾花沢市,若葉町
9992200,ヤマガタケン,ナンヨウシ,イカニケイサイガナイバアイ,山形県,南陽市,以下に掲載がない場合
9992211,ヤマガタケン,ナンヨウシ,アカユ,山形県,南陽市,赤湯
9920473,ヤマガタケン,ナンヨウシ,イケグロ,山形県,南陽市,池黒
9920474,ヤマガタケン,ナンヨウシ,ウルシヤマ,山形県,南陽市,漆山
9992224,ヤマガタケン,ナンヨウシ,オオハシ,山形県,南陽市,大橋
9992252,ヤマガタケン,ナンヨウシ,オキタ,山形県,南陽市,沖田
9920582,ヤマガタケン,ナンヨウシ,オギ,山形県,南陽市,荻
9992212,ヤマガタケン,ナンヨウシ,カネザワ,山形県,南陽市,金沢
9920471,ヤマガタケン,ナンヨウシ,カネヤマ,山形県,南陽市,金山
9992201,ヤマガタケン,ナンヨウシ,カマノハタ,山形県,南陽市,釜渡戸
9992261,ヤマガタケン,ナンヨウシ,カモウダ,山形県,南陽市,蒲生田
9992204,ヤマガタケン,ナンヨウシ,カワトイ,山形県,南陽市,川樋
9992221,ヤマガタケン,ナンヨウシ,クヌギヅカ,山形県,南陽市,椚塚
9992203,ヤマガタケン,ナンヨウシ,コイワサワ,山形県,南陽市,小岩沢
9992241,ヤマガタケン,ナンヨウシ,コオリヤマ,山形県,南陽市,郡山
9920581,ヤマガタケン,ナンヨウシ,コタキ,山形県,南陽市,小滝
9992256,ヤマガタケン,ナンヨウシ,サカイ,山形県,南陽市,坂井
9992244,ヤマガタケン,ナンヨウシ,シマヌキ,山形県,南陽市,島貫
9920583,ヤマガタケン,ナンヨウシ,シモオギ,山形県,南陽市,下荻
9992205,ヤマガタケン,ナンヨウシ,シンデン,山形県,南陽市,新田
9920476,ヤマガタケン,ナンヨウシ,スナヅカ,山形県,南陽市,砂塚
9992255,ヤマガタケン,ナンヨウシ,セキネ,山形県,南陽市,関根
9992251,ヤマガタケン,ナンヨウシ,タカナシ,山形県,南陽市,高梨
9920478,ヤマガタケン,ナンヨウシ,タケハラ,山形県,南陽市,竹原
9920584,ヤマガタケン,ナンヨウシ,タロウ,山形県,南陽市,太郎
9992234,ヤマガタケン,ナンヨウシ,チュウオウヒガシ,山形県,南陽市,中央東
9992254,ヤマガタケン,ナンヨウシ,ツユハシ,山形県,南陽市,露橋
9992264,ヤマガタケン,ナンヨウシ,ナカオチアイ,山形県,南陽市,中落合
9992242,ヤマガタケン,ナンヨウシ,ナカノメ,山形県,南陽市,中ノ目
9992222,ヤマガタケン,ナンヨウシ,ナガオカ,山形県,南陽市,長岡
9992266,ヤマガタケン,ナンヨウシ,ナガトロ,山形県,南陽市,長瀞
9992243,ヤマガタケン,ナンヨウシ,ナベタ,山形県,南陽市,鍋田
9992231,ヤマガタケン,ナンヨウシ,ニイロネ,山形県,南陽市,二色根
9992265,ヤマガタケン,ナンヨウシ,ニシオチアイ,山形県,南陽市,西落合
9992263,ヤマガタケン,ナンヨウシ,ハギュウダ,山形県,南陽市,萩生田
9920475,ヤマガタケン,ナンヨウシ,ハネツキ,山形県,南陽市,羽付
9992267,ヤマガタケン,ナンヨウシ,ホウシヤナギ,山形県,南陽市,法師柳
9992213,ヤマガタケン,ナンヨウシ,マツザワ,山形県,南陽市,松沢
9992223,ヤマガタケン,ナンヨウシ,マナイタヤナギ,山形県,南陽市,俎柳
9992232,ヤマガタケン,ナンヨウシ,ミツマドオリ,山形県,南陽市,三間通
9920472,ヤマガタケン,ナンヨウシ,ミヤウチ,山形県,南陽市,宮内
9992253,ヤマガタケン,ナンヨウシ,ミヤザキ,山形県,南陽市,宮崎
9992202,ヤマガタケン,ナンヨウシ,モトナカヤマ,山形県,南陽市,元中山
9920477,ヤマガタケン,ナンヨウシ,リンゴウ,山形県,南陽市,梨郷
9992262,ヤマガタケン,ナンヨウシ,ワカサゴウヤ,山形県,南陽市,若狭郷屋
9920479,ヤマガタケン,ナンヨウシ,ワダ,山形県,南陽市,和田
9992233,ヤマガタケン,ナンヨウシ,ワノ,山形県,南陽市,上野
9900300,ヤマガタケン,ヒガシムラヤマグンヤマノベマチ,イカニケイサイガナイバアイ,山形県,東村山郡山辺町,以下に掲載がない場合
9900311,ヤマガタケン,ヒガシムラヤマグンヤマノベマチ,オウミ,山形県,東村山郡山辺町,近江
9900323,ヤマガタケン,ヒガシムラヤマグンヤマノベマチ,オオツカ,山形県,東村山郡山辺町,大塚
9900331,ヤマガタケン,ヒガシムラヤマグンヤマノベマチ,オオテラ,山形県,東村山郡山辺町,大寺
9900341,ヤマガタケン,ヒガシムラヤマグンヤマノベマチ,オオワラビ,山形県,東村山郡山辺町,大蕨
9900332,ヤマガタケン,ヒガシムラヤマグンヤマノベマチ,キタガキ,山形県,東村山郡山辺町,北垣
9900352,ヤマガタケン,ヒガシムラヤマグンヤマノベマチ,キタサク,山形県,東村山郡山辺町,北作
9900342,ヤマガタケン,ヒガシムラヤマグンヤマノベマチ,キタヤマ,山形県,東村山郡山辺町,北山
9900303,ヤマガタケン,ヒガシムラヤマグンヤマノベマチ,シミズ,山形県,東村山郡山辺町,清水
9900333,ヤマガタケン,ヒガシムラヤマグンヤマノベマチ,スギシタ,山形県,東村山郡山辺町,杉下
9900321,ヤマガタケン,ヒガシムラヤマグンヤマノベマチ,ネギワ,山形県,東村山郡山辺町,根際
9900361,ヤマガタケン,ヒガシムラヤマグンヤマノベマチ,ハタヤ,山形県,東村山郡山辺町,畑谷
9900312,ヤマガタケン,ヒガシムラヤマグンヤマノベマチ,ミカワジリ,山形県,東村山郡山辺町,三河尻
9900302,ヤマガタケン,ヒガシムラヤマグンヤマノベマチ,ミドリガオカ,山形県,東村山郡山辺町,緑ケ丘
9900351,ヤマガタケン,ヒガシムラヤマグンヤマノベマチ,ヤナザワ,山形県,東村山郡山辺町,簗沢
9900301,ヤマガタケン,ヒガシムラヤマグンヤマノベマチ,ヤマノベ,山形県,東村山郡山辺町,山辺
9900322,ヤマガタケン,ヒガシムラヤマグンヤマノベマチ,ヨウガイ,山形県,東村山郡山辺町,要害
9900400,ヤマガタケン,ヒガシムラヤマグンナカヤママチ,イカニケイサイガナイバアイ,山形県,東村山郡中山町,以下に掲載がない場合
9900411,ヤマガタケン,ヒガシムラヤマグンナカヤママチ,アオバ,山形県,東村山郡中山町,あおば
9900402,ヤマガタケン,ヒガシムラヤマグンナカヤママチ,イズミ,山形県,東村山郡中山町,いずみ
9900408,ヤマガタケン,ヒガシムラヤマグンナカヤママチ,オカ,山形県,東村山郡中山町,岡
9900405,ヤマガタケン,ヒガシムラヤマグンナカヤママチ,カネザワ,山形県,東村山郡中山町,金沢
9900409,ヤマガタケン,ヒガシムラヤマグンナカヤママチ,コシオ,山形県,東村山郡中山町,小塩
9900403,ヤマガタケン,ヒガシムラヤマグンナカヤママチ,ダルマジ,山形県,東村山郡中山町,達磨寺
9900407,ヤマガタケン,ヒガシムラヤマグンナカヤママチ,ツチハシ,山形県,東村山郡中山町,土橋
9900401,ヤマガタケン,ヒガシムラヤマグンナカヤママチ,ナガサキ,山形県,東村山郡中山町,長崎
9900404,ヤマガタケン,ヒガシムラヤマグンナカヤママチ,ムコウシンデン,山形県,東村山郡中山町,向新田
9900406,ヤマガタケン,ヒガシムラヤマグンナカヤママチ,ヤナギサワ,山形県,東村山郡中山町,柳沢
9993500,ヤマガタケン,ニシムラヤマグンカホクチョウ,イカニケイサイガナイバアイ,山形県,西村山郡河北町,以下に掲載がない場合
9993503,ヤマガタケン,ニシムラヤマグンカホクチョウ,イワキ,山形県,西村山郡河北町,岩木
9993501,ヤマガタケン,ニシムラヤマグンカホクチョウ,シンヨシダ,山形県,西村山郡河北町,新吉田
9993521,ヤマガタケン,ニシムラヤマグンカホクチョウ,ダイ,山形県,西村山郡河北町,田井
9993532,ヤマガタケン,ニシムラヤマグンカホクチョウ,ツクリヤマ,山形県,西村山郡河北町,造山
9993533,ヤマガタケン,ニシムラヤマグンカホクチョウ,ニシザト,山形県,西村山郡河北町,西里
9993531,ヤマガタケン,ニシムラヤマグンカホクチョウ,ハタケナカ,山形県,西村山郡河北町,畑中
9993522,ヤマガタケン,ニシムラヤマグンカホクチョウ,ミゾノベ,山形県,西村山郡河北町,溝延
9993511,ヤマガタケン,ニシムラヤマグンカホクチョウ,ヤチ,山形県,西村山郡河北町,谷地
9993515,ヤマガタケン,ニシムラヤマグンカホクチョウ,ヤチアラマチヒガシ,山形県,西村山郡河北町,谷地荒町東
9993512,ヤマガタケン,ニシムラヤマグンカホクチョウ,ヤチチュウオウ,山形県,西村山郡河北町,谷地中央
9993513,ヤマガタケン,ニシムラヤマグンカホクチョウ,ヤチトコロオカ,山形県,西村山郡河北町,谷地所岡
9993514,ヤマガタケン,ニシムラヤマグンカホクチョウ,ヤチヒナイチ,山形県,西村山郡河北町,谷地ひな市
9993502,ヤマガタケン,ニシムラヤマグンカホクチョウ,ヨシダ,山形県,西村山郡河北町,吉田
9900700,ヤマガタケン,ニシムラヤマグンニシカワマチ,イカニケイサイガナイバアイ,山形県,西村山郡西川町,以下に掲載がない場合
9900714,ヤマガタケン,ニシムラヤマグンニシカワマチ,イリマ,山形県,西村山郡西川町,入間
9900743,ヤマガタケン,ニシムラヤマグンニシカワマチ,イワネザワ,山形県,西村山郡西川町,岩根沢
9900721,ヤマガタケン,ニシムラヤマグンニシカワマチ,オオイサワ,山形県,西村山郡西川町,大井沢
9900702,ヤマガタケン,ニシムラヤマグンニシカワマチ,カイシュウ,山形県,西村山郡西川町,海味
9900734,ヤマガタケン,ニシムラヤマグンニシカワマチ,シヅ,山形県,西村山郡西川町,志津
9900732,ヤマガタケン,ニシムラヤマグンニシカワマチ,スナゴセキ,山形県,西村山郡西川町,砂子関
9900731,ヤマガタケン,ニシムラヤマグンニシカワマチ,ツキオカ,山形県,西村山郡西川町,月岡
9900733,ヤマガタケン,ニシムラヤマグンニシカワマチ,ツキヤマザワ,山形県,西村山郡西川町,月山沢
9900741,ヤマガタケン,ニシムラヤマグンニシカワマチ,ツナトリ,山形県,西村山郡西川町,綱取
9900713,ヤマガタケン,ニシムラヤマグンニシカワマチ,ヌマヤマ,山形県,西村山郡西川町,沼山
9900712,ヤマガタケン,ニシムラヤマグンニシカワマチ,ハラ,山形県,西村山郡西川町,原
9900735,ヤマガタケン,ニシムラヤマグンニシカワマチ,ホンドウジ,山形県,西村山郡西川町,本道寺
9900703,ヤマガタケン,ニシムラヤマグンニシカワマチ,マザワ,山形県,西村山郡西川町,間沢
9900742,ヤマガタケン,ニシムラヤマグンニシカワマチ,ミズサワ,山形県,西村山郡西川町,水沢
9900701,ヤマガタケン,ニシムラヤマグンニシカワマチ,ムツアイ,山形県,西村山郡西川町,睦合
9900711,ヤマガタケン,ニシムラヤマグンニシカワマチ,ヨシカワ,山形県,西村山郡西川町,吉川
9901400,ヤマガタケン,ニシムラヤマグンアサヒマチ,イカニケイサイガナイバアイ,山形県,西村山郡朝日町,以下に掲載がない場合
9901441,ヤマガタケン,ニシムラヤマグンアサヒマチ,アラジュク,山形県,西村山郡朝日町,新宿
9901303,ヤマガタケン,ニシムラヤマグンアサヒマチ,ウマガミ,山形県,西村山郡朝日町,馬神
9901306,ヤマガタケン,ニシムラヤマグンアサヒマチ,オオグレヤマ,山形県,西村山郡朝日町,大暮山
9901431,ヤマガタケン,ニシムラヤマグンアサヒマチ,オオタキ,山形県,西村山郡朝日町,大滝
9901305,ヤマガタケン,ニシムラヤマグンアサヒマチ,オオヌマ,山形県,西村山郡朝日町,大沼
9901562,ヤマガタケン,ニシムラヤマグンアサヒマチ,オオフナギ,山形県,西村山郡朝日町,大船木
9901304,ヤマガタケン,ニシムラヤマグンアサヒマチ,オオヤ,山形県,西村山郡朝日町,大谷
9901422,ヤマガタケン,ニシムラヤマグンアサヒマチ,オクリハシ,山形県,西村山郡朝日町,送橋
9901432,ヤマガタケン,ニシムラヤマグンアサヒマチ,カミゴウ,山形県,西村山郡朝日町,上郷
9901571,ヤマガタケン,ニシムラヤマグンアサヒマチ,コクスベ,山形県,西村山郡朝日町,石須部
9901563,ヤマガタケン,ニシムラヤマグンアサヒマチ,コンペイ,山形県,西村山郡朝日町,今平
9901444,ヤマガタケン,ニシムラヤマグンアサヒマチ,シノサワ,山形県,西村山郡朝日町,四ノ沢
9901423,ヤマガタケン,ニシムラヤマグンアサヒマチ,シモアシザワ,山形県,西村山郡朝日町,下芦沢
9901574,ヤマガタケン,ニシムラヤマグンアサヒマチ,シラクラ,山形県,西村山郡朝日町,白倉
9901433,ヤマガタケン,ニシムラヤマグンアサヒマチ,スギヤマ,山形県,西村山郡朝日町,杉山
9901573,ヤマガタケン,ニシムラヤマグンアサヒマチ,タテキ,山形県,西村山郡朝日町,立木
9901302,ヤマガタケン,ニシムラヤマグンアサヒマチ,タマノイ,山形県,西村山郡朝日町,玉ノ井
9901572,ヤマガタケン,ニシムラヤマグンアサヒマチ,タロウ,山形県,西村山郡朝日町,太郎
9901552,ヤマガタケン,ニシムラヤマグンアサヒマチ,トキワ,山形県,西村山郡朝日町,常盤
9901301,ヤマガタケン,ニシムラヤマグンアサヒマチ,ナカザワ,山形県,西村山郡朝日町,中沢
9901553,ヤマガタケン,ニシムラヤマグンアサヒマチ,ナガヌマ,山形県,西村山郡朝日町,長沼
9901421,ヤマガタケン,ニシムラヤマグンアサヒマチ,フルマギ,山形県,西村山郡朝日町,古槇
9901561,ヤマガタケン,ニシムラヤマグンアサヒマチ,マツホド,山形県,西村山郡朝日町,松程
9901424,ヤマガタケン,ニシムラヤマグンアサヒマチ,ミズモト,山形県,西村山郡朝日町,水本
9901551,ヤマガタケン,ニシムラヤマグンアサヒマチ,ミナカ,山形県,西村山郡朝日町,三中
9901442,ヤマガタケン,ニシムラヤマグンアサヒマチ,ミヤジュク,山形県,西村山郡朝日町,宮宿
9901443,ヤマガタケン,ニシムラヤマグンアサヒマチ,ユキタニ,山形県,西村山郡朝日町,雪谷
9901411,ヤマガタケン,ニシムラヤマグンアサヒマチ,ワゴウ,山形県,西村山郡朝日町,和合
9901412,ヤマガタケン,ニシムラヤマグンアサヒマチ,ワゴウタイラ,山形県,西村山郡朝日町,和合平
9901100,ヤマガタケン,ニシムラヤマグンオオエマチ,イカニケイサイガナイバアイ,山形県,西村山郡大江町,以下に掲載がない場合
9910801,ヤマガタケン,ニシムラヤマグンオオエマチ,アテラザワ（１５１８−３、１７５０−１−２２２８−１８、２２５５−１−２２５７−２８、２３１６−２３１８、２４３０−１−２４３１−７５）,山形県,西村山郡大江町,左沢（１５１８−３、１７５０−１〜２２２８−１８、２２５５−１〜２２５７−２８、２３１６〜２３１８、２４３０−１〜２４３１−７５）
9901101,ヤマガタケン,ニシムラヤマグンオオエマチ,アテラザワ（ソノタ）,山形県,西村山郡大江町,左沢（その他）
9901122,ヤマガタケン,ニシムラヤマグンオオエマチ,オオミ,山形県,西村山郡大江町,小見
9901131,ヤマガタケン,ニシムラヤマグンオオエマチ,オギノ,山形県,西村山郡大江町,荻野
9901152,ヤマガタケン,ニシムラヤマグンオオエマチ,カオヨシコウ,山形県,西村山郡大江町,顔好甲
9901153,ヤマガタケン,ニシムラヤマグンオオエマチ,カオヨシオツ,山形県,西村山郡大江町,顔好乙
9901276,ヤマガタケン,ニシムラヤマグンオオエマチ,クロモリ,山形県,西村山郡大江町,黒森
9901141,ヤマガタケン,ニシムラヤマグンオオエマチ,コジュウナ,山形県,西村山郡大江町,小釿
9901273,ヤマガタケン,ニシムラヤマグンオオエマチ,コセイ,山形県,西村山郡大江町,小清
9901142,ヤマガタケン,ニシムラヤマグンオオエマチ,ザイモク,山形県,西村山郡大江町,材木
9901275,ヤマガタケン,ニシムラヤマグンオオエマチ,サワグチ,山形県,西村山郡大江町,沢口
9901113,ヤマガタケン,ニシムラヤマグンオオエマチ,サンゴウコウ,山形県,西村山郡大江町,三郷甲
9901112,ヤマガタケン,ニシムラヤマグンオオエマチ,サンゴウオツ,山形県,西村山郡大江町,三郷乙
9901111,ヤマガタケン,ニシムラヤマグンオオエマチ,サンゴウヘイ,山形県,西村山郡大江町,三郷丙
9901133,ヤマガタケン,ニシムラヤマグンオオエマチ,シオノタイラ,山形県,西村山郡大江町,塩ノ平
9901144,ヤマガタケン,ニシムラヤマグンオオエマチ,ジュウハツサイコウ,山形県,西村山郡大江町,十八才甲
9901145,ヤマガタケン,ニシムラヤマグンオオエマチ,ジュウハツサイオツ,山形県,西村山郡大江町,十八才乙
9901271,ヤマガタケン,ニシムラヤマグンオオエマチ,ツキヌノ,山形県,西村山郡大江町,月布
9901132,ヤマガタケン,ニシムラヤマグンオオエマチ,ドウヤシキ,山形県,西村山郡大江町,堂屋敷
9901134,ヤマガタケン,ニシムラヤマグンオオエマチ,トコロブ,山形県,西村山郡大江町,所部
9901114,ヤマガタケン,ニシムラヤマグンオオエマチ,トミザワ,山形県,西村山郡大江町,富沢
9901146,ヤマガタケン,ニシムラヤマグンオオエマチ,ナラヤマ,山形県,西村山郡大江町,楢山
9901272,ヤマガタケン,ニシムラヤマグンオオエマチ,ヌクミ,山形県,西村山郡大江町,貫見
9901143,ヤマガタケン,ニシムラヤマグンオオエマチ,ハシカミ,山形県,西村山郡大江町,橋上
9901161,ヤマガタケン,ニシムラヤマグンオオエマチ,ハラダ,山形県,西村山郡大江町,原田
9901121,ヤマガタケン,ニシムラヤマグンオオエマチ,フジタ,山形県,西村山郡大江町,藤田
9901154,ヤマガタケン,ニシムラヤマグンオオエマチ,ホンゴウコウ,山形県,西村山郡大江町,本郷甲
9901151,ヤマガタケン,ニシムラヤマグンオオエマチ,ホンゴウオツ,山形県,西村山郡大江町,本郷乙
9901164,ヤマガタケン,ニシムラヤマグンオオエマチ,ホンゴウヘイ,山形県,西村山郡大江町,本郷丙
9901163,ヤマガタケン,ニシムラヤマグンオオエマチ,ホンゴウテイ,山形県,西村山郡大江町,本郷丁
9901165,ヤマガタケン,ニシムラヤマグンオオエマチ,ホンゴウボ,山形県,西村山郡大江町,本郷戊
9901162,ヤマガタケン,ニシムラヤマグンオオエマチ,ホンゴウキ,山形県,西村山郡大江町,本郷己
9901274,ヤマガタケン,ニシムラヤマグンオオエマチ,ヤナガワ,山形県,西村山郡大江町,柳川
9994100,ヤマガタケン,キタムラヤマグンオオイシダマチ,イカニケイサイガナイバアイ,山形県,北村山郡大石田町,以下に掲載がない場合
9994113,ヤマガタケン,キタムラヤマグンオオイシダマチ,イマシュク,山形県,北村山郡大石田町,今宿
9994103,ヤマガタケン,キタムラヤマグンオオイシダマチ,イワガフクロ,山形県,北村山郡大石田町,岩ケ袋
9994116,ヤマガタケン,キタムラヤマグンオオイシダマチ,エキマエドオリ,山形県,北村山郡大石田町,駅前通り
9994111,ヤマガタケン,キタムラヤマグンオオイシダマチ,オオイシダ,山形県,北村山郡大石田町,大石田
9994131,ヤマガタケン,キタムラヤマグンオオイシダマチ,オオウラ,山形県,北村山郡大石田町,大浦
9994102,ヤマガタケン,キタムラヤマグンオオイシダマチ,カイヤ,山形県,北村山郡大石田町,海谷
9994115,ヤマガタケン,キタムラヤマグンオオイシダマチ,カツラギチョウ,山形県,北村山郡大石田町,桂木町
9994133,ヤマガタケン,キタムラヤマグンオオイシダマチ,カワマエ,山形県,北村山郡大石田町,川前
9994132,ヤマガタケン,キタムラヤマグンオオイシダマチ,コマゴメ,山形県,北村山郡大石田町,駒籠
9994141,ヤマガタケン,キタムラヤマグンオオイシダマチ,ジネンゴ,山形県,北村山郡大石田町,次年子
9994554,ヤマガタケン,キタムラヤマグンオオイシダマチ,タカノス（オカクサヤマ）,山形県,北村山郡大石田町,鷹巣（岡草山）
9994101,ヤマガタケン,キタムラヤマグンオオイシダマチ,タカノス（ソノタ）,山形県,北村山郡大石田町,鷹巣（その他）
9994122,ヤマガタケン,キタムラヤマグンオオイシダマチ,タザワ,山形県,北村山郡大石田町,田沢
9994134,ヤマガタケン,キタムラヤマグンオオイシダマチ,トヨダ,山形県,北村山郡大石田町,豊田
9994112,ヤマガタケン,キタムラヤマグンオオイシダマチ,ミドリチョウ,山形県,北村山郡大石田町,緑町
9994121,ヤマガタケン,キタムラヤマグンオオイシダマチ,ヨコヤマ,山形県,北村山郡大石田町,横山
9994114,ヤマガタケン,キタムラヤマグンオオイシダマチ,ヨッカマチ,山形県,北村山郡大石田町,四日町
9995400,ヤマガタケン,モガミグンカネヤママチ,イカニケイサイガナイバアイ,山形県,最上郡金山町,以下に掲載がない場合
9995401,ヤマガタケン,モガミグンカネヤママチ,アリヤ,山形県,最上郡金山町,有屋
9995414,ヤマガタケン,モガミグンカネヤママチ,ウルシノ,山形県,最上郡金山町,漆野
9995405,ヤマガタケン,モガミグンカネヤママチ,ウワダイ,山形県,最上郡金山町,上台
9995402,ヤマガタケン,モガミグンカネヤママチ,カネヤマ,山形県,最上郡金山町,金山
9995404,ヤマガタケン,モガミグンカネヤママチ,シモノミョウ,山形県,最上郡金山町,下野明
9995413,ヤマガタケン,モガミグンカネヤママチ,タニグチギンザン,山形県,最上郡金山町,谷口銀山
9995412,ヤマガタケン,モガミグンカネヤママチ,トビノモリ,山形県,最上郡金山町,飛森
9995411,ヤマガタケン,モガミグンカネヤママチ,ナカダ,山形県,最上郡金山町,中田
9995415,ヤマガタケン,モガミグンカネヤママチ,ホオヤマ,山形県,最上郡金山町,朴山
9995403,ヤマガタケン,モガミグンカネヤママチ,ヤスザワ,山形県,最上郡金山町,安沢
9995406,ヤマガタケン,モガミグンカネヤママチ,ヤマザキ,山形県,最上郡金山町,山崎
9996100,ヤマガタケン,モガミグンモガミマチ,イカニケイサイガナイバアイ,山形県,最上郡最上町,以下に掲載がない場合
9996211,ヤマガタケン,モガミグンモガミマチ,オオホリ,山形県,最上郡最上町,大堀
9996103,ヤマガタケン,モガミグンモガミマチ,クロサワ,山形県,最上郡最上町,黒澤
9996106,ヤマガタケン,モガミグンモガミマチ,サカイダ,山形県,最上郡最上町,堺田
9996212,ヤマガタケン,モガミグンモガミマチ,シモ,山形県,最上郡最上町,志茂
9996211,ヤマガタケン,モガミグンモガミマチ,セミ,山形県,最上郡最上町,瀬見
9996215,ヤマガタケン,モガミグンモガミマチ,ツキダテ,山形県,最上郡最上町,月楯
9996105,ヤマガタケン,モガミグンモガミマチ,トミサワ,山形県,最上郡最上町,富澤
9996102,ヤマガタケン,モガミグンモガミマチ,ヒガシホウデン,山形県,最上郡最上町,東法田
9996213,ヤマガタケン,モガミグンモガミマチ,ホウデン,山形県,最上郡最上町,法田
9996104,ヤマガタケン,モガミグンモガミマチ,ホンジョウ,山形県,最上郡最上町,本城
9996107,ヤマガタケン,モガミグンモガミマチ,ミツザワ,山形県,最上郡最上町,満澤
9996101,ヤマガタケン,モガミグンモガミマチ,ムカイマチ,山形県,最上郡最上町,向町
9996214,ヤマガタケン,モガミグンモガミマチ,ワカミヤ,山形県,最上郡最上町,若宮
9994600,ヤマガタケン,モガミグンフナガタマチ,イカニケイサイガナイバアイ,山形県,最上郡舟形町,以下に掲載がない場合
9994602,ヤマガタケン,モガミグンフナガタマチ,チョウジャハラ,山形県,最上郡舟形町,長者原
9994603,ヤマガタケン,モガミグンフナガタマチ,トミタ,山形県,最上郡舟形町,富田
9994605,ヤマガタケン,モガミグンフナガタマチ,ナガサワ,山形県,最上郡舟形町,長沢
9994601,ヤマガタケン,モガミグンフナガタマチ,フナガタ,山形県,最上郡舟形町,舟形
9994604,ヤマガタケン,モガミグンフナガタマチ,ホリウチ,山形県,最上郡舟形町,堀内
9995300,ヤマガタケン,モガミグンマムロガワマチ,イカニケイサイガナイバアイ,山形県,最上郡真室川町,以下に掲載がない場合
9995312,ヤマガタケン,モガミグンマムロガワマチ,アラマチ,山形県,最上郡真室川町,新町
9995313,ヤマガタケン,モガミグンマムロガワマチ,ウチマチ,山形県,最上郡真室川町,内町
9995521,ヤマガタケン,モガミグンマムロガワマチ,オオサワ,山形県,最上郡真室川町,大沢
9995603,ヤマガタケン,モガミグンマムロガワマチ,オオタキ,山形県,最上郡真室川町,大滝
9995604,ヤマガタケン,モガミグンマムロガワマチ,カマブチ,山形県,最上郡真室川町,釜渕
9995601,ヤマガタケン,モガミグンマムロガワマチ,カワノウチ（２−１２８バンチ、４１９−６１４バンチ、１７１７バンチ、サンタキ、ハルキ）,山形県,最上郡真室川町,川ノ内（２〜１２８番地、４１９〜６１４番地、１７１７番地、三滝、春木）
9995301,ヤマガタケン,モガミグンマムロガワマチ,カワノウチ（ソノタ）,山形県,最上郡真室川町,川ノ内（その他）
9995314,ヤマガタケン,モガミグンマムロガワマチ,キノシタ,山形県,最上郡真室川町,木ノ下
9995522,ヤマガタケン,モガミグンマムロガワマチ,サスナベ,山形県,最上郡真室川町,差首鍋
9995602,ヤマガタケン,モガミグンマムロガワマチ,ノゾキ,山形県,最上郡真室川町,及位
9995311,ヤマガタケン,モガミグンマムロガワマチ,ヒラオカ,山形県,最上郡真室川町,平岡
9960200,ヤマガタケン,モガミグンオオクラムラ,イカニケイサイガナイバアイ,山形県,最上郡大蔵村,以下に掲載がない場合
9960211,ヤマガタケン,モガミグンオオクラムラ,アイカイ,山形県,最上郡大蔵村,合海
9960213,ヤマガタケン,モガミグンオオクラムラ,アカマツ,山形県,最上郡大蔵村,赤松
9960212,ヤマガタケン,モガミグンオオクラムラ,シミズ,山形県,最上郡大蔵村,清水
9960301,ヤマガタケン,モガミグンオオクラムラ,ミナミヤマ（４３０バンチイジョウ＜１７７０−１−２、１８６２−４２、１９２３−５ヲノゾク＞、オオヤチ、オリワタリ、カンカネノ、キンザン、タキノサワ、トヨマキ、ヌマノダイ、ヒジオリ、ヒラバヤシ）,山形県,最上郡大蔵村,南山（４３０番地以上「１７７０−１〜２、１８６２−４２、１９２３−５を除く」、大谷地、折渡、鍵金野、金山、滝ノ沢、豊牧、沼の台、肘折、平林）
9960201,ヤマガタケン,モガミグンオオクラムラ,ミナミヤマ（ソノタ）,山形県,最上郡大蔵村,南山（その他）
9995200,ヤマガタケン,モガミグンサケガワムラ,イカニケイサイガナイバアイ,山形県,最上郡鮭川村,以下に掲載がない場合
9995208,ヤマガタケン,モガミグンサケガワムラ,イシナザカ,山形県,最上郡鮭川村,石名坂
9995203,ヤマガタケン,モガミグンサケガワムラ,カワグチ,山形県,最上郡鮭川村,川口
9995201,ヤマガタケン,モガミグンサケガワムラ,キョウヅカ,山形県,最上郡鮭川村,京塚
9995202,ヤマガタケン,モガミグンサケガワムラ,サド,山形県,最上郡鮭川村,佐渡
9995205,ヤマガタケン,モガミグンサケガワムラ,ナカワタリ,山形県,最上郡鮭川村,中渡
9995207,ヤマガタケン,モガミグンサケガワムラ,ニワヅキ,山形県,最上郡鮭川村,庭月
9995206,ヤマガタケン,モガミグンサケガワムラ,マガリガワ,山形県,最上郡鮭川村,曲川
9995204,ヤマガタケン,モガミグンサケガワムラ,ムカイ,山形県,最上郡鮭川村,向居
9996400,ヤマガタケン,モガミグントザワムラ,イカニケイサイガナイバアイ,山形県,最上郡戸沢村,以下に掲載がない場合
9996312,ヤマガタケン,モガミグントザワムラ,イワシミズ,山形県,最上郡戸沢村,岩清水
9996402,ヤマガタケン,モガミグントザワムラ,クラオカ,山形県,最上郡戸沢村,蔵岡
9996315,ヤマガタケン,モガミグントザワムラ,ジンデン,山形県,最上郡戸沢村,神田
9996403,ヤマガタケン,モガミグントザワムラ,ツノカワ,山形県,最上郡戸沢村,角川
9996311,ヤマガタケン,モガミグントザワムラ,ツヤ,山形県,最上郡戸沢村,津谷
9996313,ヤマガタケン,モガミグントザワムラ,ナダカ,山形県,最上郡戸沢村,名高
9996801,ヤマガタケン,モガミグントザワムラ,フルクチ（カシザワ）,山形県,最上郡戸沢村,古口（柏沢）
9996401,ヤマガタケン,モガミグントザワムラ,フルクチ（ソノタ）,山形県,最上郡戸沢村,古口（その他）
9996314,ヤマガタケン,モガミグントザワムラ,マツザカ,山形県,最上郡戸沢村,松坂
9920300,ヤマガタケン,ヒガシオキタマグンタカハタマチ,イカニケイサイガナイバアイ,山形県,東置賜郡高畠町,以下に掲載がない場合
9920332,ヤマガタケン,ヒガシオキタマグンタカハタマチ,アイノモリ,山形県,東置賜郡高畠町,相森
9920302,ヤマガタケン,ヒガシオキタマグンタカハタマチ,アクツ,山形県,東置賜郡高畠町,安久津
9992171,ヤマガタケン,ヒガシオキタマグンタカハタマチ,イシオカ,山形県,東置賜郡高畠町,石岡
9920315,ヤマガタケン,ヒガシオキタマグンタカハタマチ,イズミオカ,山形県,東置賜郡高畠町,泉岡
9920334,ヤマガタケン,ヒガシオキタマグンタカハタマチ,イッポンヤナギ,山形県,東置賜郡高畠町,一本柳
9920324,ヤマガタケン,ヒガシオキタマグンタカハタマチ,イリュウダ,山形県,東置賜郡高畠町,入生田
9992177,ヤマガタケン,ヒガシオキタマグンタカハタマチ,オソノヅカ,山形県,東置賜郡高畠町,小其塚
9920333,ヤマガタケン,ヒガシオキタマグンタカハタマチ,カシワギメ,山形県,東置賜郡高畠町,柏木目
9920311,ヤマガタケン,ヒガシオキタマグンタカハタマチ,カナバラ,山形県,東置賜郡高畠町,金原
9992178,ヤマガタケン,ヒガシオキタマグンタカハタマチ,カミヒラヤナギ,山形県,東置賜郡高畠町,上平柳
9920261,ヤマガタケン,ヒガシオキタマグンタカハタマチ,カミワダ,山形県,東置賜郡高畠町,上和田
9920321,ヤマガタケン,ヒガシオキタマグンタカハタマチ,カメオカ,山形県,東置賜郡高畠町,亀岡
9920335,ヤマガタケン,ヒガシオキタマグンタカハタマチ,カワヌマ,山形県,東置賜郡高畠町,川沼
9920313,ヤマガタケン,ヒガシオキタマグンタカハタマチ,コウヤス,山形県,東置賜郡高畠町,高安
9920312,ヤマガタケン,ヒガシオキタマグンタカハタマチ,コゴオリヤマ,山形県,東置賜郡高畠町,小郡山
9920265,ヤマガタケン,ヒガシオキタマグンタカハタマチ,サザワ,山形県,東置賜郡高畠町,佐沢
9920331,ヤマガタケン,ヒガシオキタマグンタカハタマチ,サンジョノメ,山形県,東置賜郡高畠町,三条目
9920314,ヤマガタケン,ヒガシオキタマグンタカハタマチ,シオノモリ,山形県,東置賜郡高畠町,塩森
9920263,ヤマガタケン,ヒガシオキタマグンタカハタマチ,シモワダ,山形県,東置賜郡高畠町,下和田
9992179,ヤマガタケン,ヒガシオキタマグンタカハタマチ,ジャグチ,山形県,東置賜郡高畠町,蛇口
9920351,ヤマガタケン,ヒガシオキタマグンタカハタマチ,タカハタ,山形県,東置賜郡高畠町,高畠
9920342,ヤマガタケン,ヒガシオキタマグンタカハタマチ,タケノモリ,山形県,東置賜郡高畠町,竹森
9920323,ヤマガタケン,ヒガシオキタマグンタカハタマチ,ツユフジ,山形県,東置賜郡高畠町,露藤
9920341,ヤマガタケン,ヒガシオキタマグンタカハタマチ,トキザワ,山形県,東置賜郡高畠町,時沢
9920352,ヤマガタケン,ヒガシオキタマグンタカハタマチ,ナカザト,山形県,東置賜郡高畠町,中里
9920322,ヤマガタケン,ヒガシオキタマグンタカハタマチ,ナカジマ,山形県,東置賜郡高畠町,中島
9992172,ヤマガタケン,ヒガシオキタマグンタカハタマチ,ナツモ,山形県,東置賜郡高畠町,夏茂
9920301,ヤマガタケン,ヒガシオキタマグンタカハタマチ,ニイジュク,山形県,東置賜郡高畠町,二井宿
9992176,ヤマガタケン,ヒガシオキタマグンタカハタマチ,ヌカノメ,山形県,東置賜郡高畠町,糠野目
9920343,ヤマガタケン,ヒガシオキタマグンタカハタマチ,ネギシ,山形県,東置賜郡高畠町,根岸
9920264,ヤマガタケン,ヒガシオキタマグンタカハタマチ,バトウ,山形県,東置賜郡高畠町,馬頭
9920344,ヤマガタケン,ヒガシオキタマグンタカハタマチ,フカヌマ,山形県,東置賜郡高畠町,深沼
9992174,ヤマガタケン,ヒガシオキタマグンタカハタマチ,フクザワ,山形県,東置賜郡高畠町,福沢
9992175,ヤマガタケン,ヒガシオキタマグンタカハタマチ,フクザワミナミ,山形県,東置賜郡高畠町,福沢南
9920325,ヤマガタケン,ヒガシオキタマグンタカハタマチ,フナバシ,山形県,東置賜郡高畠町,船橋
9920262,ヤマガタケン,ヒガシオキタマグンタカハタマチ,モトワダ,山形県,東置賜郡高畠町,元和田
9992173,ヤマガタケン,ヒガシオキタマグンタカハタマチ,ヤマザキ,山形県,東置賜郡高畠町,山崎
9990100,ヤマガタケン,ヒガシオキタマグンカワニシマチ,イカニケイサイガナイバアイ,山形県,東置賜郡川西町,以下に掲載がない場合
9920602,ヤマガタケン,ヒガシオキタマグンカワニシマチ,オオツカ,山形県,東置賜郡川西町,大塚
9990151,ヤマガタケン,ヒガシオキタマグンカワニシマチ,オオブネ,山形県,東置賜郡川西町,大舟
9990213,ヤマガタケン,ヒガシオキタマグンカワニシマチ,オナガシマ,山形県,東置賜郡川西町,尾長島
9990152,ヤマガタケン,ヒガシオキタマグンカワニシマチ,カミオクダ,山形県,東置賜郡川西町,上奥田
9990121,ヤマガタケン,ヒガシオキタマグンカワニシマチ,カミコマツ,山形県,東置賜郡川西町,上小松
9990131,ヤマガタケン,ヒガシオキタマグンカワニシマチ,クロカワ,山形県,東置賜郡川西町,黒川
9990132,ヤマガタケン,ヒガシオキタマグンカワニシマチ,コウズク,山形県,東置賜郡川西町,高豆蒄
9990133,ヤマガタケン,ヒガシオキタマグンカワニシマチ,コマツ,山形県,東置賜郡川西町,小松
9990145,ヤマガタケン,ヒガシオキタマグンカワニシマチ,シモオクダ,山形県,東置賜郡川西町,下奥田
9990134,ヤマガタケン,ヒガシオキタマグンカワニシマチ,シモコマツ,山形県,東置賜郡川西町,下小松
9990212,ヤマガタケン,ヒガシオキタマグンカワニシマチ,シモヒラヤナギ,山形県,東置賜郡川西町,下平柳
9990211,ヤマガタケン,ヒガシオキタマグンカワニシマチ,スノシマ,山形県,東置賜郡川西町,洲島
9990141,ヤマガタケン,ヒガシオキタマグンカワニシマチ,タカヤマ,山形県,東置賜郡川西町,高山
9990361,ヤマガタケン,ヒガシオキタマグンカワニシマチ,タマニワ,山形県,東置賜郡川西町,玉庭
9990144,ヤマガタケン,ヒガシオキタマグンカワニシマチ,トキダ,山形県,東置賜郡川西町,時田
9990122,ヤマガタケン,ヒガシオキタマグンカワニシマチ,ナカコマツ,山形県,東置賜郡川西町,中小松
9920601,ヤマガタケン,ヒガシオキタマグンカワニシマチ,ニシオオツカ,山形県,東置賜郡川西町,西大塚
9990143,ヤマガタケン,ヒガシオキタマグンカワニシマチ,ノゾキ,山形県,東置賜郡川西町,莅
9920603,ヤマガタケン,ヒガシオキタマグンカワニシマチ,ヒガシオオツカ,山形県,東置賜郡川西町,東大塚
9990153,ヤマガタケン,ヒガシオキタマグンカワニシマチ,ホオノサワ,山形県,東置賜郡川西町,朴沢
9990142,ヤマガタケン,ヒガシオキタマグンカワニシマチ,ホリガネ,山形県,東置賜郡川西町,堀金
9990214,ヤマガタケン,ヒガシオキタマグンカワニシマチ,ヨシタ,山形県,東置賜郡川西町,吉田
9991300,ヤマガタケン,ニシオキタマグンオグニマチ,イカニケイサイガナイバアイ,山形県,西置賜郡小国町,以下に掲載がない場合
9991356,ヤマガタケン,ニシオキタマグンオグニマチ,アケボノ,山形県,西置賜郡小国町,あけぼの
9991323,ヤマガタケン,ニシオキタマグンオグニマチ,アザシノ,山形県,西置賜郡小国町,朝篠
9991507,ヤマガタケン,ニシオキタマグンオグニマチ,アシノミズ,山形県,西置賜郡小国町,足野水
9991504,ヤマガタケン,ニシオキタマグンオグニマチ,アシミズナカザト,山形県,西置賜郡小国町,足水中里
9991402,ヤマガタケン,ニシオキタマグンオグニマチ,アジロセ,山形県,西置賜郡小国町,網代瀬
9991434,ヤマガタケン,ニシオキタマグンオグニマチ,アラサワ,山形県,西置賜郡小国町,荒沢
9991213,ヤマガタケン,ニシオキタマグンオグニマチ,アラマタ,山形県,西置賜郡小国町,新股
9991322,ヤマガタケン,ニシオキタマグンオグニマチ,イサリョウ,山形県,西置賜郡小国町,伊佐領
9991451,ヤマガタケン,ニシオキタマグンオグニマチ,イシダキ,山形県,西置賜郡小国町,石滝
9991521,ヤマガタケン,ニシオキタマグンオグニマチ,イズミオカ,山形県,西置賜郡小国町,泉岡
9991506,ヤマガタケン,ニシオキタマグンオグニマチ,イチノサワ,山形県,西置賜郡小国町,市野沢
9991203,ヤマガタケン,ニシオキタマグンオグニマチ,イチノノ,山形県,西置賜郡小国町,市野々
9991413,ヤマガタケン,ニシオキタマグンオグニマチ,イマイチ,山形県,西置賜郡小国町,今市
9991435,ヤマガタケン,ニシオキタマグンオグニマチ,イリオリト,山形県,西置賜郡小国町,入折戸
9991352,ヤマガタケン,ニシオキタマグンオグニマチ,イワイザワ,山形県,西置賜郡小国町,岩井沢
9991421,ヤマガタケン,ニシオキタマグンオグニマチ,エッチュウザト,山形県,西置賜郡小国町,越中里
9991212,ヤマガタケン,ニシオキタマグンオグニマチ,オオイシザワ,山形県,西置賜郡小国町,大石沢
9991336,ヤマガタケン,ニシオキタマグンオグニマチ,オオタキ,山形県,西置賜郡小国町,大滝
9991342,ヤマガタケン,ニシオキタマグンオグニマチ,オオミヤ,山形県,西置賜郡小国町,大宮
9991363,ヤマガタケン,ニシオキタマグンオグニマチ,オグニコサカマチ,山形県,西置賜郡小国町,小国小坂町
9991351,ヤマガタケン,ニシオキタマグンオグニマチ,オグニマチ,山形県,西置賜郡小国町,小国町
9991312,ヤマガタケン,ニシオキタマグンオグニマチ,オド,山形県,西置賜郡小国町,小渡
9991441,ヤマガタケン,ニシオキタマグンオグニマチ,オドロク,山形県,西置賜郡小国町,驚
9991443,ヤマガタケン,ニシオキタマグンオグニマチ,オマタ,山形県,西置賜郡小国町,小股
9991436,ヤマガタケン,ニシオキタマグンオグニマチ,オリト,山形県,西置賜郡小国町,折戸
9991311,ヤマガタケン,ニシオキタマグンオグニマチ,カイショウ,山形県,西置賜郡小国町,貝少
9991512,ヤマガタケン,ニシオキタマグンオグニマチ,カタカイ,山形県,西置賜郡小国町,片貝
9991301,ヤマガタケン,ニシオキタマグンオグニマチ,カナメ,山形県,西置賜郡小国町,金目
9991211,ヤマガタケン,ニシオキタマグンオグニマチ,カノミズ,山形県,西置賜郡小国町,叶水
9991214,ヤマガタケン,ニシオキタマグンオグニマチ,カワラヅノ,山形県,西置賜郡小国町,河原角
9991345,ヤマガタケン,ニシオキタマグンオグニマチ,キタ,山形県,西置賜郡小国町,北
9991334,ヤマガタケン,ニシオキタマグンオグニマチ,クロサワ,山形県,西置賜郡小国町,黒沢
9991339,ヤマガタケン,ニシオキタマグンオグニマチ,コグラ,山形県,西置賜郡小国町,小倉
9991522,ヤマガタケン,ニシオキタマグンオグニマチ,コタマガワ,山形県,西置賜郡小国町,小玉川
9991452,ヤマガタケン,ニシオキタマグンオグニマチ,ゴミザワ,山形県,西置賜郡小国町,五味沢
9991354,ヤマガタケン,ニシオキタマグンオグニマチ,サイワイチョウ,山形県,西置賜郡小国町,幸町
9991361,ヤマガタケン,ニシオキタマグンオグニマチ,サカエマチ,山形県,西置賜郡小国町,栄町
9991202,ヤマガタケン,ニシオキタマグンオグニマチ,シラコザワ,山形県,西置賜郡小国町,白子沢
9991412,ヤマガタケン,ニシオキタマグンオグニマチ,シリナシザワ,山形県,西置賜郡小国町,尻無沢
9991337,ヤマガタケン,ニシオキタマグンオグニマチ,シンバラ,山形県,西置賜郡小国町,新原
9991314,ヤマガタケン,ニシオキタマグンオグニマチ,シンヤシキ,山形県,西置賜郡小国町,新屋敷
9991503,ヤマガタケン,ニシオキタマグンオグニマチ,スガヌマ,山形県,西置賜郡小国町,菅沼
9991338,ヤマガタケン,ニシオキタマグンオグニマチ,スギサワ,山形県,西置賜郡小国町,杉沢
9991333,ヤマガタケン,ニシオキタマグンオグニマチ,セリデ,山形県,西置賜郡小国町,芹出
9991442,ヤマガタケン,ニシオキタマグンオグニマチ,タイコザワ,山形県,西置賜郡小国町,太鼓沢
9991502,ヤマガタケン,ニシオキタマグンオグニマチ,タキグラ,山形県,西置賜郡小国町,滝倉
9991344,ヤマガタケン,ニシオキタマグンオグニマチ,タザワガシラ,山形県,西置賜郡小国町,田沢頭
9991335,ヤマガタケン,ニシオキタマグンオグニマチ,タネザワ,山形県,西置賜郡小国町,種沢
9991511,ヤマガタケン,ニシオキタマグンオグニマチ,タマガワ,山形県,西置賜郡小国町,玉川
9991514,ヤマガタケン,ニシオキタマグンオグニマチ,タマガワナカザト,山形県,西置賜郡小国町,玉川中里
9991501,ヤマガタケン,ニシオキタマグンオグニマチ,タルグチ,山形県,西置賜郡小国町,樽口
9991321,ヤマガタケン,ニシオキタマグンオグニマチ,ツナギハコノグチ,山形県,西置賜郡小国町,綱木箱口
9991414,ヤマガタケン,ニシオキタマグンオグニマチ,トチグラ,山形県,西置賜郡小国町,栃倉
9991432,ヤマガタケン,ニシオキタマグンオグニマチ,ナカジマ,山形県,西置賜郡小国町,中島
9991513,ヤマガタケン,ニシオキタマグンオグニマチ,ナカダヤマザキ,山形県,西置賜郡小国町,中田山崎
9991422,ヤマガタケン,ニシオキタマグンオグニマチ,ナガサワ,山形県,西置賜郡小国町,長沢
9991355,ヤマガタケン,ニシオキタマグンオグニマチ,ニシ,山形県,西置賜郡小国町,西
9991215,ヤマガタケン,ニシオキタマグンオグニマチ,ニシダキ,山形県,西置賜郡小国町,西滝
9991201,ヤマガタケン,ニシオキタマグンオグニマチ,ヌマザワ,山形県,西置賜郡小国町,沼沢
9991313,ヤマガタケン,ニシオキタマグンオグニマチ,ハリウ,山形県,西置賜郡小国町,針生
9991216,ヤマガタケン,ニシオキタマグンオグニマチ,ヒガシダキ,山形県,西置賜郡小国町,東滝
9991331,ヤマガタケン,ニシオキタマグンオグニマチ,ヒガシハラ,山形県,西置賜郡小国町,東原
9991433,ヤマガタケン,ニシオキタマグンオグニマチ,ヒノサワ,山形県,西置賜郡小国町,樋ノ沢
9991505,ヤマガタケン,ニシオキタマグンオグニマチ,ヒャッコザワ,山形県,西置賜郡小国町,百子沢
9991353,ヤマガタケン,ニシオキタマグンオグニマチ,ヒョウゴダテ,山形県,西置賜郡小国町,兵庫舘
9991401,ヤマガタケン,ニシオキタマグンオグニマチ,フナト,山形県,西置賜郡小国町,舟渡
9991302,ヤマガタケン,ニシオキタマグンオグニマチ,フルタ,山形県,西置賜郡小国町,古田
9991341,ヤマガタケン,ニシオキタマグンオグニマチ,マスオカ,山形県,西置賜郡小国町,増岡
9991332,ヤマガタケン,ニシオキタマグンオグニマチ,マチバラ,山形県,西置賜郡小国町,町原
9991324,ヤマガタケン,ニシオキタマグンオグニマチ,マツオカ,山形県,西置賜郡小国町,松岡
9991411,ヤマガタケン,ニシオキタマグンオグニマチ,マツザキ,山形県,西置賜郡小国町,松崎
9991362,ヤマガタケン,ニシオキタマグンオグニマチ,ミドリチョウ,山形県,西置賜郡小国町,緑町
9991343,ヤマガタケン,ニシオキタマグンオグニマチ,ミヤノダイ,山形県,西置賜郡小国町,宮の台
9991431,ヤマガタケン,ニシオキタマグンオグニマチ,ヤケヤマ,山形県,西置賜郡小国町,焼山
9991346,ヤマガタケン,ニシオキタマグンオグニマチ,ユノハナ,山形県,西置賜郡小国町,湯ノ花
9991303,ヤマガタケン,ニシオキタマグンオグニマチ,ワカヤマ,山形県,西置賜郡小国町,若山
9920800,ヤマガタケン,ニシオキタマグンシラタカマチ,イカニケイサイガナイバアイ,山形県,西置賜郡白鷹町,以下に掲載がない場合
9920852,ヤマガタケン,ニシオキタマグンシラタカマチ,アサダチ,山形県,西置賜郡白鷹町,浅立
9920771,ヤマガタケン,ニシオキタマグンシラタカマチ,アユカイ,山形県,西置賜郡白鷹町,鮎貝
9920831,ヤマガタケン,ニシオキタマグンシラタカマチ,アラトコウ,山形県,西置賜郡白鷹町,荒砥甲
9920832,ヤマガタケン,ニシオキタマグンシラタカマチ,アラトオツ,山形県,西置賜郡白鷹町,荒砥乙
9920861,ヤマガタケン,ニシオキタマグンシラタカマチ,オオセ,山形県,西置賜郡白鷹町,大瀬
9920775,ヤマガタケン,ニシオキタマグンシラタカマチ,クロガモ,山形県,西置賜郡白鷹町,黒鴨
9920841,ヤマガタケン,ニシオキタマグンシラタカマチ,クロフジ,山形県,西置賜郡白鷹町,畔藤
9920864,ヤマガタケン,ニシオキタマグンシラタカマチ,サノハラ,山形県,西置賜郡白鷹町,佐野原
9920862,ヤマガタケン,ニシオキタマグンシラタカマチ,シモヤマ,山形県,西置賜郡白鷹町,下山
9920821,ヤマガタケン,ニシオキタマグンシラタカマチ,ジュウオウ,山形県,西置賜郡白鷹町,十王
9920863,ヤマガタケン,ニシオキタマグンシラタカマチ,ショウブ,山形県,西置賜郡白鷹町,菖蒲
9920778,ヤマガタケン,ニシオキタマグンシラタカマチ,タカオカ,山形県,西置賜郡白鷹町,高岡
9920773,ヤマガタケン,ニシオキタマグンシラタカマチ,タカダマ,山形県,西置賜郡白鷹町,高玉
9920812,ヤマガタケン,ニシオキタマグンシラタカマチ,タキノ,山形県,西置賜郡白鷹町,滝野
9920777,ヤマガタケン,ニシオキタマグンシラタカマチ,トチクボ,山形県,西置賜郡白鷹町,栃窪
9920802,ヤマガタケン,ニシオキタマグンシラタカマチ,ナカヤマ,山形県,西置賜郡白鷹町,中山
9920811,ヤマガタケン,ニシオキタマグンシラタカマチ,ハギノ,山形県,西置賜郡白鷹町,萩野
9920801,ヤマガタケン,ニシオキタマグンシラタカマチ,ハリュウ,山形県,西置賜郡白鷹町,針生
9920851,ヤマガタケン,ニシオキタマグンシラタカマチ,ヒロノ,山形県,西置賜郡白鷹町,広野
9920779,ヤマガタケン,ニシオキタマグンシラタカマチ,ミノワダ,山形県,西置賜郡白鷹町,箕和田
9920776,ヤマガタケン,ニシオキタマグンシラタカマチ,ミヤマ,山形県,西置賜郡白鷹町,深山
9920774,ヤマガタケン,ニシオキタマグンシラタカマチ,ヤマグチ,山形県,西置賜郡白鷹町,山口
9920772,ヤマガタケン,ニシオキタマグンシラタカマチ,ヨコタジリ,山形県,西置賜郡白鷹町,横田尻
9990600,ヤマガタケン,ニシオキタマグンイイデマチ,イカニケイサイガナイバアイ,山形県,西置賜郡飯豊町,以下に掲載がない場合
9990436,ヤマガタケン,ニシオキタマグンイイデマチ,イワクラ,山形県,西置賜郡飯豊町,岩倉
9990425,ヤマガタケン,ニシオキタマグンイイデマチ,ウツサワ,山形県,西置賜郡飯豊町,宇津沢
9990427,ヤマガタケン,ニシオキタマグンイイデマチ,ウワバラ,山形県,西置賜郡飯豊町,上原
9990426,ヤマガタケン,ニシオキタマグンイイデマチ,オソダニ,山形県,西置賜郡飯豊町,遅谷
9990424,ヤマガタケン,ニシオキタマグンイイデマチ,カズマ,山形県,西置賜郡飯豊町,数馬
9990433,ヤマガタケン,ニシオキタマグンイイデマチ,カミヤチ,山形県,西置賜郡飯豊町,上屋地
9990434,ヤマガタケン,ニシオキタマグンイイデマチ,カワナイド,山形県,西置賜郡飯豊町,川内戸
9990603,ヤマガタケン,ニシオキタマグンイイデマチ,クロサワ,山形県,西置賜郡飯豊町,黒沢
9991113,ヤマガタケン,ニシオキタマグンイイデマチ,コジラカワ,山形県,西置賜郡飯豊町,小白川
9990421,ヤマガタケン,ニシオキタマグンイイデマチ,コヤ,山形県,西置賜郡飯豊町,小屋
9990431,ヤマガタケン,ニシオキタマグンイイデマチ,シモヤチ,山形県,西置賜郡飯豊町,下屋地
9990432,ヤマガタケン,ニシオキタマグンイイデマチ,シラカワ,山形県,西置賜郡飯豊町,白川
9990423,ヤマガタケン,ニシオキタマグンイイデマチ,スゴウ,山形県,西置賜郡飯豊町,須郷
9990605,ヤマガタケン,ニシオキタマグンイイデマチ,ソエガワ,山形県,西置賜郡飯豊町,添川
9990435,ヤマガタケン,ニシオキタマグンイイデマチ,タカゾウロ,山形県,西置賜郡飯豊町,高造路
9991112,ヤマガタケン,ニシオキタマグンイイデマチ,タカミネ,山形県,西置賜郡飯豊町,高峰
9990604,ヤマガタケン,ニシオキタマグンイイデマチ,ツバキ,山形県,西置賜郡飯豊町,椿
9991111,ヤマガタケン,ニシオキタマグンイイデマチ,テノコ,山形県,西置賜郡飯豊町,手ノ子
9990601,ヤマガタケン,ニシオキタマグンイイデマチ,ナカ,山形県,西置賜郡飯豊町,中
9990602,ヤマガタケン,ニシオキタマグンイイデマチ,ハギュウ,山形県,西置賜郡飯豊町,萩生
9990422,ヤマガタケン,ニシオキタマグンイイデマチ,ヒロカワラ,山形県,西置賜郡飯豊町,広河原
9990606,ヤマガタケン,ニシオキタマグンイイデマチ,マツバラ,山形県,西置賜郡飯豊町,松原
9971300,ヤマガタケン,ヒガシタガワグンミカワマチ,イカニケイサイガナイバアイ,山形県,東田川郡三川町,以下に掲載がない場合
9971311,ヤマガタケン,ヒガシタガワグンミカワマチ,アオヤマ,山形県,東田川郡三川町,青山
9971316,ヤマガタケン,ヒガシタガワグンミカワマチ,イノコ,山形県,東田川郡三川町,猪子
9971321,ヤマガタケン,ヒガシタガワグンミカワマチ,オシキリシンデン,山形県,東田川郡三川町,押切新田
9971313,ヤマガタケン,ヒガシタガワグンミカワマチ,カクタフタクチ,山形県,東田川郡三川町,角田二口
9971336,ヤマガタケン,ヒガシタガワグンミカワマチ,カトウ,山形県,東田川郡三川町,加藤
9971315,ヤマガタケン,ヒガシタガワグンミカワマチ,カンバナ,山形県,東田川郡三川町,神花
9971337,ヤマガタケン,ヒガシタガワグンミカワマチ,ショウシャク,山形県,東田川郡三川町,小尺
9971331,ヤマガタケン,ヒガシタガワグンミカワマチ,スケガワ,山形県,東田川郡三川町,助川
9971312,ヤマガタケン,ヒガシタガワグンミカワマチ,ゼンナミ,山形県,東田川郡三川町,善阿弥
9971334,ヤマガタケン,ヒガシタガワグンミカワマチ,タケハラダ,山形県,東田川郡三川町,竹原田
9971332,ヤマガタケン,ヒガシタガワグンミカワマチ,ツツミノ,山形県,東田川郡三川町,堤野
9971322,ヤマガタケン,ヒガシタガワグンミカワマチ,ドグチ,山形県,東田川郡三川町,土口
9971317,ヤマガタケン,ヒガシタガワグンミカワマチ,ナリタシンデン,山形県,東田川郡三川町,成田新田
9971314,ヤマガタケン,ヒガシタガワグンミカワマチ,ヒガシヌマ,山形県,東田川郡三川町,東沼
9971335,ヤマガタケン,ヒガシタガワグンミカワマチ,ヒシヌマ,山形県,東田川郡三川町,菱沼
9971333,ヤマガタケン,ヒガシタガワグンミカワマチ,ヨコウチ,山形県,東田川郡三川町,横内
9971338,ヤマガタケン,ヒガシタガワグンミカワマチ,ヨコカワ,山形県,東田川郡三川町,横川
9971339,ヤマガタケン,ヒガシタガワグンミカワマチ,ヨコカワシンデン,山形県,東田川郡三川町,横川新田
9971301,ヤマガタケン,ヒガシタガワグンミカワマチ,ヨコヤマ,山形県,東田川郡三川町,横山
9997700,ヤマガタケン,ヒガシタガワグンショウナイマチ,イカニケイサイガナイバアイ,山形県,東田川郡庄内町,以下に掲載がない場合
9997724,ヤマガタケン,ヒガシタガワグンショウナイマチ,アカブチシンデン,山形県,東田川郡庄内町,赤渕新田
9997701,ヤマガタケン,ヒガシタガワグンショウナイマチ,アト,山形県,東田川郡庄内町,跡
9997781,ヤマガタケン,ヒガシタガワグンショウナイマチ,アマルメ,山形県,東田川郡庄内町,余目
9997714,ヤマガタケン,ヒガシタガワグンショウナイマチ,アマルメシンデン,山形県,東田川郡庄内町,余目新田
9997743,ヤマガタケン,ヒガシタガワグンショウナイマチ,アラタメ,山形県,東田川郡庄内町,新田目
9997755,ヤマガタケン,ヒガシタガワグンショウナイマチ,イクサン,山形県,東田川郡庄内町,生三
9997702,ヤマガタケン,ヒガシタガワグンショウナイマチ,エノキ,山形県,東田川郡庄内町,榎木
9997747,ヤマガタケン,ヒガシタガワグンショウナイマチ,オオノ,山形県,東田川郡庄内町,大野
9997737,ヤマガタケン,ヒガシタガワグンショウナイマチ,オオマギ,山形県,東田川郡庄内町,大真木
9997752,ヤマガタケン,ヒガシタガワグンショウナイマチ,オオミシンデン,山形県,東田川郡庄内町,近江新田
9997763,ヤマガタケン,ヒガシタガワグンショウナイマチ,オチアイ,山形県,東田川郡庄内町,落合
9997762,ヤマガタケン,ヒガシタガワグンショウナイマチ,カネアイ,山形県,東田川郡庄内町,家根合
9996601,ヤマガタケン,ヒガシタガワグンショウナイマチ,カリカワ,山形県,東田川郡庄内町,狩川
9996607,ヤマガタケン,ヒガシタガワグンショウナイマチ,キモイリ,山形県,東田川郡庄内町,肝煎
9997766,ヤマガタケン,ヒガシタガワグンショウナイマチ,キュウデン,山形県,東田川郡庄内町,久田
9997742,ヤマガタケン,ヒガシタガワグンショウナイマチ,キョウジマ,山形県,東田川郡庄内町,京島
9996606,ヤマガタケン,ヒガシタガワグンショウナイマチ,キヨカワ,山形県,東田川郡庄内町,清川
9996605,ヤマガタケン,ヒガシタガワグンショウナイマチ,クワダ,山形県,東田川郡庄内町,桑田
9997722,ヤマガタケン,ヒガシタガワグンショウナイマチ,コイデシンデン,山形県,東田川郡庄内町,小出新田
9997745,ヤマガタケン,ヒガシタガワグンショウナイマチ,サカイコウヤ,山形県,東田川郡庄内町,境興屋
9997725,ヤマガタケン,ヒガシタガワグンショウナイマチ,サワシンデン,山形県,東田川郡庄内町,沢新田
9996608,ヤマガタケン,ヒガシタガワグンショウナイマチ,シナザワ,山形県,東田川郡庄内町,科沢
9997754,ヤマガタケン,ヒガシタガワグンショウナイマチ,シマダ,山形県,東田川郡庄内町,島田
9997713,ヤマガタケン,ヒガシタガワグンショウナイマチ,ジョウマン,山形県,東田川郡庄内町,常万
9997782,ヤマガタケン,ヒガシタガワグンショウナイマチ,ショウヨウ,山形県,東田川郡庄内町,松陽
9997765,ヤマガタケン,ヒガシタガワグンショウナイマチ,スギウラ,山形県,東田川郡庄内町,杉浦
9996604,ヤマガタケン,ヒガシタガワグンショウナイマチ,センボンスギ,山形県,東田川郡庄内町,千本杉
9996603,ヤマガタケン,ヒガシタガワグンショウナイマチ,ソエヅ,山形県,東田川郡庄内町,添津
9997741,ヤマガタケン,ヒガシタガワグンショウナイマチ,ソリヨシ,山形県,東田川郡庄内町,返吉
9997761,ヤマガタケン,ヒガシタガワグンショウナイマチ,タカダムギ,山形県,東田川郡庄内町,高田麦
9996609,ヤマガタケン,ヒガシタガワグンショウナイマチ,タチヤザワ,山形県,東田川郡庄内町,立谷沢
9997748,ヤマガタケン,ヒガシタガワグンショウナイマチ,タヤ,山形県,東田川郡庄内町,田谷
9997704,ヤマガタケン,ヒガシタガワグンショウナイマチ,チガワラ,山形県,東田川郡庄内町,千河原
9997721,ヤマガタケン,ヒガシタガワグンショウナイマチ,ツツミシンデン,山形県,東田川郡庄内町,堤新田
9997707,ヤマガタケン,ヒガシタガワグンショウナイマチ,トドロキ,山形県,東田川郡庄内町,廿六木
9997731,ヤマガタケン,ヒガシタガワグンショウナイマチ,トノモシンデン,山形県,東田川郡庄内町,主殿新田
9997734,ヤマガタケン,ヒガシタガワグンショウナイマチ,ナカノ,山形県,東田川郡庄内町,中野
9997751,ヤマガタケン,ヒガシタガワグンショウナイマチ,ニシオノカタ,山形県,東田川郡庄内町,西小野方
9997768,ヤマガタケン,ヒガシタガワグンショウナイマチ,ニシノ,山形県,東田川郡庄内町,西野
9997746,ヤマガタケン,ヒガシタガワグンショウナイマチ,ニシブクロ,山形県,東田川郡庄内町,西袋
9997757,ヤマガタケン,ヒガシタガワグンショウナイマチ,ハライダ,山形県,東田川郡庄内町,払田
9997706,ヤマガタケン,ヒガシタガワグンショウナイマチ,ヒサゲコウヤ,山形県,東田川郡庄内町,提興屋
9997703,ヤマガタケン,ヒガシタガワグンショウナイマチ,ヒラオカ,山形県,東田川郡庄内町,平岡
9997767,ヤマガタケン,ヒガシタガワグンショウナイマチ,フカガワ,山形県,東田川郡庄内町,深川
9997736,ヤマガタケン,ヒガシタガワグンショウナイマチ,フクシマ,山形県,東田川郡庄内町,福島
9997711,ヤマガタケン,ヒガシタガワグンショウナイマチ,フクワラ,山形県,東田川郡庄内町,福原
9997726,ヤマガタケン,ヒガシタガワグンショウナイマチ,フルセキ,山形県,東田川郡庄内町,古関
9997712,ヤマガタケン,ヒガシタガワグンショウナイマチ,ホリノ,山形県,東田川郡庄内町,堀野
9997735,ヤマガタケン,ヒガシタガワグンショウナイマチ,マエタノメ,山形県,東田川郡庄内町,前田野目
9997705,ヤマガタケン,ヒガシタガワグンショウナイマチ,マギシマ,山形県,東田川郡庄内町,槇島
9997715,ヤマガタケン,ヒガシタガワグンショウナイマチ,マワタテ,山形県,東田川郡庄内町,廻館
9996602,ヤマガタケン,ヒガシタガワグンショウナイマチ,ミカザワ,山形県,東田川郡庄内町,三ケ沢
9997733,ヤマガタケン,ヒガシタガワグンショウナイマチ,ミナミコウヤ,山形県,東田川郡庄内町,南興屋
9997727,ヤマガタケン,ヒガシタガワグンショウナイマチ,ミナミノ,山形県,東田川郡庄内町,南野
9997732,ヤマガタケン,ヒガシタガワグンショウナイマチ,ミナミノシンデン,山形県,東田川郡庄内町,南野新田
9997764,ヤマガタケン,ヒガシタガワグンショウナイマチ,ミヤソネ,山形県,東田川郡庄内町,宮曽根
9997756,ヤマガタケン,ヒガシタガワグンショウナイマチ,ミョウガセ,山形県,東田川郡庄内町,茗荷瀬
9997744,ヤマガタケン,ヒガシタガワグンショウナイマチ,モトオノカタ,山形県,東田川郡庄内町,本小野方
9997753,ヤマガタケン,ヒガシタガワグンショウナイマチ,ヨシオカ,山形県,東田川郡庄内町,吉岡
9997749,ヤマガタケン,ヒガシタガワグンショウナイマチ,ヨシカタ,山形県,東田川郡庄内町,吉方
9997723,ヤマガタケン,ヒガシタガワグンショウナイマチ,レンシ,山形県,東田川郡庄内町,連枝
9998300,ヤマガタケン,アクミグンユザマチ,イカニケイサイガナイバアイ,山形県,飽海郡遊佐町,以下に掲載がない場合
9998436,ヤマガタケン,アクミグンユザマチ,イワガワ,山形県,飽海郡遊佐町,岩川
9998433,ヤマガタケン,アクミグンユザマチ,エジ,山形県,飽海郡遊佐町,江地
9998315,ヤマガタケン,アクミグンユザマチ,オオワラビオカ,山形県,飽海郡遊佐町,大蕨岡
9998311,ヤマガタケン,アクミグンユザマチ,オハラダ,山形県,飽海郡遊佐町,小原田
9998312,ヤマガタケン,アクミグンユザマチ,カノサワ,山形県,飽海郡遊佐町,鹿野沢
9998314,ヤマガタケン,アクミグンユザマチ,カミワラビオカ,山形県,飽海郡遊佐町,上蕨岡
9998522,ヤマガタケン,アクミグンユザマチ,キタメ,山形県,飽海郡遊佐町,北目
9998317,ヤマガタケン,アクミグンユザマチ,コマツ,山形県,飽海郡遊佐町,小松
9998435,ヤマガタケン,アクミグンユザマチ,ショウイズミ,山形県,飽海郡遊佐町,庄泉
9998304,ヤマガタケン,アクミグンユザマチ,シライシンデン,山形県,飽海郡遊佐町,白井新田
9998431,ヤマガタケン,アクミグンユザマチ,スガサト（ジュウリヅカ）,山形県,飽海郡遊佐町,菅里（十里塚）
9998531,ヤマガタケン,アクミグンユザマチ,スガサト（ソノタ）,山形県,飽海郡遊佐町,菅里（その他）
9998313,ヤマガタケン,アクミグンユザマチ,スギサワ,山形県,飽海郡遊佐町,杉沢
9998525,ヤマガタケン,アクミグンユザマチ,スグセ,山形県,飽海郡遊佐町,直世
9998523,ヤマガタケン,アクミグンユザマチ,トウヤマ,山形県,飽海郡遊佐町,当山
9998524,ヤマガタケン,アクミグンユザマチ,トミオカ,山形県,飽海郡遊佐町,富岡
9998316,ヤマガタケン,アクミグンユザマチ,トヨオカ,山形県,飽海郡遊佐町,豊岡
9998303,ヤマガタケン,アクミグンユザマチ,ノザワ,山形県,飽海郡遊佐町,野沢
9998438,ヤマガタケン,アクミグンユザマチ,ヒコ,山形県,飽海郡遊佐町,比子
9998521,ヤマガタケン,アクミグンユザマチ,フクラ,山形県,飽海郡遊佐町,吹浦
9998437,ヤマガタケン,アクミグンユザマチ,フジサキ,山形県,飽海郡遊佐町,藤崎
9998434,ヤマガタケン,アクミグンユザマチ,マスホ,山形県,飽海郡遊佐町,増穂
9998432,ヤマガタケン,アクミグンユザマチ,ミヤダ,山形県,飽海郡遊佐町,宮田
9998301,ヤマガタケン,アクミグンユザマチ,ユザ,山形県,飽海郡遊佐町,遊佐
9998302,ヤマガタケン,アクミグンユザマチ,ヨシデ,山形県,飽海郡遊佐町,吉出
