7000000,オカヤマケン,オカヤマシキタク,イカニケイサイガナイバアイ,岡山県,岡山市北区,以下に掲載がない場合
7000045,オカヤマケン,オカヤマシキタク,アオイチョウ,岡山県,岡山市北区,葵町
7000941,オカヤマケン,オカヤマシキタク,アオエ,岡山県,岡山市北区,青江
7000865,オカヤマケン,オカヤマシキタク,アサヒホンマチ,岡山県,岡山市北区,旭本町
7000864,オカヤマケン,オカヤマシキタク,アサヒマチ,岡山県,岡山市北区,旭町
7011463,オカヤマケン,オカヤマシキタク,アシモリ,岡山県,岡山市北区,足守
7000833,オカヤマケン,オカヤマシキタク,アマセ,岡山県,岡山市北区,天瀬
7000834,オカヤマケン,オカヤマシキタク,アマセミナミマチ,岡山県,岡山市北区,天瀬南町
7011461,オカヤマケン,オカヤマシキタク,アワイ,岡山県,岡山市北区,粟井
7000813,オカヤマケン,オカヤマシキタク,イシゼキチョウ,岡山県,岡山市北区,石関町
7011527,オカヤマケン,オカヤマシキタク,イシヅマ,岡山県,岡山市北区,石妻
7000017,オカヤマケン,オカヤマシキタク,イシマキタマチ,岡山県,岡山市北区,伊島北町
7000016,オカヤマケン,オカヤマシキタク,イシマチョウ,岡山県,岡山市北区,伊島町
7000812,オカヤマケン,オカヤマシキタク,イズシチョウ,岡山県,岡山市北区,出石町
7000012,オカヤマケン,オカヤマシキタク,イズミチョウ,岡山県,岡山市北区,いずみ町
7011211,オカヤマケン,オカヤマシキタク,イチノミヤ,岡山県,岡山市北区,一宮
7011203,オカヤマケン,オカヤマシキタク,イチノミヤヤマサキ,岡山県,岡山市北区,一宮山崎
7000013,オカヤマケン,オカヤマシキタク,イフクチョウ,岡山県,岡山市北区,伊福町
7000975,オカヤマケン,オカヤマシキタク,イマ,岡山県,岡山市北区,今
7011204,オカヤマケン,オカヤマシキタク,イマオカ,岡山県,岡山市北区,今岡
7010145,オカヤマケン,オカヤマシキタク,イマボウ,岡山県,岡山市北区,今保
7000974,オカヤマケン,オカヤマシキタク,イマムラ,岡山県,岡山市北区,今村
7000046,オカヤマケン,オカヤマシキタク,イワイ,岡山県,岡山市北区,岩井
7000041,オカヤマケン,オカヤマシキタク,イワイミヤウラ,岡山県,岡山市北区,岩井宮裏
7000022,オカヤマケン,オカヤマシキタク,イワタチョウ,岡山県,岡山市北区,岩田町
7000824,オカヤマケン,オカヤマシキタク,ウチサンゲ,岡山県,岡山市北区,内山下
7000023,オカヤマケン,オカヤマシキタク,エキマエチョウ,岡山県,岡山市北区,駅前町
7000024,オカヤマケン,オカヤマシキタク,エキモトマチ,岡山県,岡山市北区,駅元町
7000028,オカヤマケン,オカヤマシキタク,エズチョウ,岡山県,岡山市北区,絵図町
7011462,オカヤマケン,オカヤマシキタク,オオイ,岡山県,岡山市北区,大井
7010165,オカヤマケン,オカヤマシキタク,オオウチダ,岡山県,岡山市北区,大内田
7011223,オカヤマケン,オカヤマシキタク,オオクボ,岡山県,岡山市北区,大窪
7011336,オカヤマケン,オカヤマシキタク,オオザキ,岡山県,岡山市北区,大崎
7000924,オカヤマケン,オカヤマシキタク,オオモト,岡山県,岡山市北区,大元
7000923,オカヤマケン,オカヤマシキタク,オオモトエキマエ,岡山県,岡山市北区,大元駅前
7000925,オカヤマケン,オカヤマシキタク,オオモトカミマチ,岡山県,岡山市北区,大元上町
7000867,オカヤマケン,オカヤマシキタク,オカマチ,岡山県,岡山市北区,岡町
7000933,オカヤマケン,オカヤマシキタク,オクダ,岡山県,岡山市北区,奥田
7000931,オカヤマケン,オカヤマシキタク,オクダニシマチ,岡山県,岡山市北区,奥田西町
7000932,オカヤマケン,オカヤマシキタク,オクダホンマチ,岡山県,岡山市北区,奥田本町
7000934,オカヤマケン,オカヤマシキタク,オクダミナミマチ,岡山県,岡山市北区,奥田南町
7011212,オカヤマケン,オカヤマシキタク,オノウエ,岡山県,岡山市北区,尾上
7000844,オカヤマケン,オカヤマシキタク,オフナイリチョウ,岡山県,岡山市北区,御舟入町
7000822,オカヤマケン,オカヤマシキタク,オモテチョウ,岡山県,岡山市北区,表町
7011144,オカヤマケン,オカヤマシキタク,カイダニ,岡山県,岡山市北区,栢谷
7000011,オカヤマケン,オカヤマシキタク,ガクナンチョウ,岡山県,岡山市北区,学南町
7011601,オカヤマケン,オカヤマシキタク,カケハタ,岡山県,岡山市北区,掛畑
7000905,オカヤマケン,オカヤマシキタク,カスガチョウ,岡山県,岡山市北区,春日町
7012151,オカヤマケン,オカヤマシキタク,カナヤマジ,岡山県,岡山市北区,金山寺
7011525,オカヤマケン,オカヤマシキタク,カミタカダ,岡山県,岡山市北区,上高田
7011465,オカヤマケン,オカヤマシキタク,カミツチダ,岡山県,岡山市北区,上土田
7000972,オカヤマケン,オカヤマシキタク,カミナカノ,岡山県,岡山市北区,上中野
7011342,オカヤマケン,オカヤマシキタク,カモ,岡山県,岡山市北区,加茂
7011214,オカヤマケン,オカヤマシキタク,カラカワイチバ,岡山県,岡山市北区,辛川市場
7010161,オカヤマケン,オカヤマシキタク,カワイリ,岡山県,岡山市北区,川入
7011605,オカヤマケン,オカヤマシキタク,カワハラ,岡山県,岡山市北区,河原
7000047,オカヤマケン,オカヤマシキタク,カンゼイチョウ,岡山県,岡山市北区,関西町
7000935,オカヤマケン,オカヤマシキタク,カンダチョウ,岡山県,岡山市北区,神田町
7038207,オカヤマケン,オカヤマシキタク,ギオン,岡山県,岡山市北区,祇園
7000803,オカヤマケン,オカヤマシキタク,キタガタ,岡山県,岡山市北区,北方
7000963,オカヤマケン,オカヤマシキタク,キタナガセ,岡山県,岡山市北区,北長瀬
7000962,オカヤマケン,オカヤマシキタク,キタナガセオモテマチ,岡山県,岡山市北区,北長瀬表町
7000961,オカヤマケン,オカヤマシキタク,キタナガセホンマチ,岡山県,岡山市北区,北長瀬本町
7011341,オカヤマケン,オカヤマシキタク,キビツ,岡山県,岡山市北区,吉備津
7000831,オカヤマケン,オカヤマシキタク,キョウバシチョウ,岡山県,岡山市北区,京橋町
7000832,オカヤマケン,オカヤマシキタク,キョウバシミナミマチ,岡山県,岡山市北区,京橋南町
7000838,オカヤマケン,オカヤマシキタク,キョウマチ,岡山県,岡山市北区,京町
7000015,オカヤマケン,オカヤマシキタク,キョウヤマ,岡山県,岡山市北区,京山
7010144,オカヤマケン,オカヤマシキタク,クメ,岡山県,岡山市北区,久米
7000984,オカヤマケン,オカヤマシキタク,クワダチョウ,岡山県,岡山市北区,桑田町
7000985,オカヤマケン,オカヤマシキタク,コウセイチョウ,岡山県,岡山市北区,厚生町
7000866,オカヤマケン,オカヤマシキタク,コウナンチョウ,岡山県,岡山市北区,岡南町
7011201,オカヤマケン,オカヤマシキタク,コウベ,岡山県,岡山市北区,首部
7012152,オカヤマケン,オカヤマシキタク,コウヤジリ,岡山県,岡山市北区,高野尻
7038257,オカヤマケン,オカヤマシキタク,コウラクエン,岡山県,岡山市北区,後楽園
7000021,オカヤマケン,オカヤマシキタク,コクタイチョウ,岡山県,岡山市北区,国体町
7011604,オカヤマケン,オカヤマシキタク,コケヤマ,岡山県,岡山市北区,苔山
7000025,オカヤマケン,オカヤマシキタク,コトブキチョウ,岡山県,岡山市北区,寿町
7011352,オカヤマケン,オカヤマシキタク,コヤマ,岡山県,岡山市北区,小山
7000903,オカヤマケン,オカヤマシキタク,サイワイチョウ,岡山県,岡山市北区,幸町
7011205,オカヤマケン,オカヤマシキタク,サヤマ,岡山県,岡山市北区,佐山
7000914,オカヤマケン,オカヤマシキタク,シカタチョウ,岡山県,岡山市北区,鹿田町
7000915,オカヤマケン,オカヤマシキタク,シカタホンマチ,岡山県,岡山市北区,鹿田本町
7000033,オカヤマケン,オカヤマシキタク,シマダホンマチ,岡山県,岡山市北区,島田本町
7011464,オカヤマケン,オカヤマシキタク,シモアシモリ,岡山県,岡山市北区,下足守
7000907,オカヤマケン,オカヤマシキタク,シモイシイ,岡山県,岡山市北区,下石井
7000052,オカヤマケン,オカヤマシキタク,シモイフク,岡山県,岡山市北区,下伊福
7000051,オカヤマケン,オカヤマシキタク,シモイフクカミマチ,岡山県,岡山市北区,下伊福上町
7000054,オカヤマケン,オカヤマシキタク,シモイフクニシマチ,岡山県,岡山市北区,下伊福西町
7000053,オカヤマケン,オカヤマシキタク,シモイフクホンマチ,岡山県,岡山市北区,下伊福本町
7000846,オカヤマケン,オカヤマシキタク,シモウチダチョウ,岡山県,岡山市北区,下内田町
7011524,オカヤマケン,オカヤマシキタク,シモタカダ,岡山県,岡山市北区,下高田
7011356,オカヤマケン,オカヤマシキタク,シモツチダ,岡山県,岡山市北区,下土田
7000973,オカヤマケン,オカヤマシキタク,シモナカノ,岡山県,岡山市北区,下中野
7012143,オカヤマケン,オカヤマシキタク,シモマキ,岡山県,岡山市北区,下牧
7000001,オカヤマケン,オカヤマシキタク,シュク,岡山県,岡山市北区,宿
7000002,オカヤマケン,オカヤマシキタク,シュクホンマチ,岡山県,岡山市北区,宿本町
7011603,オカヤマケン,オカヤマシキタク,ショウダ,岡山県,岡山市北区,庄田
7000032,オカヤマケン,オカヤマシキタク,ショウワチョウ,岡山県,岡山市北区,昭和町
7010143,オカヤマケン,オカヤマシキタク,シライシ,岡山県,岡山市北区,白石
7010142,オカヤマケン,オカヤマシキタク,シライシニシシンマチ,岡山県,岡山市北区,白石西新町
7010141,オカヤマケン,オカヤマシキタク,シライシヒガシシンマチ,岡山県,岡山市北区,白石東新町
7011345,オカヤマケン,オカヤマシキタク,シンジョウカミ,岡山県,岡山市北区,新庄上
7011344,オカヤマケン,オカヤマシキタク,シンジョウシモ,岡山県,岡山市北区,新庄下
7000863,オカヤマケン,オカヤマシキタク,シンミチ,岡山県,岡山市北区,新道
7000986,オカヤマケン,オカヤマシキタク,シンヤシキチョウ,岡山県,岡山市北区,新屋敷町
7011141,オカヤマケン,オカヤマシキタク,スガノ,岡山県,岡山市北区,菅野
7011522,オカヤマケン,オカヤマシキタク,スギタニ,岡山県,岡山市北区,杉谷
7000861,オカヤマケン,オカヤマシキタク,セイキバシ,岡山県,岡山市北区,清輝橋
7000862,オカヤマケン,オカヤマシキタク,セイキホンマチ,岡山県,岡山市北区,清輝本町
7000027,オカヤマケン,オカヤマシキタク,セイシンチョウ,岡山県,岡山市北区,清心町
7000842,オカヤマケン,オカヤマシキタク,センドウチョウ,岡山県,岡山市北区,船頭町
7011343,オカヤマケン,オカヤマシキタク,ソウヅメ,岡山県,岡山市北区,惣爪
7000062,オカヤマケン,オカヤマシキタク,ダイアンジナカマチ,岡山県,岡山市北区,大安寺中町
7000061,オカヤマケン,オカヤマシキタク,ダイアンジニシマチ,岡山県,岡山市北区,大安寺西町
7000063,オカヤマケン,オカヤマシキタク,ダイアンジヒガシマチ,岡山県,岡山市北区,大安寺東町
7000064,オカヤマケン,オカヤマシキタク,ダイアンジミナミマチ,岡山県,岡山市北区,大安寺南町
7000906,オカヤマケン,オカヤマシキタク,ダイガクチョウ,岡山県,岡山市北区,大学町
7000913,オカヤマケン,オカヤマシキタク,ダイク,岡山県,岡山市北区,大供
7000912,オカヤマケン,オカヤマシキタク,ダイクオモテマチ,岡山県,岡山市北区,大供表町
7000911,オカヤマケン,オカヤマシキタク,ダイクホンマチ,岡山県,岡山市北区,大供本町
7011354,オカヤマケン,オカヤマシキタク,タカツカ,岡山県,岡山市北区,高塚
7011142,オカヤマケン,オカヤマシキタク,タカノ,岡山県,岡山市北区,高野
7011335,オカヤマケン,オカヤマシキタク,タカマツ,岡山県,岡山市北区,高松
7011331,オカヤマケン,オカヤマシキタク,タカマツイナリ,岡山県,岡山市北区,高松稲荷
7011355,オカヤマケン,オカヤマシキタク,タカマツタナカ,岡山県,岡山市北区,高松田中
7011334,オカヤマケン,オカヤマシキタク,タカマツハラコサイ,岡山県,岡山市北区,高松原古才
7000035,オカヤマケン,オカヤマシキタク,タカヤナギニシマチ,岡山県,岡山市北区,高柳西町
7000034,オカヤマケン,オカヤマシキタク,タカヤナギヒガシマチ,岡山県,岡山市北区,高柳東町
7093131,オカヤマケン,オカヤマシキタク,タケベチョウイチバ,岡山県,岡山市北区,建部町市場
7093121,オカヤマケン,オカヤマシキタク,タケベチョウオオダ,岡山県,岡山市北区,建部町大田
7093124,オカヤマケン,オカヤマシキタク,タケベチョウオグラ,岡山県,岡山市北区,建部町小倉
7093112,オカヤマケン,オカヤマシキタク,タケベチョウカワグチ,岡山県,岡山市北区,建部町川口
7093134,オカヤマケン,オカヤマシキタク,タケベチョウサクラ,岡山県,岡山市北区,建部町桜
7093105,オカヤマケン,オカヤマシキタク,タケベチョウサンミョウジ,岡山県,岡山市北区,建部町三明寺
7093141,オカヤマケン,オカヤマシキタク,タケベチョウシナダ,岡山県,岡山市北区,建部町品田
7093113,オカヤマケン,オカヤマシキタク,タケベチョウシモコウメ,岡山県,岡山市北区,建部町下神目
7093142,オカヤマケン,オカヤマシキタク,タケベチョウタケベカミ,岡山県,岡山市北区,建部町建部上
7093145,オカヤマケン,オカヤマシキタク,タケベチョウタジコ,岡山県,岡山市北区,建部町田地子
7093101,オカヤマケン,オカヤマシキタク,タケベチョウタヅタ,岡山県,岡山市北区,建部町鶴田
7093103,オカヤマケン,オカヤマシキタク,タケベチョウツイシウネ,岡山県,岡山市北区,建部町角石畝
7093104,オカヤマケン,オカヤマシキタク,タケベチョウツイシダニ,岡山県,岡山市北区,建部町角石谷
7093144,オカヤマケン,オカヤマシキタク,タケベチョウトミサワ,岡山県,岡山市北区,建部町富沢
7093132,オカヤマケン,オカヤマシキタク,タケベチョウナカダ,岡山県,岡山市北区,建部町中田
7093133,オカヤマケン,オカヤマシキタク,タケベチョウニシバラ,岡山県,岡山市北区,建部町西原
7093123,オカヤマケン,オカヤマシキタク,タケベチョウハジカタ,岡山県,岡山市北区,建部町土師方
7093111,オカヤマケン,オカヤマシキタク,タケベチョウフクワタリ,岡山県,岡山市北区,建部町福渡
7093114,オカヤマケン,オカヤマシキタク,タケベチョウブラクジ,岡山県,岡山市北区,建部町豊楽寺
7093143,オカヤマケン,オカヤマシキタク,タケベチョウミヤジ,岡山県,岡山市北区,建部町宮地
7093122,オカヤマケン,オカヤマシキタク,タケベチョウヨシダ,岡山県,岡山市北区,建部町吉田
7093102,オカヤマケン,オカヤマシキタク,タケベチョウワダミナミ,岡山県,岡山市北区,建部町和田南
7011333,オカヤマケン,オカヤマシキタク,タツタ,岡山県,岡山市北区,立田
7000976,オカヤマケン,オカヤマシキタク,タツミ,岡山県,岡山市北区,辰巳
7000951,オカヤマケン,オカヤマシキタク,タナカ,岡山県,岡山市北区,田中
7000071,オカヤマケン,オカヤマシキタク,タニマンナリ,岡山県,岡山市北区,谷万成
7011132,オカヤマケン,オカヤマシキタク,タバラ,岡山県,岡山市北区,田原
7012142,オカヤマケン,オカヤマシキタク,タマガシ,岡山県,岡山市北区,玉柏
7011154,オカヤマケン,オカヤマシキタク,タマス,岡山県,岡山市北区,田益
7000825,オカヤマケン,オカヤマシキタク,タマチ,岡山県,岡山市北区,田町
7000836,オカヤマケン,オカヤマシキタク,チュウオウチョウ,岡山県,岡山市北区,中央町
7000014,オカヤマケン,オカヤマシキタク,ツクラチョウ,岡山県,岡山市北区,津倉町
7000087,オカヤマケン,オカヤマシキタク,ツシマキョウマチ,岡山県,岡山市北区,津島京町
7000084,オカヤマケン,オカヤマシキタク,ツシマクワノキチョウ,岡山県,岡山市北区,津島桑の木町
7000088,オカヤマケン,オカヤマシキタク,ツシマササガセ,岡山県,岡山市北区,津島笹が瀬
7000082,オカヤマケン,オカヤマシキタク,ツシマナカ,岡山県,岡山市北区,津島中
7000083,オカヤマケン,オカヤマシキタク,ツシマニイノ,岡山県,岡山市北区,津島新野
7000086,オカヤマケン,オカヤマシキタク,ツシマニシザカ,岡山県,岡山市北区,津島西坂
7000081,オカヤマケン,オカヤマシキタク,ツシマヒガシ,岡山県,岡山市北区,津島東
7000080,オカヤマケン,オカヤマシキタク,ツシマフクイ,岡山県,岡山市北区,津島福居
7000089,オカヤマケン,オカヤマシキタク,ツシマホンマチ,岡山県,岡山市北区,津島本町
7000085,オカヤマケン,オカヤマシキタク,ツシマミナミ,岡山県,岡山市北区,津島南
7011152,オカヤマケン,オカヤマシキタク,ツダカ,岡山県,岡山市北区,津高
7011151,オカヤマケン,オカヤマシキタク,ツダカダイ,岡山県,岡山市北区,津高台
7011346,オカヤマケン,オカヤマシキタク,ツデラ,岡山県,岡山市北区,津寺
7000814,オカヤマケン,オカヤマシキタク,テンジンチョウ,岡山県,岡山市北区,天神町
7000977,オカヤマケン,オカヤマシキタク,トイヤチョウ,岡山県,岡山市北区,問屋町
7000855,オカヤマケン,オカヤマシキタク,トウカイチナカマチ,岡山県,岡山市北区,十日市中町
7000856,オカヤマケン,オカヤマシキタク,トウカイチニシマチ,岡山県,岡山市北区,十日市西町
7000854,オカヤマケン,オカヤマシキタク,トウカイチヒガシマチ,岡山県,岡山市北区,十日市東町
7000826,オカヤマケン,オカヤマシキタク,トギヤチョウ,岡山県,岡山市北区,磨屋町
7000936,オカヤマケン,オカヤマシキタク,トミタ,岡山県,岡山市北区,富田
7011153,オカヤマケン,オカヤマシキタク,トミハラ,岡山県,岡山市北区,富原
7000031,オカヤマケン,オカヤマシキタク,トミマチ,岡山県,岡山市北区,富町
7011133,オカヤマケン,オカヤマシキタク,トミヨシ,岡山県,岡山市北区,富吉
7000816,オカヤマケン,オカヤマシキタク,トンダチョウ,岡山県,岡山市北区,富田町
7000804,オカヤマケン,オカヤマシキタク,ナカイチョウ,岡山県,岡山市北区,中井町
7000821,オカヤマケン,オカヤマシキタク,ナカサンゲ,岡山県,岡山市北区,中山下
7000982,オカヤマケン,オカヤマシキタク,ナカシマダチョウ,岡山県,岡山市北区,中島田町
7000964,オカヤマケン,オカヤマシキタク,ナカセンドウ,岡山県,岡山市北区,中仙道
7010163,オカヤマケン,オカヤマシキタク,ナカナツカワ,岡山県,岡山市北区,中撫川
7011224,オカヤマケン,オカヤマシキタク,ナガノ,岡山県,岡山市北区,長野
7012155,オカヤマケン,オカヤマシキタク,ナカハラ,岡山県,岡山市北区,中原
7012144,オカヤマケン,オカヤマシキタク,ナカマキ,岡山県,岡山市北区,中牧
7010164,オカヤマケン,オカヤマシキタク,ナツカワ,岡山県,岡山市北区,撫川
7000851,オカヤマケン,オカヤマシキタク,ナノカイチニシマチ,岡山県,岡山市北区,七日市西町
7000852,オカヤマケン,オカヤマシキタク,ナノカイチヒガシマチ,岡山県,岡山市北区,七日市東町
7011202,オカヤマケン,オカヤマシキタク,ナラヅ,岡山県,岡山市北区,楢津
7000953,オカヤマケン,オカヤマシキタク,ニシイチ,岡山県,岡山市北区,西市
7011213,オカヤマケン,オカヤマシキタク,ニシカラカワ,岡山県,岡山市北区,西辛川
7000902,オカヤマケン,オカヤマシキタク,ニシキマチ,岡山県,岡山市北区,錦町
7000055,オカヤマケン,オカヤマシキタク,ニシザキ,岡山県,岡山市北区,西崎
7000056,オカヤマケン,オカヤマシキタク,ニシザキホンマチ,岡山県,岡山市北区,西崎本町
7000981,オカヤマケン,オカヤマシキタク,ニシシマダチョウ,岡山県,岡山市北区,西島田町
7000965,オカヤマケン,オカヤマシキタク,ニシナガセ,岡山県,岡山市北区,西長瀬
7000916,オカヤマケン,オカヤマシキタク,ニシノチョウ,岡山県,岡山市北区,西之町
7000067,オカヤマケン,オカヤマシキタク,ニシノヤマチョウ,岡山県,岡山市北区,西野山町
7010136,オカヤマケン,オカヤマシキタク,ニシハナジリ,岡山県,岡山市北区,西花尻
7000927,オカヤマケン,オカヤマシキタク,ニシフルマツ,岡山県,岡山市北区,西古松
7000926,オカヤマケン,オカヤマシキタク,ニシフルマツニシマチ,岡山県,岡山市北区,西古松西町
7011612,オカヤマケン,オカヤマシキタク,ニシヤマノウチ,岡山県,岡山市北区,西山内
7011131,オカヤマケン,オカヤマシキタク,ニチオウジ,岡山県,岡山市北区,日応寺
7010153,オカヤマケン,オカヤマシキタク,ニワセ,岡山県,岡山市北区,庭瀬
7010162,オカヤマケン,オカヤマシキタク,ノウソ,岡山県,岡山市北区,納所
7000971,オカヤマケン,オカヤマシキタク,ノダ,岡山県,岡山市北区,野田
7000815,オカヤマケン,オカヤマシキタク,ノダヤチョウ,岡山県,岡山市北区,野田屋町
7000066,オカヤマケン,オカヤマシキタク,ノドノニシマチ,岡山県,岡山市北区,野殿西町
7000065,オカヤマケン,オカヤマシキタク,ノドノヒガシマチ,岡山県,岡山市北区,野殿東町
7010152,オカヤマケン,オカヤマシキタク,ノブトモ,岡山県,岡山市北区,延友
7011221,オカヤマケン,オカヤマシキタク,ハガ,岡山県,岡山市北区,芳賀
7012153,オカヤマケン,オカヤマシキタク,ハタアユ,岡山県,岡山市北区,畑鮎
7010134,オカヤマケン,オカヤマシキタク,ハナジリ,岡山県,岡山市北区,花尻
7010133,オカヤマケン,オカヤマシキタク,ハナジリアカネマチ,岡山県,岡山市北区,花尻あかね町
7010132,オカヤマケン,オカヤマシキタク,ハナジリキキョウマチ,岡山県,岡山市北区,花尻ききょう町
7010131,オカヤマケン,オカヤマシキタク,ハナジリミドリマチ,岡山県,岡山市北区,花尻みどり町
7012154,オカヤマケン,オカヤマシキタク,ハラ,岡山県,岡山市北区,原
7000818,オカヤマケン,オカヤマシキタク,バンザンチョウ,岡山県,岡山市北区,蕃山町
7000003,オカヤマケン,オカヤマシキタク,ハンダチョウ,岡山県,岡山市北区,半田町
7000811,オカヤマケン,オカヤマシキタク,バンチョウ,岡山県,岡山市北区,番町
7000983,オカヤマケン,オカヤマシキタク,ヒガシシマダチョウ,岡山県,岡山市北区,東島田町
7000835,オカヤマケン,オカヤマシキタク,ヒガシチュウオウチョウ,岡山県,岡山市北区,東中央町
7000068,オカヤマケン,オカヤマシキタク,ヒガシノヤマチョウ,岡山県,岡山市北区,東野山町
7010135,オカヤマケン,オカヤマシキタク,ヒガシハナジリ,岡山県,岡山市北区,東花尻
7000921,オカヤマケン,オカヤマシキタク,ヒガシフルマツ,岡山県,岡山市北区,東古松
7000922,オカヤマケン,オカヤマシキタク,ヒガシフルマツミナミマチ,岡山県,岡山市北区,東古松南町
7011611,オカヤマケン,オカヤマシキタク,ヒガシヤマノウチ,岡山県,岡山市北区,東山内
7011521,オカヤマケン,オカヤマシキタク,ヒジカイ,岡山県,岡山市北区,日近
7000966,オカヤマケン,オカヤマシキタク,ヒヨシチョウ,岡山県,岡山市北区,日吉町
7000952,オカヤマケン,オカヤマシキタク,ヒラタ,岡山県,岡山市北区,平田
7010151,オカヤマケン,オカヤマシキタク,ヒラノ,岡山県,岡山市北区,平野
7011332,オカヤマケン,オカヤマシキタク,ヒラヤマ,岡山県,岡山市北区,平山
7000806,オカヤマケン,オカヤマシキタク,ヒロセチョウ,岡山県,岡山市北区,広瀬町
7011357,オカヤマケン,オカヤマシキタク,フクザキ,岡山県,岡山市北区,福崎
7011225,オカヤマケン,オカヤマシキタク,フクタニ,岡山県,岡山市北区,福谷
7000843,オカヤマケン,オカヤマシキタク,フツカイチマチ,岡山県,岡山市北区,二日市町
7000841,オカヤマケン,オカヤマシキタク,フナバシチョウ,岡山県,岡山市北区,舟橋町
7000805,オカヤマケン,オカヤマシキタク,ヘイダン,岡山県,岡山市北区,兵団
7000827,オカヤマケン,オカヤマシキタク,ヘイワチョウ,岡山県,岡山市北区,平和町
7000004,オカヤマケン,オカヤマシキタク,ホウカイイン,岡山県,岡山市北区,法界院
7000026,オカヤマケン,オカヤマシキタク,ホウカンチョウ,岡山県,岡山市北区,奉還町
7000901,オカヤマケン,オカヤマシキタク,ホンマチ,岡山県,岡山市北区,本町
7011613,オカヤマケン,オカヤマシキタク,マグラ,岡山県,岡山市北区,間倉
7011222,オカヤマケン,オカヤマシキタク,マツオ,岡山県,岡山市北区,松尾
7011602,オカヤマケン,オカヤマシキタク,マナボシ,岡山県,岡山市北区,真星
7000823,オカヤマケン,オカヤマシキタク,マルノウチ,岡山県,岡山市北区,丸の内
7000073,オカヤマケン,オカヤマシキタク,マンナリニシマチ,岡山県,岡山市北区,万成西町
7000072,オカヤマケン,オカヤマシキタク,マンナリヒガシマチ,岡山県,岡山市北区,万成東町
7000043,オカヤマケン,オカヤマシキタク,ミカドナカマチ,岡山県,岡山市北区,三門中町
7000044,オカヤマケン,オカヤマシキタク,ミカドニシマチ,岡山県,岡山市北区,三門西町
7000042,オカヤマケン,オカヤマシキタク,ミカドヒガシマチ,岡山県,岡山市北区,三門東町
7092101,オカヤマケン,オカヤマシキタク,ミツイシカミ,岡山県,岡山市北区,御津石上
7092105,オカヤマケン,オカヤマシキタク,ミツイタ,岡山県,岡山市北区,御津伊田
7092125,オカヤマケン,オカヤマシキタク,ミツウカイ,岡山県,岡山市北区,御津宇甘
7092121,オカヤマケン,オカヤマシキタク,ミツウガキ,岡山県,岡山市北区,御津宇垣
7092131,オカヤマケン,オカヤマシキタク,ミツカセ,岡山県,岡山市北区,御津鹿瀬
7092126,オカヤマケン,オカヤマシキタク,ミツカツオ,岡山県,岡山市北区,御津勝尾
7092133,オカヤマケン,オカヤマシキタク,ミツカナガワ,岡山県,岡山市北区,御津金川
7092111,オカヤマケン,オカヤマシキタク,ミツカワタカ,岡山県,岡山市北区,御津川高
7092115,オカヤマケン,オカヤマシキタク,ミツキタノ,岡山県,岡山市北区,御津北野
7092132,オカヤマケン,オカヤマシキタク,ミツクソウ,岡山県,岡山市北区,御津草生
7092112,オカヤマケン,オカヤマシキタク,ミツクニガハラ,岡山県,岡山市北区,御津国ケ原
7092123,オカヤマケン,オカヤマシキタク,ミツコウチ,岡山県,岡山市北区,御津河内
7092137,オカヤマケン,オカヤマシキタク,ミツコグラ,岡山県,岡山市北区,御津虎倉
7092136,オカヤマケン,オカヤマシキタク,ミツシトリ,岡山県,岡山市北区,御津紙工
7092134,オカヤマケン,オカヤマシキタク,ミツシモダ,岡山県,岡山市北区,御津下田
7092106,オカヤマケン,オカヤマシキタク,ミツシンジョウ,岡山県,岡山市北区,御津新庄
7092124,オカヤマケン,オカヤマシキタク,ミツタカヅ,岡山県,岡山市北区,御津高津
7092135,オカヤマケン,オカヤマシキタク,ミツナカイズミ,岡山県,岡山市北区,御津中泉
7092102,オカヤマケン,オカヤマシキタク,ミツナカハタ,岡山県,岡山市北区,御津中畑
7092114,オカヤマケン,オカヤマシキタク,ミツナカマキ,岡山県,岡山市北区,御津中牧
7092116,オカヤマケン,オカヤマシキタク,ミツナカヤマ,岡山県,岡山市北区,御津中山
7092117,オカヤマケン,オカヤマシキタク,ミツノノクチ,岡山県,岡山市北区,御津野々口
7092104,オカヤマケン,オカヤマシキタク,ミツヒラオカニシ,岡山県,岡山市北区,御津平岡西
7092103,オカヤマケン,オカヤマシキタク,ミツヤチ,岡山県,岡山市北区,御津矢知
7092107,オカヤマケン,オカヤマシキタク,ミツヤバラ,岡山県,岡山市北区,御津矢原
7092122,オカヤマケン,オカヤマシキタク,ミツヨシオ,岡山県,岡山市北区,御津吉尾
7092113,オカヤマケン,オカヤマシキタク,ミツヨシタニ,岡山県,岡山市北区,御津芳谷
7011353,オカヤマケン,オカヤマシキタク,ミテ,岡山県,岡山市北区,三手
7011134,オカヤマケン,オカヤマシキタク,ミト,岡山県,岡山市北区,三和
7000807,オカヤマケン,オカヤマシキタク,ミナミガタ,岡山県,岡山市北区,南方
7000837,オカヤマケン,オカヤマシキタク,ミナミチュウオウチョウ,岡山県,岡山市北区,南中央町
7000802,オカヤマケン,オカヤマシキタク,ミノ,岡山県,岡山市北区,三野
7000801,オカヤマケン,オカヤマシキタク,ミノホンマチ,岡山県,岡山市北区,三野本町
7012141,オカヤマケン,オカヤマシキタク,ムサ,岡山県,岡山市北区,牟佐
7011351,オカヤマケン,オカヤマシキタク,モンゼン,岡山県,岡山市北区,門前
7000076,オカヤマケン,オカヤマシキタク,ヤサカニシマチ,岡山県,岡山市北区,矢坂西町
7000074,オカヤマケン,オカヤマシキタク,ヤサカヒガシマチ,岡山県,岡山市北区,矢坂東町
7000075,オカヤマケン,オカヤマシキタク,ヤサカホンマチ,岡山県,岡山市北区,矢坂本町
7000904,オカヤマケン,オカヤマシキタク,ヤナギマチ,岡山県,岡山市北区,柳町
7000847,オカヤマケン,オカヤマシキタク,ヤマシナチョウ,岡山県,岡山市北区,山科町
7000808,オカヤマケン,オカヤマシキタク,ヤマトマチ,岡山県,岡山市北区,大和町
7011526,オカヤマケン,オカヤマシキタク,ヤマノウエ,岡山県,岡山市北区,山上
7000817,オカヤマケン,オカヤマシキタク,ユミノチョウ,岡山県,岡山市北区,弓之町
7011145,オカヤマケン,オカヤマシキタク,ヨコイカミ,岡山県,岡山市北区,横井上
7011226,オカヤマケン,オカヤマシキタク,ヨコオ,岡山県,岡山市北区,横尾
7011523,オカヤマケン,オカヤマシキタク,ヨシ,岡山県,岡山市北区,吉
7011143,オカヤマケン,オカヤマシキタク,ヨシムネ,岡山県,岡山市北区,吉宗
7000005,オカヤマケン,オカヤマシキタク,リダイチョウ,岡山県,岡山市北区,理大町
7011337,オカヤマケン,オカヤマシキタク,ワイモト,岡山県,岡山市北区,和井元
7000000,オカヤマケン,オカヤマシナカク,イカニケイサイガナイバアイ,岡山県,岡山市中区,以下に掲載がない場合
7038288,オカヤマケン,オカヤマシナカク,アカサカホンマチ,岡山県,岡山市中区,赤坂本町
7038283,オカヤマケン,オカヤマシナカク,アカサカミナミシンマチ,岡山県,岡山市中区,赤坂南新町
7038287,オカヤマケン,オカヤマシナカク,アカサカダイ,岡山県,岡山市中区,赤坂台
7038231,オカヤマケン,オカヤマシナカク,アコダ,岡山県,岡山市中区,赤田
7038284,オカヤマケン,オカヤマシナカク,アミノハマ,岡山県,岡山市中区,網浜
7038208,オカヤマケン,オカヤマシナカク,イマザイケ,岡山県,岡山市中区,今在家
7038226,オカヤマケン,オカヤマシナカク,イマダニ,岡山県,岡山市中区,今谷
7028005,オカヤマケン,オカヤマシナカク,エザキ,岡山県,岡山市中区,江崎
7028004,オカヤマケン,オカヤマシナカク,エナミ,岡山県,岡山市中区,江並
7028001,オカヤマケン,オカヤマシナカク,オキモト,岡山県,岡山市中区,沖元
7038272,オカヤマケン,オカヤマシナカク,オクイチ,岡山県,岡山市中区,奥市
7038228,オカヤマケン,オカヤマシナカク,オタミ,岡山県,岡山市中区,乙多見
7038277,オカヤマケン,オカヤマシナカク,オナリチョウ,岡山県,岡山市中区,御成町
7038204,オカヤマケン,オカヤマシナカク,オマチ,岡山県,岡山市中区,雄町
7038273,オカヤマケン,オカヤマシナカク,カドタブンカマチ,岡山県,岡山市中区,門田文化町
7038274,オカヤマケン,オカヤマシナカク,カドタホンマチ,岡山県,岡山市中区,門田本町
7038275,オカヤマケン,オカヤマシナカク,カドタヤシキ,岡山県,岡山市中区,門田屋敷
7038276,オカヤマケン,オカヤマシナカク,カドタヤシキホンマチ,岡山県,岡山市中区,門田屋敷本町
7038227,オカヤマケン,オカヤマシナカク,カネモト,岡山県,岡山市中区,兼基
7038207,オカヤマケン,オカヤマシナカク,ギオン,岡山県,岡山市中区,祇園
7038286,オカヤマケン,オカヤマシナカク,キョクトウチョウ,岡山県,岡山市中区,旭東町
7038236,オカヤマケン,オカヤマシナカク,クニトミ,岡山県,岡山市中区,国富
7038265,オカヤマケン,オカヤマシナカク,クラタ,岡山県,岡山市中区,倉田
7038264,オカヤマケン,オカヤマシナカク,クラトミ,岡山県,岡山市中区,倉富
7038263,オカヤマケン,オカヤマシナカク,クラマス,岡山県,岡山市中区,倉益
7028002,オカヤマケン,オカヤマシナカク,クワノ,岡山県,岡山市中区,桑野
7038225,オカヤマケン,オカヤマシナカク,コウシタ,岡山県,岡山市中区,神下
7038203,オカヤマケン,オカヤマシナカク,コクフイチバ,岡山県,岡山市中区,国府市場
7038293,オカヤマケン,オカヤマシナカク,コバシチョウ,岡山県,岡山市中区,小橋町
7038248,オカヤマケン,オカヤマシナカク,サイ,岡山県,岡山市中区,さい
7038247,オカヤマケン,オカヤマシナカク,サイヒガシマチ,岡山県,岡山市中区,さい東町
7038296,オカヤマケン,オカヤマシナカク,サクラジュウザ,岡山県,岡山市中区,さくら住座
7038285,オカヤマケン,オカヤマシナカク,サクラバシ,岡山県,岡山市中区,桜橋
7038234,オカヤマケン,オカヤマシナカク,サワダ,岡山県,岡山市中区,沢田
7038201,オカヤマケン,オカヤマシナカク,シノゴゼ,岡山県,岡山市中区,四御神
7038243,オカヤマケン,オカヤマシナカク,シミズ,岡山県,岡山市中区,清水
7038222,オカヤマケン,オカヤマシナカク,シモ,岡山県,岡山市中区,下
7038206,オカヤマケン,オカヤマシナカク,ショウダ,岡山県,岡山市中区,賞田
7038294,オカヤマケン,オカヤマシナカク,シンキョウバシ,岡山県,岡山市中区,新京橋
7028003,オカヤマケン,オカヤマシナカク,シンチッコウ,岡山県,岡山市中区,新築港
7038238,オカヤマケン,オカヤマシナカク,スミヨシチョウ,岡山県,岡山市中区,住吉町
7038232,オカヤマケン,オカヤマシナカク,セキ,岡山県,岡山市中区,関
7038242,オカヤマケン,オカヤマシナカク,タカシマ,岡山県,岡山市中区,高島
7038241,オカヤマケン,オカヤマシナカク,タカシマシンヤシキ,岡山県,岡山市中区,高島新屋敷
7038233,オカヤマケン,オカヤマシナカク,タカヤ,岡山県,岡山市中区,高屋
7038251,オカヤマケン,オカヤマシナカク,タケダ,岡山県,岡山市中区,竹田
7038292,オカヤマケン,オカヤマシナカク,チュウナゴンチョウ,岡山県,岡山市中区,中納言町
7038217,オカヤマケン,オカヤマシナカク,ツチダ,岡山県,岡山市中区,土田
7038291,オカヤマケン,オカヤマシナカク,トクヨシチョウ,岡山県,岡山市中区,徳吉町
7038205,オカヤマケン,オカヤマシナカク,ナカイ,岡山県,岡山市中区,中井
7038221,オカヤマケン,オカヤマシナカク,ナガオカ,岡山県,岡山市中区,長岡
7038252,オカヤマケン,オカヤマシナカク,ナカシマ,岡山県,岡山市中区,中島
7038223,オカヤマケン,オカヤマシナカク,ナガトシ,岡山県,岡山市中区,長利
7038258,オカヤマケン,オカヤマシナカク,ニシガワラ,岡山県,岡山市中区,西川原
7038298,オカヤマケン,オカヤマシナカク,ニシナカジマチョウ,岡山県,岡山市中区,西中島町
7038256,オカヤマケン,オカヤマシナカク,ハマ,岡山県,岡山市中区,浜
7038235,オカヤマケン,オカヤマシナカク,ハラオシマ,岡山県,岡山市中区,原尾島
7038255,オカヤマケン,オカヤマシナカク,ヒガシガワラ,岡山県,岡山市中区,東川原
7038297,オカヤマケン,オカヤマシナカク,ヒガシナカジマチョウ,岡山県,岡山市中区,東中島町
7038281,オカヤマケン,オカヤマシナカク,ヒガシヤマ,岡山県,岡山市中区,東山
7038282,オカヤマケン,オカヤマシナカク,ヒライ,岡山県,岡山市中区,平井
7038262,オカヤマケン,オカヤマシナカク,フクドマリ,岡山県,岡山市中区,福泊
7028006,オカヤマケン,オカヤマシナカク,フジサキ,岡山県,岡山市中区,藤崎
7038245,オカヤマケン,オカヤマシナカク,フジワラ,岡山県,岡山市中区,藤原
7038244,オカヤマケン,オカヤマシナカク,フジワラニシマチ,岡山県,岡山市中区,藤原西町
7038246,オカヤマケン,オカヤマシナカク,フジワラヒカリマチ,岡山県,岡山市中区,藤原光町
7038278,オカヤマケン,オカヤマシナカク,フルギョウチョウ,岡山県,岡山市中区,古京町
7038271,オカヤマケン,オカヤマシナカク,マルヤマ,岡山県,岡山市中区,円山
7038266,オカヤマケン,オカヤマシナカク,ミナト,岡山県,岡山市中区,湊
7038295,オカヤマケン,オカヤマシナカク,ミユキチョウ,岡山県,岡山市中区,御幸町
7038261,オカヤマケン,オカヤマシナカク,ミヨシ,岡山県,岡山市中区,海吉
7038237,オカヤマケン,オカヤマシナカク,モリシタチョウ,岡山県,岡山市中区,森下町
7038254,オカヤマケン,オカヤマシナカク,ヤハタ,岡山県,岡山市中区,八幡
7038253,オカヤマケン,オカヤマシナカク,ヤハタヒガシマチ,岡山県,岡山市中区,八幡東町
7038267,オカヤマケン,オカヤマシナカク,ヤマサキ,岡山県,岡山市中区,山崎
7038202,オカヤマケン,オカヤマシナカク,ユバ,岡山県,岡山市中区,湯迫
7038224,オカヤマケン,オカヤマシナカク,ヨネダ,岡山県,岡山市中区,米田
7000000,オカヤマケン,オカヤマシヒガシク,イカニケイサイガナイバアイ,岡山県,岡山市東区,以下に掲載がない場合
7090605,オカヤマケン,オカヤマシヒガシク,アサカワ,岡山県,岡山市東区,浅川
7048181,オカヤマケン,オカヤマシヒガシク,アサゴエ,岡山県,岡山市東区,浅越
7048153,オカヤマケン,オカヤマシヒガシク,イヌジマ,岡山県,岡山市東区,犬島
7090612,オカヤマケン,オカヤマシヒガシク,ウチガハラ,岡山県,岡山市東区,内ケ原
7090607,オカヤマケン,オカヤマシヒガシク,ウラマ,岡山県,岡山市東区,浦間
7048172,オカヤマケン,オカヤマシヒガシク,オオダラチョウ,岡山県,岡山市東区,大多羅町
7048132,オカヤマケン,オカヤマシヒガシク,オクノゴウ,岡山県,岡山市東区,邑久郷
7048137,オカヤマケン,オカヤマシヒガシク,オトゴ,岡山県,岡山市東区,乙子
7048173,オカヤマケン,オカヤマシヒガシク,カチ,岡山県,岡山市東区,可知
7048193,オカヤマケン,オカヤマシヒガシク,カナオカニシマチ,岡山県,岡山市東区,金岡西町
7048194,オカヤマケン,オカヤマシヒガシク,カナオカヒガシマチ,岡山県,岡山市東区,金岡東町
7048196,オカヤマケン,オカヤマシヒガシク,カナダ,岡山県,岡山市東区,金田
7048142,オカヤマケン,オカヤマシヒガシク,カミアチ,岡山県,岡山市東区,上阿知
7048138,オカヤマケン,オカヤマシヒガシク,カンザキチョウ,岡山県,岡山市東区,神崎町
7048134,オカヤマケン,オカヤマシヒガシク,キタコウダ,岡山県,岡山市東区,北幸田
7048166,オカヤマケン,オカヤマシヒガシク,キミツ,岡山県,岡山市東区,君津
7048154,オカヤマケン,オカヤマシヒガシク,クグイ,岡山県,岡山市東区,久々井
7090635,オカヤマケン,オカヤマシヒガシク,クサカベ,岡山県,岡山市東区,草ケ部
7048161,オカヤマケン,オカヤマシヒガシク,クバン,岡山県,岡山市東区,九蟠
7048102,オカヤマケン,オカヤマシヒガシク,クボ,岡山県,岡山市東区,久保
7038214,オカヤマケン,オカヤマシヒガシク,クロガネ,岡山県,岡山市東区,鉄
7048149,オカヤマケン,オカヤマシヒガシク,コウチザキチョウ,岡山県,岡山市東区,幸地崎町
7048164,オカヤマケン,オカヤマシヒガシク,コウツ,岡山県,岡山市東区,光津
7048103,オカヤマケン,オカヤマシヒガシク,コウモトチョウ,岡山県,岡山市東区,河本町
7038212,オカヤマケン,オカヤマシヒガシク,コズシュク,岡山県,岡山市東区,古都宿
7038215,オカヤマケン,オカヤマシヒガシク,コズミナミガタ,岡山県,岡山市東区,古都南方
7090615,オカヤマケン,オカヤマシヒガシク,サイザキ,岡山県,岡山市東区,才崎
7048113,オカヤマケン,オカヤマシヒガシク,サイダイジ,岡山県,岡山市東区,西大寺
7048121,オカヤマケン,オカヤマシヒガシク,サイダイジイコシ,岡山県,岡山市東区,西大寺射越
7048144,オカヤマケン,オカヤマシヒガシク,サイダイジイチノミヤ,岡山県,岡山市東区,西大寺一宮
7048195,オカヤマケン,オカヤマシヒガシク,サイダイジカナオカ,岡山県,岡山市東区,西大寺金岡
7048112,オカヤマケン,オカヤマシヒガシク,サイダイジカミ,岡山県,岡山市東区,西大寺上
7048125,オカヤマケン,オカヤマシヒガシク,サイダイジカワグチ,岡山県,岡山市東区,西大寺川口
7048111,オカヤマケン,オカヤマシヒガシク,サイダイジキタ,岡山県,岡山市東区,西大寺北
7048124,オカヤマケン,オカヤマシヒガシク,サイダイジゴミョウ,岡山県,岡山市東区,西大寺五明
7048127,オカヤマケン,オカヤマシヒガシク,サイダイジシン,岡山県,岡山市東区,西大寺新
7048122,オカヤマケン,オカヤマシヒガシク,サイダイジシンチ,岡山県,岡山市東区,西大寺新地
7048116,オカヤマケン,オカヤマシヒガシク,サイダイジナカ,岡山県,岡山市東区,西大寺中
7048191,オカヤマケン,オカヤマシヒガシク,サイダイジナカノ,岡山県,岡山市東区,西大寺中野
7048192,オカヤマケン,オカヤマシヒガシク,サイダイジナカノホンマチ,岡山県,岡山市東区,西大寺中野本町
7048126,オカヤマケン,オカヤマシヒガシク,サイダイジハマ,岡山県,岡山市東区,西大寺浜
7048114,オカヤマケン,オカヤマシヒガシク,サイダイジヒガシ,岡山県,岡山市東区,西大寺東
7048183,オカヤマケン,オカヤマシヒガシク,サイダイジマツザキ,岡山県,岡山市東区,西大寺松崎
7048117,オカヤマケン,オカヤマシヒガシク,サイダイジミナミ,岡山県,岡山市東区,西大寺南
7048123,オカヤマケン,オカヤマシヒガシク,サイダイジモンゼン,岡山県,岡山市東区,西大寺門前
7048101,オカヤマケン,オカヤマシヒガシク,サイリュウジ,岡山県,岡山市東区,西隆寺
7038216,オカヤマケン,オカヤマシヒガシク,シジカイ,岡山県,岡山市東区,宍甘
7048141,オカヤマケン,オカヤマシヒガシク,シモアチ,岡山県,岡山市東区,下阿知
7048133,オカヤマケン,オカヤマシヒガシク,シュクモ,岡山県,岡山市東区,宿毛
7090625,オカヤマケン,オカヤマシヒガシク,ジョウトウキタガタ,岡山県,岡山市東区,上道北方
7090624,オカヤマケン,オカヤマシヒガシク,ジョウトウダイニシ,岡山県,岡山市東区,城東台西
7090622,オカヤマケン,オカヤマシヒガシク,ジョウトウダイヒガシ,岡山県,岡山市東区,城東台東
7090623,オカヤマケン,オカヤマシヒガシク,ジョウトウダイミナミ,岡山県,岡山市東区,城東台南
7048148,オカヤマケン,オカヤマシヒガシク,スイモンチョウ,岡山県,岡山市東区,水門町
7090634,オカヤマケン,オカヤマシヒガシク,スナバ,岡山県,岡山市東区,砂場
7090603,オカヤマケン,オカヤマシヒガシク,セイソ,岡山県,岡山市東区,西祖
7090853,オカヤマケン,オカヤマシヒガシク,セトチョウアサヒガオカ,岡山県,岡山市東区,瀬戸町旭ヶ丘
7090854,オカヤマケン,オカヤマシヒガシク,セトチョウエジリ,岡山県,岡山市東区,瀬戸町江尻
7090851,オカヤマケン,オカヤマシヒガシク,セトチョウオオチ,岡山県,岡山市東区,瀬戸町大内
7090855,オカヤマケン,オカヤマシヒガシク,セトチョウオキ,岡山県,岡山市東区,瀬戸町沖
7090845,オカヤマケン,オカヤマシヒガシク,セトチョウカジヤ,岡山県,岡山市東区,瀬戸町鍛冶屋
7090852,オカヤマケン,オカヤマシヒガシク,セトチョウカタセ,岡山県,岡山市東区,瀬戸町肩脊
7090863,オカヤマケン,オカヤマシヒガシク,セトチョウカンオンジ,岡山県,岡山市東区,瀬戸町観音寺
7090865,オカヤマケン,オカヤマシヒガシク,セトチョウキクヤマ,岡山県,岡山市東区,瀬戸町菊山
7090876,オカヤマケン,オカヤマシヒガシク,セトチョウコウミョウタニ,岡山県,岡山市東区,瀬戸町光明谷
7090873,オカヤマケン,オカヤマシヒガシク,セトチョウサカネ,岡山県,岡山市東区,瀬戸町坂根
7090862,オカヤマケン,オカヤマシヒガシク,セトチョウササオカ,岡山県,岡山市東区,瀬戸町笹岡
7090871,オカヤマケン,オカヤマシヒガシク,セトチョウシオノウ,岡山県,岡山市東区,瀬戸町塩納
7090856,オカヤマケン,オカヤマシヒガシク,セトチョウシモ,岡山県,岡山市東区,瀬戸町下
7090864,オカヤマケン,オカヤマシヒガシク,セトチョウシュクオク,岡山県,岡山市東区,瀬戸町宿奥
7090861,オカヤマケン,オカヤマシヒガシク,セトチョウセト,岡山県,岡山市東区,瀬戸町瀬戸
7090872,オカヤマケン,オカヤマシヒガシク,セトチョウソウドウ,岡山県,岡山市東区,瀬戸町宗堂
7090846,オカヤマケン,オカヤマシヒガシク,セトチョウダイイ,岡山県,岡山市東区,瀬戸町大井
7090875,オカヤマケン,オカヤマシヒガシク,セトチョウテラジ,岡山県,岡山市東区,瀬戸町寺地
7090842,オカヤマケン,オカヤマシヒガシク,セトチョウフツカイチ,岡山県,岡山市東区,瀬戸町二日市
7090841,オカヤマケン,オカヤマシヒガシク,セトチョウマントミ,岡山県,岡山市東区,瀬戸町万富
7090844,オカヤマケン,オカヤマシヒガシク,セトチョウミナミガタ,岡山県,岡山市東区,瀬戸町南方
7090874,オカヤマケン,オカヤマシヒガシク,セトチョウモリスエ,岡山県,岡山市東区,瀬戸町森末
7090843,オカヤマケン,オカヤマシヒガシク,セトチョウユゲ,岡山県,岡山市東区,瀬戸町弓削
7048143,オカヤマケン,オカヤマシヒガシク,センジュ,岡山県,岡山市東区,千手
7090614,オカヤマケン,オカヤマシヒガシク,タケワラ,岡山県,岡山市東区,竹原
7090636,オカヤマケン,オカヤマシヒガシク,タニシリ,岡山県,岡山市東区,谷尻
7090604,オカヤマケン,オカヤマシヒガシク,テラヤマ,岡山県,岡山市東区,寺山
7048104,オカヤマケン,オカヤマシヒガシク,トミサキ,岡山県,岡山市東区,富崎
7048162,オカヤマケン,オカヤマシヒガシク,トヨタ,岡山県,岡山市東区,豊田
7090626,オカヤマケン,オカヤマシヒガシク,ナカオ,岡山県,岡山市東区,中尾
7048176,オカヤマケン,オカヤマシヒガシク,ナカガワチョウ,岡山県,岡山市東区,中川町
7048131,オカヤマケン,オカヤマシヒガシク,ナガヌマ,岡山県,岡山市東区,長沼
7090611,オカヤマケン,オカヤマシヒガシク,ナラバラ,岡山県,岡山市東区,楢原
7048155,オカヤマケン,オカヤマシヒガシク,ニシカタオカ,岡山県,岡山市東区,西片岡
7048136,オカヤマケン,オカヤマシヒガシク,ニシコウザイ,岡山県,岡山市東区,西幸西
7048106,オカヤマケン,オカヤマシヒガシク,ニシショウ,岡山県,岡山市東区,西庄
7090633,オカヤマケン,オカヤマシヒガシク,ニシヒラジマ,岡山県,岡山市東区,西平島
7090621,オカヤマケン,オカヤマシヒガシク,ヌマ,岡山県,岡山市東区,沼
7048151,オカヤマケン,オカヤマシヒガシク,ヒガシカタオカ,岡山県,岡山市東区,東片岡
7048135,オカヤマケン,オカヤマシヒガシク,ヒガシコウザイ,岡山県,岡山市東区,東幸西
7048145,オカヤマケン,オカヤマシヒガシク,ヒガシコウザキ,岡山県,岡山市東区,東幸崎
7090631,オカヤマケン,オカヤマシヒガシク,ヒガシヒラジマ,岡山県,岡山市東区,東平島
7090602,オカヤマケン,オカヤマシヒガシク,ヒトイチ,岡山県,岡山市東区,一日市
7048182,オカヤマケン,オカヤマシヒガシク,ヒロタニ,岡山県,岡山市東区,広谷
7048107,オカヤマケン,オカヤマシヒガシク,フクジ,岡山県,岡山市東区,福治
7038213,オカヤマケン,オカヤマシヒガシク,フジイ,岡山県,岡山市東区,藤井
7048184,オカヤマケン,オカヤマシヒガシク,フジミチョウ,岡山県,岡山市東区,富士見町
7048152,オカヤマケン,オカヤマシヒガシク,ホウデン,岡山県,岡山市東区,宝伝
7048147,オカヤマケン,オカヤマシヒガシク,マサキ,岡山県,岡山市東区,正儀
7048165,オカヤマケン,オカヤマシヒガシク,マサツ,岡山県,岡山市東区,政津
7048163,オカヤマケン,オカヤマシヒガシク,マスダ,岡山県,岡山市東区,升田
7048175,オカヤマケン,オカヤマシヒガシク,マスノチョウ,岡山県,岡山市東区,益野町
7048174,オカヤマケン,オカヤマシヒガシク,マツシンチョウ,岡山県,岡山市東区,松新町
7090632,オカヤマケン,オカヤマシヒガシク,ミナミコズ,岡山県,岡山市東区,南古都
7048146,オカヤマケン,オカヤマシヒガシク,ミナミスイモンチョウ,岡山県,岡山市東区,南水門町
7048115,オカヤマケン,オカヤマシヒガシク,ムコウス,岡山県,岡山市東区,向州
7048171,オカヤマケン,オカヤマシヒガシク,メグロチョウ,岡山県,岡山市東区,目黒町
7090613,オカヤマケン,オカヤマシヒガシク,モモエヅキ,岡山県,岡山市東区,百枝月
7090606,オカヤマケン,オカヤマシヒガシク,ヤイ,岡山県,岡山市東区,矢井
7038211,オカヤマケン,オカヤマシヒガシク,ヤヅ,岡山県,岡山市東区,矢津
7090601,オカヤマケン,オカヤマシヒガシク,ヨシイ,岡山県,岡山市東区,吉井
7048105,オカヤマケン,オカヤマシヒガシク,ヨシワラ,岡山県,岡山市東区,吉原
7000000,オカヤマケン,オカヤマシミナミク,イカニケイサイガナイバアイ,岡山県,岡山市南区,以下に掲載がない場合
7000941,オカヤマケン,オカヤマシミナミク,アオエ,岡山県,岡山市南区,青江
7028013,オカヤマケン,オカヤマシミナミク,アクラ,岡山県,岡山市南区,飽浦
7028057,オカヤマケン,オカヤマシミナミク,アケボノチョウ,岡山県,岡山市南区,あけぼの町
7028015,オカヤマケン,オカヤマシミナミク,アツ,岡山県,岡山市南区,阿津
7000944,オカヤマケン,オカヤマシミナミク,イズミダ,岡山県,岡山市南区,泉田
7100151,オカヤマケン,オカヤマシミナミク,ウエマツ,岡山県,岡山市南区,植松
7010212,オカヤマケン,オカヤマシミナミク,ウチオ,岡山県,岡山市南区,内尾
7028025,オカヤマケン,オカヤマシミナミク,ウラヤスニシマチ,岡山県,岡山市南区,浦安西町
7028026,オカヤマケン,オカヤマシミナミク,ウラヤスホンマチ,岡山県,岡山市南区,浦安本町
7028024,オカヤマケン,オカヤマシミナミク,ウラヤスミナミマチ,岡山県,岡山市南区,浦安南町
7010204,オカヤマケン,オカヤマシミナミク,オオフク,岡山県,岡山市南区,大福
7091212,オカヤマケン,オカヤマシミナミク,オクハザカワ,岡山県,岡山市南区,奥迫川
7028045,オカヤマケン,オカヤマシミナミク,カイガンドオリ,岡山県,岡山市南区,海岸通
7091215,オカヤマケン,オカヤマシミナミク,カタオカ,岡山県,岡山市南区,片岡
7091214,オカヤマケン,オカヤマシミナミク,カワハリ,岡山県,岡山市南区,川張
7028012,オカヤマケン,オカヤマシミナミク,キタウラ,岡山県,岡山市南区,北浦
7091201,オカヤマケン,オカヤマシミナミク,キタナナク,岡山県,岡山市南区,北七区
7028011,オカヤマケン,オカヤマシミナミク,コオリ,岡山県,岡山市南区,郡
7028016,オカヤマケン,オカヤマシミナミク,コグシ,岡山県,岡山市南区,小串
7010203,オカヤマケン,オカヤマシミナミク,コシンデン,岡山県,岡山市南区,古新田
7028052,オカヤマケン,オカヤマシミナミク,シジョウ,岡山県,岡山市南区,市場
7000973,オカヤマケン,オカヤマシミナミク,シモナカノ,岡山県,岡山市南区,下中野
7000943,オカヤマケン,オカヤマシミナミク,シンプク,岡山県,岡山市南区,新福
7000945,オカヤマケン,オカヤマシミナミク,シンボウ,岡山県,岡山市南区,新保
7028042,オカヤマケン,オカヤマシミナミク,スザキ,岡山県,岡山市南区,洲崎
7010205,オカヤマケン,オカヤマシミナミク,セノオ,岡山県,岡山市南区,妹尾
7010201,オカヤマケン,オカヤマシミナミク,セノオザキ,岡山県,岡山市南区,妹尾崎
7091216,オカヤマケン,オカヤマシミナミク,ソウヅ,岡山県,岡山市南区,宗津
7010214,オカヤマケン,オカヤマシミナミク,ソネ,岡山県,岡山市南区,曽根
7028046,オカヤマケン,オカヤマシミナミク,タチカワチョウ,岡山県,岡山市南区,立川町
7028053,オカヤマケン,オカヤマシミナミク,チッコウサカエマチ,岡山県,岡山市南区,築港栄町
7028056,オカヤマケン,オカヤマシミナミク,チッコウシンマチ,岡山県,岡山市南区,築港新町
7028054,オカヤマケン,オカヤマシミナミク,チッコウヒカリマチ,岡山県,岡山市南区,築港ひかり町
7028055,オカヤマケン,オカヤマシミナミク,チッコウミドリマチ,岡山県,岡山市南区,築港緑町
7028051,オカヤマケン,オカヤマシミナミク,チッコウモトマチ,岡山県,岡山市南区,築港元町
7028037,オカヤマケン,オカヤマシミナミク,チドリチョウ,岡山県,岡山市南区,千鳥町
7000956,オカヤマケン,オカヤマシミナミク,トウシンデン,岡山県,岡山市南区,当新田
7028041,オカヤマケン,オカヤマシミナミク,トミハマチョウ,岡山県,岡山市南区,富浜町
7000942,オカヤマケン,オカヤマシミナミク,トヨナリ,岡山県,岡山市南区,豊成
7000853,オカヤマケン,オカヤマシミナミク,トヨハマチョウ,岡山県,岡山市南区,豊浜町
7010213,オカヤマケン,オカヤマシミナミク,ナカウネ,岡山県,岡山市南区,中畦
7028058,オカヤマケン,オカヤマシミナミク,ナミキチョウ,岡山県,岡山市南区,並木町
7028023,オカヤマケン,オカヤマシミナミク,ナンキ,岡山県,岡山市南区,南輝
7000953,オカヤマケン,オカヤマシミナミク,ニシイチ,岡山県,岡山市南区,西市
7010215,オカヤマケン,オカヤマシミナミク,ニシウネ,岡山県,岡山市南区,西畦
7091203,オカヤマケン,オカヤマシミナミク,ニシコウヨウダイ,岡山県,岡山市南区,西紅陽台
7091204,オカヤマケン,オカヤマシミナミク,ニシタカサキ,岡山県,岡山市南区,西高崎
7091202,オカヤマケン,オカヤマシミナミク,ニシナナク,岡山県,岡山市南区,西七区
7091211,オカヤマケン,オカヤマシミナミク,ハザカワ,岡山県,岡山市南区,迫川
7000845,オカヤマケン,オカヤマシミナミク,ハマノ,岡山県,岡山市南区,浜野
7010211,オカヤマケン,オカヤマシミナミク,ヒガシウネ,岡山県,岡山市南区,東畦
7091213,オカヤマケン,オカヤマシミナミク,ヒコサキ,岡山県,岡山市南区,彦崎
7028043,オカヤマケン,オカヤマシミナミク,ヒラフク,岡山県,岡山市南区,平福
7028044,オカヤマケン,オカヤマシミナミク,フクシマ,岡山県,岡山市南区,福島
7028021,オカヤマケン,オカヤマシミナミク,フクダ,岡山県,岡山市南区,福田
7028032,オカヤマケン,オカヤマシミナミク,フクトミナカ,岡山県,岡山市南区,福富中
7028031,オカヤマケン,オカヤマシミナミク,フクトミニシ,岡山県,岡山市南区,福富西
7028033,オカヤマケン,オカヤマシミナミク,フクトミヒガシ,岡山県,岡山市南区,福富東
7028022,オカヤマケン,オカヤマシミナミク,フクナリ,岡山県,岡山市南区,福成
7028035,オカヤマケン,オカヤマシミナミク,フクハマチョウ,岡山県,岡山市南区,福浜町
7028034,オカヤマケン,オカヤマシミナミク,フクハマニシマチ,岡山県,岡山市南区,福浜西町
7028048,オカヤマケン,オカヤマシミナミク,フクヨシチョウ,岡山県,岡山市南区,福吉町
7010221,オカヤマケン,オカヤマシミナミク,フジタ,岡山県,岡山市南区,藤田
7028027,オカヤマケン,オカヤマシミナミク,ホウセン,岡山県,岡山市南区,芳泉
7028038,オカヤマケン,オカヤマシミナミク,マツハマチョウ,岡山県,岡山市南区,松浜町
7000955,オカヤマケン,オカヤマシミナミク,マンバイ,岡山県,岡山市南区,万倍
7010206,オカヤマケン,オカヤマシミナミク,ミシマ,岡山県,岡山市南区,箕島
7028036,オカヤマケン,オカヤマシミナミク,ミハマチョウ,岡山県,岡山市南区,三浜町
7028014,オカヤマケン,オカヤマシミナミク,ミヤウラ,岡山県,岡山市南区,宮浦
7010202,オカヤマケン,オカヤマシミナミク,ヤマダ,岡山県,岡山市南区,山田
7000954,オカヤマケン,オカヤマシミナミク,ヨネグラ,岡山県,岡山市南区,米倉
7028047,オカヤマケン,オカヤマシミナミク,ワカバチョウ,岡山県,岡山市南区,若葉町
7100000,オカヤマケン,クラシキシ,イカニケイサイガナイバアイ,岡山県,倉敷市,以下に掲載がない場合
7100064,オカヤマケン,クラシキシ,アオエ,岡山県,倉敷市,青江
7100007,オカヤマケン,クラシキシ,アサバラ,岡山県,倉敷市,浅原
7100055,オカヤマケン,クラシキシ,アチ,岡山県,倉敷市,阿知
7100131,オカヤマケン,クラシキシ,アマキダイ,岡山県,倉敷市,天城台
7100031,オカヤマケン,クラシキシ,アルキ,岡山県,倉敷市,有城
7100002,オカヤマケン,クラシキシ,イクサカ,岡山県,倉敷市,生坂
7100041,オカヤマケン,クラシキシ,イツカイチ,岡山県,倉敷市,五日市
7100822,オカヤマケン,クラシキシ,イナリマチ,岡山県,倉敷市,稲荷町
7100814,オカヤマケン,クラシキシ,イワミチョウ,岡山県,倉敷市,石見町
7128054,オカヤマケン,クラシキシ,ウシオドオリ,岡山県,倉敷市,潮通
7100843,オカヤマケン,クラシキシ,ウラダ,岡山県,倉敷市,浦田
7100826,オカヤマケン,クラシキシ,オイマツチョウ,岡山県,倉敷市,老松町
7100817,オカヤマケン,クラシキシ,オオウチ,岡山県,倉敷市,大内
7100047,オカヤマケン,クラシキシ,オオジマ,岡山県,倉敷市,大島
7110924,オカヤマケン,クラシキシ,オオバタケ,岡山県,倉敷市,大畠
7100836,オカヤマケン,クラシキシ,オキ,岡山県,倉敷市,沖
7100837,オカヤマケン,クラシキシ,オキシンマチ,岡山県,倉敷市,沖新町
7100144,オカヤマケン,クラシキシ,オバラ,岡山県,倉敷市,尾原
7100023,オカヤマケン,クラシキシ,オビタカ,岡山県,倉敷市,帯高
7100026,オカヤマケン,クラシキシ,カスヤマ,岡山県,倉敷市,加須山
7100805,オカヤマケン,クラシキシ,カタシマチョウ,岡山県,倉敷市,片島町
7100846,オカヤマケン,クラシキシ,カミトミイ,岡山県,倉敷市,上富井
7128013,オカヤマケン,クラシキシ,カメジマ,岡山県,倉敷市,亀島
7100024,オカヤマケン,クラシキシ,カメヤマ,岡山県,倉敷市,亀山
7100811,オカヤマケン,クラシキシ,カワイリ,岡山県,倉敷市,川入
7100821,オカヤマケン,クラシキシ,カワニシマチ,岡山県,倉敷市,川西町
7128061,オカヤマケン,クラシキシ,カンダ,岡山県,倉敷市,神田
7128032,オカヤマケン,クラシキシ,キタセ,岡山県,倉敷市,北畝
7100812,オカヤマケン,クラシキシ,キタハマチョウ,岡山県,倉敷市,北浜町
7100143,オカヤマケン,クラシキシ,キミ,岡山県,倉敷市,木見
7100141,オカヤマケン,クラシキシ,クシダ,岡山県,倉敷市,串田
7100025,オカヤマケン,クラシキシ,クラシキハイツ,岡山県,倉敷市,倉敷ハイツ
7010113,オカヤマケン,クラシキシ,クリサカ,岡山県,倉敷市,栗坂
7100035,オカヤマケン,クラシキシ,クロイシ,岡山県,倉敷市,黒石
7100014,オカヤマケン,クラシキシ,クロサキ,岡山県,倉敷市,黒崎
7110931,オカヤマケン,クラシキシ,コジマアカサキ,岡山県,倉敷市,児島赤崎
7110913,オカヤマケン,クラシキシ,コジマアジノ,岡山県,倉敷市,児島味野
7110917,オカヤマケン,クラシキシ,コジマアジノカミ,岡山県,倉敷市,児島味野上
7110916,オカヤマケン,クラシキシ,コジマアジノシロヤマ,岡山県,倉敷市,児島味野城山
7110914,オカヤマケン,クラシキシ,コジマアジノジョウ,岡山県,倉敷市,児島味野城
7110915,オカヤマケン,クラシキシ,コジマアジノヤマダチョウ,岡山県,倉敷市,児島味野山田町
7110923,オカヤマケン,クラシキシ,コジマアツ,岡山県,倉敷市,児島阿津
7110935,オカヤマケン,クラシキシ,コジマウノツ,岡山県,倉敷市,児島宇野津
7110921,オカヤマケン,クラシキシ,コジマエキマエ,岡山県,倉敷市,児島駅前
7110911,オカヤマケン,クラシキシ,コジマオガワ,岡山県,倉敷市,児島小川
7110912,オカヤマケン,クラシキシ,コジマオガワチョウ,岡山県,倉敷市,児島小川町
7110907,オカヤマケン,クラシキシ,コジマカミノチョウ,岡山県,倉敷市,児島上の町
7110906,オカヤマケン,クラシキシ,コジマシモノチョウ,岡山県,倉敷市,児島下の町
7110933,オカヤマケン,クラシキシ,コジマカヨウ,岡山県,倉敷市,児島通生
7110904,オカヤマケン,クラシキシ,コジマカラコト,岡山県,倉敷市,児島唐琴
7110905,オカヤマケン,クラシキシ,コジマカラコトチョウ,岡山県,倉敷市,児島唐琴町
7110934,オカヤマケン,クラシキシ,コジマシオナス,岡山県,倉敷市,児島塩生
7110902,オカヤマケン,クラシキシ,コジマシロオ,岡山県,倉敷市,児島白尾
7110903,オカヤマケン,クラシキシ,コジマタノクチ,岡山県,倉敷市,児島田の口
7110937,オカヤマケン,クラシキシ,コジマヒエダチョウ,岡山県,倉敷市,児島稗田町
7110922,オカヤマケン,クラシキシ,コジマモトハマチョウ,岡山県,倉敷市,児島元浜町
7110936,オカヤマケン,クラシキシ,コジマヤナイダチョウ,岡山県,倉敷市,児島柳田町
7110901,オカヤマケン,クラシキシ,コジマユガ,岡山県,倉敷市,児島由加
7100813,オカヤマケン,クラシキシ,コトブキチョウ,岡山県,倉敷市,寿町
7110932,オカヤマケン,クラシキシ,コモイケ,岡山県,倉敷市,菰池
7100051,オカヤマケン,クラシキシ,サイワイチョウ,岡山県,倉敷市,幸町
7100801,オカヤマケン,クラシキシ,サカヅ,岡山県,倉敷市,酒津
7100834,オカヤマケン,クラシキシ,ササオキ,岡山県,倉敷市,笹沖
7100835,オカヤマケン,クラシキシ,シジュウセ,岡山県,倉敷市,四十瀬
7010112,オカヤマケン,クラシキシ,シモショウ,岡山県,倉敷市,下庄
7110927,オカヤマケン,クラシキシ,シモツイ,岡山県,倉敷市,下津井
7110925,オカヤマケン,クラシキシ,シモツイタノウラ,岡山県,倉敷市,下津井田之浦
7110926,オカヤマケン,クラシキシ,シモツイフキアゲ,岡山県,倉敷市,下津井吹上
7010102,オカヤマケン,クラシキシ,ショウシンマチ,岡山県,倉敷市,庄新町
7010111,オカヤマケン,クラシキシ,ジョウトウ,岡山県,倉敷市,上東
7100057,オカヤマケン,クラシキシ,ショウワ,岡山県,倉敷市,昭和
7100253,オカヤマケン,クラシキシ,シンクラシキエキマエ,岡山県,倉敷市,新倉敷駅前
7100038,オカヤマケン,クラシキシ,シンデン,岡山県,倉敷市,新田
7100006,オカヤマケン,クラシキシ,スケヤス,岡山県,倉敷市,祐安
7100146,オカヤマケン,クラシキシ,ソバラ,岡山県,倉敷市,曽原
7100021,オカヤマケン,クラシキシ,タカスカ,岡山県,倉敷市,高須賀
7100831,オカヤマケン,クラシキシ,タノウエ,岡山県,倉敷市,田ノ上
7100832,オカヤマケン,クラシキシ,タノウエシンマチ,岡山県,倉敷市,田ノ上新町
7138102,オカヤマケン,クラシキシ,タマシマ,岡山県,倉敷市,玉島
7138121,オカヤマケン,クラシキシ,タマシマアガサキ,岡山県,倉敷市,玉島阿賀崎
7138101,オカヤマケン,クラシキシ,タマシマウワナリ,岡山県,倉敷市,玉島上成
7138103,オカヤマケン,クラシキシ,タマシマオトシマ,岡山県,倉敷市,玉島乙島
7138123,オカヤマケン,クラシキシ,タマシマカシワジマ,岡山県,倉敷市,玉島柏島
7138124,オカヤマケン,クラシキシ,タマシマカシワダイ,岡山県,倉敷市,玉島柏台
7138126,オカヤマケン,クラシキシ,タマシマクロサキ,岡山県,倉敷市,玉島黒崎
7138127,オカヤマケン,クラシキシ,タマシマクロサキシンマチ,岡山県,倉敷市,玉島黒崎新町
7138112,オカヤマケン,クラシキシ,タマシマスエ,岡山県,倉敷市,玉島陶
7138122,オカヤマケン,クラシキシ,タマシマチュウオウチョウ,岡山県,倉敷市,玉島中央町
7100252,オカヤマケン,クラシキシ,タマシマツマサキ,岡山県,倉敷市,玉島爪崎
7138116,オカヤマケン,クラシキシ,タマシマトミ,岡山県,倉敷市,玉島富
7100251,オカヤマケン,クラシキシ,タマシマナガオ,岡山県,倉敷市,玉島長尾
7138111,オカヤマケン,クラシキシ,タマシマハットリ,岡山県,倉敷市,玉島服部
7138115,オカヤマケン,クラシキシ,タマシマミチグチ,岡山県,倉敷市,玉島道口
7138114,オカヤマケン,クラシキシ,タマシマミチゴエ,岡山県,倉敷市,玉島道越
7138113,オカヤマケン,クラシキシ,タマシマヤシマ,岡山県,倉敷市,玉島八島
7138125,オカヤマケン,クラシキシ,タマシマユウザキ,岡山県,倉敷市,玉島勇崎
7101101,オカヤマケン,クラシキシ,チャヤマチ,岡山県,倉敷市,茶屋町
7101102,オカヤマケン,クラシキシ,チャヤマチハヤオキ,岡山県,倉敷市,茶屋町早沖
7100046,オカヤマケン,クラシキシ,チュウオウ,岡山県,倉敷市,中央
7100036,オカヤマケン,クラシキシ,ツブウラ,岡山県,倉敷市,粒浦
7100034,オカヤマケン,クラシキシ,ツブエ,岡山県,倉敷市,粒江
7100033,オカヤマケン,クラシキシ,ツブエダンチ,岡山県,倉敷市,粒江団地
7128012,オカヤマケン,クラシキシ,ツラジマ,岡山県,倉敷市,連島
7128014,オカヤマケン,クラシキシ,ツラジマチュウオウ,岡山県,倉敷市,連島中央
7128002,オカヤマケン,クラシキシ,ツラジマチョウカメジマシンデン,岡山県,倉敷市,連島町亀島新田
7128011,オカヤマケン,クラシキシ,ツラジマチョウツラジマ,岡山県,倉敷市,連島町連島
7128006,オカヤマケン,クラシキシ,ツラジマチョウツルシンデン,岡山県,倉敷市,連島町鶴新田
7128001,オカヤマケン,クラシキシ,ツラジマチョウニシノウラ,岡山県,倉敷市,連島町西之浦
7128015,オカヤマケン,クラシキシ,ツラジマチョウヤガラ,岡山県,倉敷市,連島町矢柄
7100056,オカヤマケン,クラシキシ,ツルガタ,岡山県,倉敷市,鶴形
7128007,オカヤマケン,クラシキシ,ツルノウラ,岡山県,倉敷市,鶴の浦
7100011,オカヤマケン,クラシキシ,トクボウ,岡山県,倉敷市,徳芳
7100012,オカヤマケン,クラシキシ,トバ,岡山県,倉敷市,鳥羽
7100013,オカヤマケン,クラシキシ,ナカオビエ,岡山県,倉敷市,中帯江
7100803,オカヤマケン,クラシキシ,ナカシマ,岡山県,倉敷市,中島
7100016,オカヤマケン,クラシキシ,ナカショウ,岡山県,倉敷市,中庄
7100015,オカヤマケン,クラシキシ,ナカショウダンチ,岡山県,倉敷市,中庄団地
7128051,オカヤマケン,クラシキシ,ナカセ,岡山県,倉敷市,中畝
7100807,オカヤマケン,クラシキシ,ニシアチチョウ,岡山県,倉敷市,西阿知町
7100804,オカヤマケン,クラシキシ,ニシアチチョウシンデン,岡山県,倉敷市,西阿知町新田
7100806,オカヤマケン,クラシキシ,ニシアチチョウニシバラ,岡山県,倉敷市,西阿知町西原
7010103,オカヤマケン,クラシキシ,ニシオ,岡山県,倉敷市,西尾
7100005,オカヤマケン,クラシキシ,ニシオカ,岡山県,倉敷市,西岡
7100004,オカヤマケン,クラシキシ,ニシザカ,岡山県,倉敷市,西坂
7100027,オカヤマケン,クラシキシ,ニシダ,岡山県,倉敷市,西田
7100845,オカヤマケン,クラシキシ,ニシトミイ,岡山県,倉敷市,西富井
7100833,オカヤマケン,クラシキシ,ニシナカシンデン,岡山県,倉敷市,西中新田
7100824,オカヤマケン,クラシキシ,バクロチョウ,岡山県,倉敷市,白楽町
7100043,オカヤマケン,クラシキシ,ハシマ,岡山県,倉敷市,羽島
7100816,オカヤマケン,クラシキシ,ハチオウジチョウ,岡山県,倉敷市,八王寺町
7100037,オカヤマケン,クラシキシ,ハチケンヤ,岡山県,倉敷市,八軒屋
7100061,オカヤマケン,クラシキシ,ハマノチャヤ,岡山県,倉敷市,浜ノ茶屋
7100062,オカヤマケン,クラシキシ,ハママチ,岡山県,倉敷市,浜町
7100142,オカヤマケン,クラシキシ,ハヤシ,岡山県,倉敷市,林
7100022,オカヤマケン,クラシキシ,ハヤタカ,岡山県,倉敷市,早高
7100032,オカヤマケン,クラシキシ,ヒガシツブウラ,岡山県,倉敷市,東粒浦
7128044,オカヤマケン,クラシキシ,ヒガシヅカ,岡山県,倉敷市,東塚
7100847,オカヤマケン,クラシキシ,ヒガシトミイ,岡山県,倉敷市,東富井
7100053,オカヤマケン,クラシキシ,ヒガシマチ,岡山県,倉敷市,東町
7100063,オカヤマケン,クラシキシ,ヒノデチョウ,岡山県,倉敷市,日ノ出町
7010101,オカヤマケン,クラシキシ,ヒバタ,岡山県,倉敷市,日畑
7100815,オカヤマケン,クラシキシ,ヒヨセチョウ,岡山県,倉敷市,日吉町
7100003,オカヤマケン,クラシキシ,ヒラタ,岡山県,倉敷市,平田
7128043,オカヤマケン,クラシキシ,ヒロエ,岡山県,倉敷市,広江
7100844,オカヤマケン,クラシキシ,フクイ,岡山県,倉敷市,福井
7100145,オカヤマケン,クラシキシ,フクエ,岡山県,倉敷市,福江
7100048,オカヤマケン,クラシキシ,フクシマ,岡山県,倉敷市,福島
7128031,オカヤマケン,クラシキシ,フクダチョウウラダ,岡山県,倉敷市,福田町浦田
7128046,オカヤマケン,クラシキシ,フクダチョウコシンデン,岡山県,倉敷市,福田町古新田
7128045,オカヤマケン,クラシキシ,フクダチョウヒガシヅカ,岡山県,倉敷市,福田町東塚
7128042,オカヤマケン,クラシキシ,フクダチョウヒロエ,岡山県,倉敷市,福田町広江
7128041,オカヤマケン,クラシキシ,フクダチョウフクダ,岡山県,倉敷市,福田町福田
7100132,オカヤマケン,クラシキシ,フジトチョウアマキ,岡山県,倉敷市,藤戸町天城
7100133,オカヤマケン,クラシキシ,フジトチョウフジト,岡山県,倉敷市,藤戸町藤戸
7010115,オカヤマケン,クラシキシ,フタゴ,岡山県,倉敷市,二子
7100042,オカヤマケン,クラシキシ,フツカイチ,岡山県,倉敷市,二日市
7100261,オカヤマケン,クラシキシ,フナオチョウフナオ,岡山県,倉敷市,船穂町船穂
7100262,オカヤマケン,クラシキシ,フナオチョウミズエ,岡山県,倉敷市,船穂町水江
7100263,オカヤマケン,クラシキシ,フナオチョウヤナイハラ,岡山県,倉敷市,船穂町柳井原
7100045,オカヤマケン,クラシキシ,フナグラチョウ,岡山県,倉敷市,船倉町
7100841,オカヤマケン,クラシキシ,ホリナン,岡山県,倉敷市,堀南
7100054,オカヤマケン,クラシキシ,ホンマチ,岡山県,倉敷市,本町
7128052,オカヤマケン,クラシキシ,マツエ,岡山県,倉敷市,松江
7010114,オカヤマケン,クラシキシ,マツシマ,岡山県,倉敷市,松島
7101306,オカヤマケン,クラシキシ,マビチョウアリイ,岡山県,倉敷市,真備町有井
7101305,オカヤマケン,クラシキシ,マビチョウイチバ,岡山県,倉敷市,真備町市場
7101311,オカヤマケン,クラシキシ,マビチョウオカダ,岡山県,倉敷市,真備町岡田
7101304,オカヤマケン,クラシキシ,マビチョウオサキ,岡山県,倉敷市,真備町尾崎
7101315,オカヤマケン,クラシキシ,マビチョウカミニマ,岡山県,倉敷市,真備町上二万
7101313,オカヤマケン,クラシキシ,マビチョウカワベ,岡山県,倉敷市,真備町川辺
7101314,オカヤマケン,クラシキシ,マビチョウシモニマ,岡山県,倉敷市,真備町下二万
7101303,オカヤマケン,クラシキシ,マビチョウセ,岡山県,倉敷市,真備町妹
7101312,オカヤマケン,クラシキシ,マビチョウツジタ,岡山県,倉敷市,真備町辻田
7101302,オカヤマケン,クラシキシ,マビチョウハットリ,岡山県,倉敷市,真備町服部
7101301,オカヤマケン,クラシキシ,マビチョウヤタ,岡山県,倉敷市,真備町箭田
7100802,オカヤマケン,クラシキシ,ミズエ,岡山県,倉敷市,水江
7128039,オカヤマケン,クラシキシ,ミズシマアイオイチョウ,岡山県,倉敷市,水島相生町
7128064,オカヤマケン,クラシキシ,ミズシマアオバチョウ,岡山県,倉敷市,水島青葉町
7128071,オカヤマケン,クラシキシ,ミズシマカイガンドオリ,岡山県,倉敷市,水島海岸通
7128074,オカヤマケン,クラシキシ,ミズシマカワサキドオリ,岡山県,倉敷市,水島川崎通
7128066,オカヤマケン,クラシキシ,ミズシマタカサゴチョウ,岡山県,倉敷市,水島高砂町
7128072,オカヤマケン,クラシキシ,ミズシマナカドオリ,岡山県,倉敷市,水島中通
7128073,オカヤマケン,クラシキシ,ミズシマニシドオリ,岡山県,倉敷市,水島西通
7128021,オカヤマケン,クラシキシ,ミズシマヒガシガワチョウ,岡山県,倉敷市,水島東川町
7128037,オカヤマケン,クラシキシ,ミズシマヒガシコトブキチョウ,岡山県,倉敷市,水島東寿町
7128038,オカヤマケン,クラシキシ,ミズシマニシコトブキチョウ,岡山県,倉敷市,水島西寿町
7128033,オカヤマケン,クラシキシ,ミズシマヒガシサカエマチ,岡山県,倉敷市,水島東栄町
7128034,オカヤマケン,クラシキシ,ミズシマニシサカエマチ,岡山県,倉敷市,水島西栄町
7128057,オカヤマケン,クラシキシ,ミズシマヒガシチドリチョウ,岡山県,倉敷市,水島東千鳥町
7128065,オカヤマケン,クラシキシ,ミズシマニシチドリチョウ,岡山県,倉敷市,水島西千鳥町
7128058,オカヤマケン,クラシキシ,ミズシマヒガシトキワチョウ,岡山県,倉敷市,水島東常盤町
7128059,オカヤマケン,クラシキシ,ミズシマニシトキワチョウ,岡山県,倉敷市,水島西常盤町
7128035,オカヤマケン,クラシキシ,ミズシマヒガシヤヨイチョウ,岡山県,倉敷市,水島東弥生町
7128036,オカヤマケン,クラシキシ,ミズシマニシヤヨイチョウ,岡山県,倉敷市,水島西弥生町
7128056,オカヤマケン,クラシキシ,ミズシマフクサキチョウ,岡山県,倉敷市,水島福崎町
7128025,オカヤマケン,クラシキシ,ミズシマミナミカスガチョウ,岡山県,倉敷市,水島南春日町
7128024,オカヤマケン,クラシキシ,ミズシマキタカスガチョウ,岡山県,倉敷市,水島北春日町
7128004,オカヤマケン,クラシキシ,ミズシマミナミカメジマチョウ,岡山県,倉敷市,水島南亀島町
7128005,オカヤマケン,クラシキシ,ミズシマキタカメジマチョウ,岡山県,倉敷市,水島北亀島町
7128063,オカヤマケン,クラシキシ,ミズシマミナミサイワイチョウ,岡山県,倉敷市,水島南幸町
7128062,オカヤマケン,クラシキシ,ミズシマキタサイワイチョウ,岡山県,倉敷市,水島北幸町
7128026,オカヤマケン,クラシキシ,ミズシマミナミミズホチョウ,岡山県,倉敷市,水島南瑞穂町
7128027,オカヤマケン,クラシキシ,ミズシマキタミズホチョウ,岡山県,倉敷市,水島北瑞穂町
7128023,オカヤマケン,クラシキシ,ミズシマミナミミドリマチ,岡山県,倉敷市,水島南緑町
7128022,オカヤマケン,クラシキシ,ミズシマキタミドリマチ,岡山県,倉敷市,水島北緑町
7128003,オカヤマケン,クラシキシ,ミズシマミョウジンチョウ,岡山県,倉敷市,水島明神町
7100001,オカヤマケン,クラシキシ,ミツダ,岡山県,倉敷市,三田
7128055,オカヤマケン,クラシキシ,ミナミセ,岡山県,倉敷市,南畝
7100823,オカヤマケン,クラシキシ,ミナミマチ,岡山県,倉敷市,南町
7100065,オカヤマケン,クラシキシ,ミヤマエ,岡山県,倉敷市,宮前
7100052,オカヤマケン,クラシキシ,ミワ,岡山県,倉敷市,美和
7100044,オカヤマケン,クラシキシ,ムコウヤマ,岡山県,倉敷市,向山
7100825,オカヤマケン,クラシキシ,ヤスエ,岡山県,倉敷市,安江
7010105,オカヤマケン,クラシキシ,ヤベ,岡山県,倉敷市,矢部
7010104,オカヤマケン,クラシキシ,ヤマジ,岡山県,倉敷市,山地
7100842,オカヤマケン,クラシキシ,ヨシオカ,岡山県,倉敷市,吉岡
7128053,オカヤマケン,クラシキシ,ヨビマツ,岡山県,倉敷市,呼松
7128053,オカヤマケン,クラシキシ,ヨビマツチョウ,岡山県,倉敷市,呼松町
7080000,オカヤマケン,ツヤマシ,イカニケイサイガナイバアイ,岡山県,津山市,以下に掲載がない場合
7093951,オカヤマケン,ツヤマシ,アバ,岡山県,津山市,阿波
7081104,オカヤマケン,ツヤマシ,アヤベ,岡山県,津山市,綾部
7080852,オカヤマケン,ツヤマシ,イケガハラ,岡山県,津山市,池ケ原
7094615,オカヤマケン,ツヤマシ,イシキ,岡山県,津山市,一色
7080815,オカヤマケン,ツヤマシ,イチノミヤ,岡山県,津山市,一宮
7081206,オカヤマケン,ツヤマシ,イチバ,岡山県,津山市,市場
7080883,オカヤマケン,ツヤマシ,イッポウ,岡山県,津山市,一方
7080885,オカヤマケン,ツヤマシ,イノクチ,岡山県,津山市,井口
7080014,オカヤマケン,ツヤマシ,インノショウ,岡山県,津山市,院庄
7080831,オカヤマケン,ツヤマシ,ウエノチョウ,岡山県,津山市,上之町
7080844,オカヤマケン,ツヤマシ,ウリュウバラ,岡山県,津山市,瓜生原
7081202,オカヤマケン,ツヤマシ,オオイワ,岡山県,津山市,大岩
7080802,オカヤマケン,ツヤマシ,オオササ,岡山県,津山市,大篠
7080882,オカヤマケン,ツヤマシ,オオタニ,岡山県,津山市,大谷
7080806,オカヤマケン,ツヤマシ,オオダ,岡山県,津山市,大田
7080023,オカヤマケン,ツヤマシ,オオテマチ,岡山県,津山市,大手町
7081203,オカヤマケン,ツヤマシ,オオヨシ,岡山県,津山市,大吉
7081201,オカヤマケン,ツヤマシ,オクツガワ,岡山県,津山市,奥津川
7080066,オカヤマケン,ツヤマシ,オケヤマチ,岡山県,津山市,桶屋町
7080863,オカヤマケン,ツヤマシ,オゲタ,岡山県,津山市,小桁
7081126,オカヤマケン,ツヤマシ,オシイレ,岡山県,津山市,押入
7080865,オカヤマケン,ツヤマシ,オシブチ,岡山県,津山市,押渕
7080006,オカヤマケン,ツヤマシ,オダナカ,岡山県,津山市,小田中
7080001,オカヤマケン,ツヤマシ,オバラ,岡山県,津山市,小原
7080077,オカヤマケン,ツヤマシ,カジマチ,岡山県,津山市,鍛治町
7080804,オカヤマケン,ツヤマシ,カツベ,岡山県,津山市,勝部
7080835,オカヤマケン,ツヤマシ,カツマダマチ,岡山県,津山市,勝間田町
7080855,オカヤマケン,ツヤマシ,カナイ,岡山県,津山市,金井
7080864,オカヤマケン,ツヤマシ,カナヤ,岡山県,津山市,金屋
7080002,オカヤマケン,ツヤマシ,カミガワラ,岡山県,津山市,上河原
7080076,オカヤマケン,ツヤマシ,カミコウヤマチ,岡山県,津山市,上紺屋町
7081121,オカヤマケン,ツヤマシ,カミタカクラ,岡山県,津山市,上高倉
7080011,オカヤマケン,ツヤマシ,カミタノムラ,岡山県,津山市,上田邑
7081214,オカヤマケン,ツヤマシ,カミノダ,岡山県,津山市,上野田
7081224,オカヤマケン,ツヤマシ,カミムラ,岡山県,津山市,上村
7080801,オカヤマケン,ツヤマシ,カミヨコノ,岡山県,津山市,上横野
7093915,オカヤマケン,ツヤマシ,カモチョウアオヤギ,岡山県,津山市,加茂町青柳
7093907,オカヤマケン,ツヤマシ,カモチョウウノ,岡山県,津山市,加茂町宇野
7093924,オカヤマケン,ツヤマシ,カモチョウオブチ,岡山県,津山市,加茂町小渕
7093912,オカヤマケン,ツヤマシ,カモチョウカワイ,岡山県,津山市,加茂町河井
7093921,オカヤマケン,ツヤマシ,カモチョウクゴウ,岡山県,津山市,加茂町公郷
7093901,オカヤマケン,ツヤマシ,カモチョウクラミ,岡山県,津山市,加茂町倉見
7093902,オカヤマケン,ツヤマシ,カモチョウクロギ,岡山県,津山市,加茂町黒木
7093923,オカヤマケン,ツヤマシ,カモチョウクワバラ,岡山県,津山市,加茂町桑原
7093906,オカヤマケン,ツヤマシ,カモチョウコナカバラ,岡山県,津山市,加茂町小中原
7093904,オカヤマケン,ツヤマシ,カモチョウサイノタニ,岡山県,津山市,加茂町斉野谷
7093913,オカヤマケン,ツヤマシ,カモチョウサンゲ,岡山県,津山市,加茂町山下
7093922,オカヤマケン,ツヤマシ,カモチョウシモツガワ,岡山県,津山市,加茂町下津川
7081201,オカヤマケン,ツヤマシ,カモチョウシモツガワ（オクツガワ）,岡山県,津山市,加茂町下津川（奥津川）
7093905,オカヤマケン,ツヤマシ,カモチョウタツチュウ,岡山県,津山市,加茂町塔中
7093914,オカヤマケン,ツヤマシ,カモチョウチワ,岡山県,津山市,加茂町知和
7093935,オカヤマケン,ツヤマシ,カモチョウドウドウ,岡山県,津山市,加茂町百々
7093903,オカヤマケン,ツヤマシ,カモチョウトカ,岡山県,津山市,加茂町戸賀
7093931,オカヤマケン,ツヤマシ,カモチョウナカバラ,岡山県,津山市,加茂町中原
7093934,オカヤマケン,ツヤマシ,カモチョウナライ,岡山県,津山市,加茂町楢井
7093932,オカヤマケン,ツヤマシ,カモチョウナリヤス,岡山県,津山市,加茂町成安
7093908,オカヤマケン,ツヤマシ,カモチョウハラグチ,岡山県,津山市,加茂町原口
7093911,オカヤマケン,ツヤマシ,カモチョウモノミ,岡山県,津山市,加茂町物見
7093933,オカヤマケン,ツヤマシ,カモチョウユキシゲ,岡山県,津山市,加茂町行重
7080043,オカヤマケン,ツヤマシ,カヤマチ,岡山県,津山市,茅町
7080841,オカヤマケン,ツヤマシ,カワサキ,岡山県,津山市,川崎
7080842,オカヤマケン,ツヤマシ,カワナベ,岡山県,津山市,河辺
7080033,オカヤマケン,ツヤマシ,カワラマチ,岡山県,津山市,河原町
7080003,オカヤマケン,ツヤマシ,キタゾノチョウ,岡山県,津山市,北園町
7080021,オカヤマケン,ツヤマシ,キタマチ,岡山県,津山市,北町
7080062,オカヤマケン,ツヤマシ,キョウマチ,岡山県,津山市,京町
7081117,オカヤマケン,ツヤマシ,クサカベ,岡山県,津山市,草加部
7094612,オカヤマケン,ツヤマシ,クメ,岡山県,津山市,くめ
7094614,オカヤマケン,ツヤマシ,クメカワミナミ,岡山県,津山市,久米川南
7094624,オカヤマケン,ツヤマシ,クワカミ,岡山県,津山市,桑上
7094623,オカヤマケン,ツヤマシ,クワシモ,岡山県,津山市,桑下
7094621,オカヤマケン,ツヤマシ,コウジロ,岡山県,津山市,神代
7080866,オカヤマケン,ツヤマシ,コウジンヤマ,岡山県,津山市,荒神山
7081115,オカヤマケン,ツヤマシ,コウモ,岡山県,津山市,河面
7080843,オカヤマケン,ツヤマシ,コクブンジ,岡山県,津山市,国分寺
7080063,オカヤマケン,ツヤマシ,コショウマチ,岡山県,津山市,小性町
7080053,オカヤマケン,ツヤマシ,サイクノチョウ,岡山県,津山市,細工町
7080031,オカヤマケン,ツヤマシ,ザイモクマチ,岡山県,津山市,材木町
7080064,オカヤマケン,ツヤマシ,サカイマチ,岡山県,津山市,堺町
7081223,オカヤマケン,ツヤマシ,サカウエ,岡山県,津山市,坂上
7094625,オカヤマケン,ツヤマシ,サトクモン,岡山県,津山市,里公文
7094626,オカヤマケン,ツヤマシ,サトクモンカミ,岡山県,津山市,里公文上
7080873,オカヤマケン,ツヤマシ,サラ,岡山県,津山市,皿
7080022,オカヤマケン,ツヤマシ,サンゲ,岡山県,津山市,山下
7080825,オカヤマケン,ツヤマシ,シトベ,岡山県,津山市,志戸部
7080805,オカヤマケン,ツヤマシ,シボイ,岡山県,津山市,紫保井
7080071,オカヤマケン,ツヤマシ,シモコウヤマチ,岡山県,津山市,下紺屋町
7081122,オカヤマケン,ツヤマシ,シモタカクラヒガシ,岡山県,津山市,下高倉東
7081123,オカヤマケン,ツヤマシ,シモタカクラニシ,岡山県,津山市,下高倉西
7080012,オカヤマケン,ツヤマシ,シモタノムラ,岡山県,津山市,下田邑
7081213,オカヤマケン,ツヤマシ,シモノダ,岡山県,津山市,下野田
7080807,オカヤマケン,ツヤマシ,シモヨコノ,岡山県,津山市,下横野
7080005,オカヤマケン,ツヤマシ,ジョウダイマチ,岡山県,津山市,城代町
7080886,オカヤマケン,ツヤマシ,ショウワマチ,岡山県,津山市,昭和町
7080065,オカヤマケン,ツヤマシ,シンウオマチ,岡山県,津山市,新魚町
7080042,オカヤマケン,ツヤマシ,シンカヤマチ,岡山県,津山市,新茅町
7080015,オカヤマケン,ツヤマシ,ジンゴ,岡山県,津山市,神戸
7080067,オカヤマケン,ツヤマシ,シンショクニンマチ,岡山県,津山市,新職人町
7081215,オカヤマケン,ツヤマシ,スギノミヤ,岡山県,津山市,杉宮
7080034,オカヤマケン,ツヤマシ,センドウマチ,岡山県,津山市,船頭町
7080007,オカヤマケン,ツヤマシ,ソウジャ,岡山県,津山市,総社
7080876,オカヤマケン,ツヤマシ,タカオ,岡山県,津山市,高尾
7081125,オカヤマケン,ツヤマシ,タカノホンゴウ,岡山県,津山市,高野本郷
7081124,オカヤマケン,ツヤマシ,タカノヤマニシ,岡山県,津山市,高野山西
7080874,オカヤマケン,ツヤマシ,タネ,岡山県,津山市,種
7081113,オカヤマケン,ツヤマシ,タノクマ,岡山県,津山市,田熊
7080052,オカヤマケン,ツヤマシ,タマチ,岡山県,津山市,田町
7081112,オカヤマケン,ツヤマシ,チカナガ,岡山県,津山市,近長
7080051,オカヤマケン,ツヤマシ,ツバキコウゲ,岡山県,津山市,椿高下
7094605,オカヤマケン,ツヤマシ,ツボイカミ,岡山県,津山市,坪井上
7094604,オカヤマケン,ツヤマシ,ツボイシモ,岡山県,津山市,坪井下
7080075,オカヤマケン,ツヤマシ,ツボイマチ,岡山県,津山市,坪井町
7080884,オカヤマケン,ツヤマシ,ツヤマグチ,岡山県,津山市,津山口
7080041,オカヤマケン,ツヤマシ,テッポウマチ,岡山県,津山市,鉄砲町
7080853,オカヤマケン,ツヤマシ,ドウノオ,岡山県,津山市,堂尾
7080037,オカヤマケン,ツヤマシ,トガワマチ,岡山県,津山市,戸川町
7080016,オカヤマケン,ツヤマシ,トシマ,岡山県,津山市,戸島
7094622,オカヤマケン,ツヤマシ,トワキ,岡山県,津山市,戸脇
7094606,オカヤマケン,ツヤマシ,ナカギタカミ,岡山県,津山市,中北上
7094603,オカヤマケン,ツヤマシ,ナカギタシモ,岡山県,津山市,中北下
7080871,オカヤマケン,ツヤマシ,ナカシマ,岡山県,津山市,中島
7080834,オカヤマケン,ツヤマシ,ナカノチョウ,岡山県,津山市,中之町
7080854,オカヤマケン,ツヤマシ,ナカバラ,岡山県,津山市,中原
7081216,オカヤマケン,ツヤマシ,ナカムラ,岡山県,津山市,中村
7081111,オカヤマケン,ツヤマシ,ナラ,岡山県,津山市,楢
7080851,オカヤマケン,ツヤマシ,ニイダ,岡山県,津山市,新田
7081205,オカヤマケン,ツヤマシ,ニイノヒガシ,岡山県,津山市,新野東
7081226,オカヤマケン,ツヤマシ,ニイノヤマガタ,岡山県,津山市,新野山形
7080024,オカヤマケン,ツヤマシ,ニカイマチ,岡山県,津山市,二階町
7080046,オカヤマケン,ツヤマシ,ニシイママチ,岡山県,津山市,西今町
7081221,オカヤマケン,ツヤマシ,ニシカミ,岡山県,津山市,西上
7081225,オカヤマケン,ツヤマシ,ニシシモ,岡山県,津山市,西下
7080833,オカヤマケン,ツヤマシ,ニシシンマチ,岡山県,津山市,西新町
7080811,オカヤマケン,ツヤマシ,ニシタナベ,岡山県,津山市,西田辺
7080045,オカヤマケン,ツヤマシ,ニシテラマチ,岡山県,津山市,西寺町
7081222,オカヤマケン,ツヤマシ,ニシナカ,岡山県,津山市,西中
7080856,オカヤマケン,ツヤマシ,ニシヨシダ,岡山県,津山市,西吉田
7080013,オカヤマケン,ツヤマシ,ニノミヤ,岡山県,津山市,二宮
7081204,オカヤマケン,ツヤマシ,ニホンバラ,岡山県,津山市,日本原
7080824,オカヤマケン,ツヤマシ,ヌマ,岡山県,津山市,沼
7080821,オカヤマケン,ツヤマシ,ノケダ,岡山県,津山市,野介代
7081116,オカヤマケン,ツヤマシ,ノムラ,岡山県,津山市,野村
7080822,オカヤマケン,ツヤマシ,ハイダ,岡山県,津山市,林田
7080836,オカヤマケン,ツヤマシ,ハイダマチ,岡山県,津山市,林田町
7080837,オカヤマケン,ツヤマシ,ハシモトマチ,岡山県,津山市,橋本町
7081211,オカヤマケン,ツヤマシ,ハラ,岡山県,津山市,原
7080845,オカヤマケン,ツヤマシ,ヒカミ,岡山県,津山市,日上
7080814,オカヤマケン,ツヤマシ,ヒガシイチノミヤ,岡山県,津山市,東一宮
7080832,オカヤマケン,ツヤマシ,ヒガシシンマチ,岡山県,津山市,東新町
7080812,オカヤマケン,ツヤマシ,ヒガシタナベ,岡山県,津山市,東田辺
7080872,オカヤマケン,ツヤマシ,ヒラフク,岡山県,津山市,平福
7080035,オカヤマケン,ツヤマシ,フキヤマチ,岡山県,津山市,吹屋町
7081114,オカヤマケン,ツヤマシ,フクイ,岡山県,津山市,福井
7080875,オカヤマケン,ツヤマシ,フクダ,岡山県,津山市,福田
7094631,オカヤマケン,ツヤマシ,フクダシモ,岡山県,津山市,福田下
7080857,オカヤマケン,ツヤマシ,フクリキ,岡山県,津山市,福力
7080074,オカヤマケン,ツヤマシ,フクワタリマチ,岡山県,津山市,福渡町
7080032,オカヤマケン,ツヤマシ,フシミチョウ,岡山県,津山市,伏見町
7081103,オカヤマケン,ツヤマシ,ホリサカ,岡山県,津山市,堀坂
7080073,オカヤマケン,ツヤマシ,ホンマチ,岡山県,津山市,本町
7081101,オカヤマケン,ツヤマシ,ミウラ,岡山県,津山市,三浦
7094616,オカヤマケン,ツヤマシ,ミナミガタナカ,岡山県,津山市,南方中
7080036,オカヤマケン,ツヤマシ,ミナミシンザ,岡山県,津山市,南新座
7080881,オカヤマケン,ツヤマシ,ミナミマチ,岡山県,津山市,南町
7080072,オカヤマケン,ツヤマシ,ミノマチ,岡山県,津山市,美濃町
7094613,オカヤマケン,ツヤマシ,ミヤオ,岡山県,津山市,宮尾
7094601,オカヤマケン,ツヤマシ,ミヤベカミ,岡山県,津山市,宮部上
7094602,オカヤマケン,ツヤマシ,ミヤベシモ,岡山県,津山市,宮部下
7080047,オカヤマケン,ツヤマシ,ミヤワキチョウ,岡山県,津山市,宮脇町
7081102,オカヤマケン,ツヤマシ,ミョウバラ,岡山県,津山市,妙原
7080061,オカヤマケン,ツヤマシ,モトウオマチ,岡山県,津山市,元魚町
7080803,オカヤマケン,ツヤマシ,モミホ,岡山県,津山市,籾保
7080861,オカヤマケン,ツヤマシ,ヤイデ,岡山県,津山市,八出
7094632,オカヤマケン,ツヤマシ,ヤサ,岡山県,津山市,八社
7081212,オカヤマケン,ツヤマシ,ヤスイ,岡山県,津山市,安井
7080044,オカヤマケン,ツヤマシ,ヤスオカマチ,岡山県,津山市,安岡町
7080813,オカヤマケン,ツヤマシ,ヤマガタ,岡山県,津山市,山方
7080004,オカヤマケン,ツヤマシ,ヤマキタ,岡山県,津山市,山北
7080823,オカヤマケン,ツヤマシ,ヤヨイチョウ,岡山県,津山市,弥生町
7094633,オカヤマケン,ツヤマシ,ユキカミ,岡山県,津山市,油木上
7094635,オカヤマケン,ツヤマシ,ユキキタ,岡山県,津山市,油木北
7094634,オカヤマケン,ツヤマシ,ユキシモ,岡山県,津山市,油木下
7080862,オカヤマケン,ツヤマシ,ヨコヤマ,岡山県,津山市,横山
7081105,オカヤマケン,ツヤマシ,ヨシミ,岡山県,津山市,吉見
7094611,オカヤマケン,ツヤマシ,リョウケ,岡山県,津山市,領家
7060000,オカヤマケン,タマノシ,イカニケイサイガナイバアイ,岡山県,玉野市,以下に掲載がない場合
7060306,オカヤマケン,タマノシ,イシマ,岡山県,玉野市,石島
7060133,オカヤマケン,タマノシ,ウトウギ,岡山県,玉野市,宇藤木
7060011,オカヤマケン,タマノシ,ウノ,岡山県,玉野市,宇野
7060317,オカヤマケン,タマノシ,オオヤブ,岡山県,玉野市,大薮
7060013,オカヤマケン,タマノシ,オクタマ,岡山県,玉野市,奥玉
7060024,オカヤマケン,タマノシ,オンザキ,岡山県,玉野市,御崎
7060311,オカヤマケン,タマノシ,カジオカ,岡山県,玉野市,梶岡
7060303,オカヤマケン,タマノシ,カミヤマサカ,岡山県,玉野市,上山坂
7060301,オカヤマケン,タマノシ,キタガタ,岡山県,玉野市,北方
7060315,オカヤマケン,タマノシ,ゴカン,岡山県,玉野市,後閑
7060144,オカヤマケン,タマノシ,コシマジ,岡山県,玉野市,小島地
7060028,オカヤマケン,タマノシ,シブカワ,岡山県,玉野市,渋川
7060302,オカヤマケン,タマノシ,シモヤマサカ,岡山県,玉野市,下山坂
7060001,オカヤマケン,タマノシ,タイ,岡山県,玉野市,田井
7060153,オカヤマケン,タマノシ,タキ,岡山県,玉野市,滝
7060012,オカヤマケン,タマノシ,タマ,岡山県,玉野市,玉
7060014,オカヤマケン,タマノシ,タマハラ,岡山県,玉野市,玉原
7060002,オカヤマケン,タマノシ,チッコウ,岡山県,玉野市,築港
7060141,オカヤマケン,タマノシ,ツチガハラ,岡山県,玉野市,槌ケ原
7060152,オカヤマケン,タマノシ,ナガイ,岡山県,玉野市,永井
7060151,オカヤマケン,タマノシ,ナガオ,岡山県,玉野市,長尾
7060313,オカヤマケン,タマノシ,ニシタイジ,岡山県,玉野市,西田井地
7060316,オカヤマケン,タマノシ,ヌマ,岡山県,玉野市,沼
7060142,オカヤマケン,タマノシ,ハザマ,岡山県,玉野市,迫間
7060224,オカヤマケン,タマノシ,ハチハマチョウオオサキ,岡山県,玉野市,八浜町大崎
7060223,オカヤマケン,タマノシ,ハチハマチョウハチ,岡山県,玉野市,八浜町波知
7060221,オカヤマケン,タマノシ,ハチハマチョウハチハマ,岡山県,玉野市,八浜町八浜
7060222,オカヤマケン,タマノシ,ハチハマチョウミイシ,岡山県,玉野市,八浜町見石
7060026,オカヤマケン,タマノシ,ハネザキチョウ,岡山県,玉野市,羽根崎町
7060304,オカヤマケン,タマノシ,バンダ,岡山県,玉野市,番田
7060131,オカヤマケン,タマノシ,ヒガシコウヨウダイ,岡山県,玉野市,東紅陽台
7060312,オカヤマケン,タマノシ,ヒガシタイジ,岡山県,玉野市,東田井地
7060134,オカヤマケン,タマノシ,ヒガシタカサキ,岡山県,玉野市,東高崎
7060226,オカヤマケン,タマノシ,ヒガシナナク,岡山県,玉野市,東七区
7060314,オカヤマケン,タマノシ,ヒガシノザキ,岡山県,玉野市,東野崎
7060027,オカヤマケン,タマノシ,ヒビ,岡山県,玉野市,日比
7060154,オカヤマケン,タマノシ,ヒロオカ,岡山県,玉野市,広岡
7060023,オカヤマケン,タマノシ,フカイチョウ,岡山県,玉野市,深井町
7060225,オカヤマケン,タマノシ,ミナミナナク,岡山県,玉野市,南七区
7060025,オカヤマケン,タマノシ,ミョウジンチョウ,岡山県,玉野市,明神町
7060022,オカヤマケン,タマノシ,ムカイヒビ,岡山県,玉野市,向日比
7060305,オカヤマケン,タマノシ,ムネアゲ,岡山県,玉野市,胸上
7060143,オカヤマケン,タマノシ,モクメ,岡山県,玉野市,木目
7060132,オカヤマケン,タマノシ,モチヨシ,岡山県,玉野市,用吉
7060314,オカヤマケン,タマノシ,ヤマダ,岡山県,玉野市,山田
7060021,オカヤマケン,タマノシ,ワダ,岡山県,玉野市,和田
7140000,オカヤマケン,カサオカシ,イカニケイサイガナイバアイ,岡山県,笠岡市,以下に掲載がない場合
7140014,オカヤマケン,カサオカシ,アイオイ,岡山県,笠岡市,相生
7140056,オカヤマケン,カサオカシ,アサヒガオカ,岡山県,笠岡市,旭が丘
7140075,オカヤマケン,カサオカシ,アリダ,岡山県,笠岡市,有田
7140082,オカヤマケン,カサオカシ,イチバンチョウ,岡山県,笠岡市,一番町
7140022,オカヤマケン,カサオカシ,イマダテ,岡山県,笠岡市,今立
7140041,オカヤマケン,カサオカシ,イリエ,岡山県,笠岡市,入江
7140091,オカヤマケン,カサオカシ,エシ,岡山県,笠岡市,絵師
7140055,オカヤマケン,カサオカシ,オエハマ,岡山県,笠岡市,生江浜
7140013,オカヤマケン,カサオカシ,オオイミナミ,岡山県,笠岡市,大井南
7140061,オカヤマケン,カサオカシ,オオゲ,岡山県,笠岡市,大げ
7140073,オカヤマケン,カサオカシ,オオコウ,岡山県,笠岡市,大河
7140033,オカヤマケン,カサオカシ,オオシマナカ,岡山県,笠岡市,大島中
7140003,オカヤマケン,カサオカシ,オサカ,岡山県,笠岡市,尾坂
7140076,オカヤマケン,カサオカシ,オシナデ,岡山県,笠岡市,押撫
7140012,オカヤマケン,カサオカシ,オビライ,岡山県,笠岡市,小平井
7140081,オカヤマケン,カサオカシ,カサオカ,岡山県,笠岡市,笠岡
7140025,オカヤマケン,カサオカシ,カスガダイ,岡山県,笠岡市,春日台
7140057,オカヤマケン,カサオカシ,カナウラ,岡山県,笠岡市,金浦
7140052,オカヤマケン,カサオカシ,カブトチュウオウチョウ,岡山県,笠岡市,カブト中央町
7140051,オカヤマケン,カサオカシ,カブトヒガシマチ,岡山県,笠岡市,カブト東町
7140053,オカヤマケン,カサオカシ,カブトニシマチ,岡山県,笠岡市,カブト西町
7140046,オカヤマケン,カサオカシ,カブトミナミマチ,岡山県,笠岡市,カブト南町
7140301,オカヤマケン,カサオカシ,キタギシマチョウ,岡山県,笠岡市,北木島町
7140096,オカヤマケン,カサオカシ,キュウバンチョウ,岡山県,笠岡市,九番町
7140063,オカヤマケン,カサオカシ,コウカンチョウ,岡山県,笠岡市,鋼管町
7140002,オカヤマケン,カサオカシ,コウノ,岡山県,笠岡市,甲弩
7140044,オカヤマケン,カサオカシ,コウノシマ,岡山県,笠岡市,神島
7140034,オカヤマケン,カサオカシ,コウノシマソトウラ,岡山県,笠岡市,神島外浦
7140086,オカヤマケン,カサオカシ,ゴバンチョウ,岡山県,笠岡市,五番町
7140084,オカヤマケン,カサオカシ,サンバンチョウ,岡山県,笠岡市,三番町
7140077,オカヤマケン,カサオカシ,シノサカ,岡山県,笠岡市,篠坂
7140036,オカヤマケン,カサオカシ,シライシジマ,岡山県,笠岡市,白石島
7140065,オカヤマケン,カサオカシ,シロミダイ,岡山県,笠岡市,城見台
7140005,オカヤマケン,カサオカシ,シンガ,岡山県,笠岡市,新賀
7140093,オカヤマケン,カサオカシ,シンヨコシマ,岡山県,笠岡市,新横島
7140097,オカヤマケン,カサオカシ,ジュウバンチョウ,岡山県,笠岡市,十番町
7140098,オカヤマケン,カサオカシ,ジュウイチバンチョウ,岡山県,笠岡市,十一番町
7140004,オカヤマケン,カサオカシ,セキド,岡山県,笠岡市,関戸
7140021,オカヤマケン,カサオカシ,ソノイ,岡山県,笠岡市,園井
7140035,オカヤマケン,カサオカシ,タカシマ,岡山県,笠岡市,高島
7140047,オカヤマケン,カサオカシ,タクミチョウ,岡山県,笠岡市,拓海町
7140088,オカヤマケン,カサオカシ,チュウオウチョウ,岡山県,笠岡市,中央町
7140092,オカヤマケン,カサオカシ,トミオカ,岡山県,笠岡市,富岡
7140094,オカヤマケン,カサオカシ,ナナバンチョウ,岡山県,笠岡市,七番町
7140032,オカヤマケン,カサオカシ,ニシオオシマ,岡山県,笠岡市,西大島
7140031,オカヤマケン,カサオカシ,ニシオオシマシンデン,岡山県,笠岡市,西大島新田
7140072,オカヤマケン,カサオカシ,ニシオオド,岡山県,笠岡市,西大戸
7140064,オカヤマケン,カサオカシ,ニシモビラ,岡山県,笠岡市,西茂平
7140083,オカヤマケン,カサオカシ,ニバンチョウ,岡山県,笠岡市,二番町
7140078,オカヤマケン,カサオカシ,ニュウタ,岡山県,笠岡市,入田
7140001,オカヤマケン,カサオカシ,ハシリデ,岡山県,笠岡市,走出
7140095,オカヤマケン,カサオカシ,ハチバンチョウ,岡山県,笠岡市,八番町
7140071,オカヤマケン,カサオカシ,ヒガシオオド,岡山県,笠岡市,東大戸
7140302,オカヤマケン,カサオカシ,ヒシマ,岡山県,笠岡市,飛島
7140023,オカヤマケン,カサオカシ,ヒロハマ,岡山県,笠岡市,広浜
7140054,オカヤマケン,カサオカシ,ヘイセイチョウ,岡山県,笠岡市,平成町
7140024,オカヤマケン,カサオカシ,マカイ,岡山県,笠岡市,馬飼
7140037,オカヤマケン,カサオカシ,マナベシマ,岡山県,笠岡市,真鍋島
7140048,オカヤマケン,カサオカシ,ミドリマチ,岡山県,笠岡市,緑町
7140045,オカヤマケン,カサオカシ,ミナトチョウ,岡山県,笠岡市,港町
7140006,オカヤマケン,カサオカシ,ミノコシ,岡山県,笠岡市,みの越
7140042,オカヤマケン,カサオカシ,ミノハマ,岡山県,笠岡市,美の浜
7140038,オカヤマケン,カサオカシ,ムシマ,岡山県,笠岡市,六島
7140066,オカヤマケン,カサオカシ,モチノエ,岡山県,笠岡市,用之江
7140062,オカヤマケン,カサオカシ,モビラ,岡山県,笠岡市,茂平
7140007,オカヤマケン,カサオカシ,ヤマグチ,岡山県,笠岡市,山口
7140043,オカヤマケン,カサオカシ,ヨコシマ,岡山県,笠岡市,横島
7140011,オカヤマケン,カサオカシ,ヨシダ,岡山県,笠岡市,吉田
7140074,オカヤマケン,カサオカシ,ヨシハマ,岡山県,笠岡市,吉浜
7140085,オカヤマケン,カサオカシ,ヨンバンチョウ,岡山県,笠岡市,四番町
7140087,オカヤマケン,カサオカシ,ロクバンチョウ,岡山県,笠岡市,六番町
7150000,オカヤマケン,イバラシ,イカニケイサイガナイバアイ,岡山県,井原市,以下に掲載がない場合
7150012,オカヤマケン,イバラシ,アオノチョウ,岡山県,井原市,青野町
7150019,オカヤマケン,イバラシ,イバラチョウ,岡山県,井原市,井原町
7150016,オカヤマケン,イバラシ,イワクラチョウ,岡山県,井原市,岩倉町
7150023,オカヤマケン,イバラシ,オオエチョウ,岡山県,井原市,大江町
7150021,オカヤマケン,イバラシ,カミイズエチョウ,岡山県,井原市,上出部町
7150026,オカヤマケン,イバラシ,カミイズエチョウシキガオカ,岡山県,井原市,上出部町四季が丘
7150018,オカヤマケン,イバラシ,カミイナギチョウ,岡山県,井原市,上稲木町
7150013,オカヤマケン,イバラシ,キタヤマチョウ,岡山県,井原市,北山町
7150004,オカヤマケン,イバラシ,キノコチョウ,岡山県,井原市,木之子町
7150002,オカヤマケン,イバラシ,コウジロチョウ,岡山県,井原市,神代町
7150025,オカヤマケン,イバラシ,ササカチョウ,岡山県,井原市,笹賀町
7150022,オカヤマケン,イバラシ,シモイズエチョウ,岡山県,井原市,下出部町
7150017,オカヤマケン,イバラシ,シモイナギチョウ,岡山県,井原市,下稲木町
7150024,オカヤマケン,イバラシ,タカヤチョウ,岡山県,井原市,高屋町
7150014,オカヤマケン,イバラシ,ナヌカイチチョウ,岡山県,井原市,七日市町
7150006,オカヤマケン,イバラシ,ニシエバラチョウ,岡山県,井原市,西江原町
7150015,オカヤマケン,イバラシ,ニシガタチョウ,岡山県,井原市,西方町
7150001,オカヤマケン,イバラシ,ノガミチョウ,岡山県,井原市,野上町
7150011,オカヤマケン,イバラシ,ヒエハラチョウ,岡山県,井原市,稗原町
7150003,オカヤマケン,イバラシ,ヒガシエバラチョウ,岡山県,井原市,東江原町
7141405,オカヤマケン,イバラシ,ビセイチョウウト,岡山県,井原市,美星町宇戸
7141404,オカヤマケン,イバラシ,ビセイチョウウトウ,岡山県,井原市,美星町烏頭
7141402,オカヤマケン,イバラシ,ビセイチョウウトダニ,岡山県,井原市,美星町宇戸谷
7141411,オカヤマケン,イバラシ,ビセイチョウオオクラ,岡山県,井原市,美星町大倉
7141403,オカヤマケン,イバラシ,ビセイチョウカミコウズエ,岡山県,井原市,美星町上高末
7141414,オカヤマケン,イバラシ,ビセイチョウクロギ,岡山県,井原市,美星町黒木
7141407,オカヤマケン,イバラシ,ビセイチョウクロタダ,岡山県,井原市,美星町黒忠
7141413,オカヤマケン,イバラシ,ビセイチョウニシミズスナ,岡山県,井原市,美星町西水砂
7141412,オカヤマケン,イバラシ,ビセイチョウヒガシミズスナ,岡山県,井原市,美星町東水砂
7141415,オカヤマケン,イバラシ,ビセイチョウホシダ,岡山県,井原市,美星町星田
7141406,オカヤマケン,イバラシ,ビセイチョウミヤマ,岡山県,井原市,美星町三山
7141401,オカヤマケン,イバラシ,ビセイチョウメイジ,岡山県,井原市,美星町明治
7150005,オカヤマケン,イバラシ,モンデンチョウ,岡山県,井原市,門田町
7142125,オカヤマケン,イバラシ,ヨシイチョウイケダニ,岡山県,井原市,芳井町池谷
7142124,オカヤマケン,イバラシ,ヨシイチョウイヤマ,岡山県,井原市,芳井町井山
7142103,オカヤマケン,イバラシ,ヨシイチョウウトガワ,岡山県,井原市,芳井町宇戸川
7142101,オカヤマケン,イバラシ,ヨシイチョウカジエ,岡山県,井原市,芳井町梶江
7142123,オカヤマケン,イバラシ,ヨシイチョウカタヅカ,岡山県,井原市,芳井町片塚
7142232,オカヤマケン,イバラシ,ヨシイチョウカミシギ,岡山県,井原市,芳井町上鴫
7142114,オカヤマケン,イバラシ,ヨシイチョウカワイ,岡山県,井原市,芳井町川相
7142121,オカヤマケン,イバラシ,ヨシイチョウサヤ,岡山県,井原市,芳井町佐屋
7142231,オカヤマケン,イバラシ,ヨシイチョウシモシギ,岡山県,井原市,芳井町下鴫
7142122,オカヤマケン,イバラシ,ヨシイチョウタネ,岡山県,井原市,芳井町種
7142113,オカヤマケン,イバラシ,ヨシイチョウテンジンヤマ,岡山県,井原市,芳井町天神山
7142234,オカヤマケン,イバラシ,ヨシイチョウニシミハラ,岡山県,井原市,芳井町西三原
7142104,オカヤマケン,イバラシ,ヨシイチョウハナダキ,岡山県,井原市,芳井町花滝
7142341,オカヤマケン,イバラシ,ヨシイチョウヒガシミハラ,岡山県,井原市,芳井町東三原
7142112,オカヤマケン,イバラシ,ヨシイチョウヤナセ,岡山県,井原市,芳井町簗瀬
7142233,オカヤマケン,イバラシ,ヨシイチョウヤマムラ,岡山県,井原市,芳井町山村
7142102,オカヤマケン,イバラシ,ヨシイチョウヨイ,岡山県,井原市,芳井町与井
7142111,オカヤマケン,イバラシ,ヨシイチョウヨシイ,岡山県,井原市,芳井町吉井
7191100,オカヤマケン,ソウジャシ,イカニケイサイガナイバアイ,岡山県,総社市,以下に掲載がない場合
7191121,オカヤマケン,ソウジャシ,アカハマ,岡山県,総社市,赤浜
7191154,オカヤマケン,ソウジャシ,イジリノ,岡山県,総社市,井尻野
7191106,オカヤマケン,ソウジャシ,イズミ,岡山県,総社市,泉
7191125,オカヤマケン,ソウジャシ,イデ,岡山県,総社市,井手
7191315,オカヤマケン,ソウジャシ,ウヤマ,岡山県,総社市,宇山
7191137,オカヤマケン,ソウジャシ,エキナン,岡山県,総社市,駅南
7191136,オカヤマケン,ソウジャシ,エキマエ,岡山県,総社市,駅前
7191162,オカヤマケン,ソウジャシ,オカダニ,岡山県,総社市,岡谷
7191101,オカヤマケン,ソウジャシ,オクサカ,岡山県,総社市,奥坂
7191116,オカヤマケン,ソウジャシ,オシカベ,岡山県,総社市,刑部
7191322,オカヤマケン,ソウジャシ,カゲ,岡山県,総社市,影
7191114,オカヤマケン,ソウジャシ,カナイド,岡山県,総社市,金井戸
7191123,オカヤマケン,ソウジャシ,カンバヤシ,岡山県,総社市,上林
7191143,オカヤマケン,ソウジャシ,カンバラ,岡山県,総社市,上原
7191117,オカヤマケン,ソウジャシ,キタミゾテ,岡山県,総社市,北溝手
7191176,オカヤマケン,ソウジャシ,キヨネカキノキ,岡山県,総社市,清音柿木
7191175,オカヤマケン,ソウジャシ,キヨネカミナカシマ,岡山県,総社市,清音上中島
7191172,オカヤマケン,ソウジャシ,キヨネカルベ,岡山県,総社市,清音軽部
7191173,オカヤマケン,ソウジャシ,キヨネクロタ,岡山県,総社市,清音黒田
7191174,オカヤマケン,ソウジャシ,キヨネコチ,岡山県,総社市,清音古地
7191171,オカヤマケン,ソウジャシ,キヨネミヨリ,岡山県,総社市,清音三因
7101201,オカヤマケン,ソウジャシ,クシロ,岡山県,総社市,久代
7191112,オカヤマケン,ソウジャシ,クボキ,岡山県,総社市,窪木
7191104,オカヤマケン,ソウジャシ,クメ,岡山県,総社市,久米
7191105,オカヤマケン,ソウジャシ,クロオ,岡山県,総社市,黒尾
7191313,オカヤマケン,ソウジャシ,ケヤキ,岡山県,総社市,槁
7191155,オカヤマケン,ソウジャシ,コデラ,岡山県,総社市,小寺
7191153,オカヤマケン,ソウジャシ,シサワ,岡山県,総社市,宍粟
7191321,オカヤマケン,ソウジャシ,シタグラ,岡山県,総社市,下倉
7191163,オカヤマケン,ソウジャシ,ジトウカタヤマ,岡山県,総社市,地頭片山
7191122,オカヤマケン,ソウジャシ,シモバヤシ,岡山県,総社市,下林
7191145,オカヤマケン,ソウジャシ,シモバラ,岡山県,総社市,下原
7191161,オカヤマケン,ソウジャシ,シュク,岡山県,総社市,宿
7101203,オカヤマケン,ソウジャシ,シンポン,岡山県,総社市,新本
7191126,オカヤマケン,ソウジャシ,ソウジャ,岡山県,総社市,総社
7191312,オカヤマケン,ソウジャシ,タネイ,岡山県,総社市,種井
7191131,オカヤマケン,ソウジャシ,チュウオウ,岡山県,総社市,中央
7191144,オカヤマケン,ソウジャシ,トンバラ,岡山県,総社市,富原
7191323,オカヤマケン,ソウジャシ,ナカオ,岡山県,総社市,中尾
7191133,オカヤマケン,ソウジャシ,ナカバラ,岡山県,総社市,中原
7191111,オカヤマケン,ソウジャシ,ナガラ,岡山県,総社市,長良
7191103,オカヤマケン,ソウジャシ,ニシアゾ,岡山県,総社市,西阿曽
7191164,オカヤマケン,ソウジャシ,ニシゴオリ,岡山県,総社市,西郡
7191165,オカヤマケン,ソウジャシ,ニシサカダイ,岡山県,総社市,西坂台
7191314,オカヤマケン,ソウジャシ,ノブハラ,岡山県,総社市,延原
7191142,オカヤマケン,ソウジャシ,ハダ,岡山県,総社市,秦
7191324,オカヤマケン,ソウジャシ,ハラ,岡山県,総社市,原
7191102,オカヤマケン,ソウジャシ,ヒガシアゾ,岡山県,総社市,東阿曽
7191316,オカヤマケン,ソウジャシ,ヒワ,岡山県,総社市,日羽
7191115,オカヤマケン,ソウジャシ,フクイ,岡山県,総社市,福井
7191141,オカヤマケン,ソウジャシ,フクタニ,岡山県,総社市,福谷
7191134,オカヤマケン,ソウジャシ,マカベ,岡山県,総社市,真壁
7191151,オカヤマケン,ソウジャシ,マキダニ,岡山県,総社市,槇谷
7191124,オカヤマケン,ソウジャシ,ミス,岡山県,総社市,三須
7191135,オカヤマケン,ソウジャシ,ミゾクチ,岡山県,総社市,溝口
7191311,オカヤマケン,ソウジャシ,ミナギ,岡山県,総社市,美袋
7191113,オカヤマケン,ソウジャシ,ミナミミゾテ,岡山県,総社市,南溝手
7191152,オカヤマケン,ソウジャシ,ミノベ,岡山県,総社市,見延
7191132,オカヤマケン,ソウジャシ,ミワ,岡山県,総社市,三輪
7191156,オカヤマケン,ソウジャシ,モンデ,岡山県,総社市,門田
7191146,オカヤマケン,ソウジャシ,ヤシロ,岡山県,総社市,八代
7101202,オカヤマケン,ソウジャシ,ヤマダ,岡山県,総社市,山田
7160000,オカヤマケン,タカハシシ,イカニケイサイガナイバアイ,岡山県,高梁市,以下に掲載がない場合
7160009,オカヤマケン,タカハシシ,アイノマチ,岡山県,高梁市,間之町
7160039,オカヤマケン,タカハシシ,アサヒマチ,岡山県,高梁市,旭町
7160018,オカヤマケン,タカハシシ,イガマチ,岡山県,高梁市,伊賀町
7160015,オカヤマケン,タカハシシ,イシビヤチョウ,岡山県,高梁市,石火矢町
7161321,オカヤマケン,タカハシシ,ウカンチョウウカン,岡山県,高梁市,有漢町有漢
7161322,オカヤマケン,タカハシシ,ウカンチョウカミウカン,岡山県,高梁市,有漢町上有漢
7192233,オカヤマケン,タカハシシ,ウジチョウアナダ,岡山県,高梁市,宇治町穴田
7192232,オカヤマケン,タカハシシ,ウジチョウウジ,岡山県,高梁市,宇治町宇治
7192231,オカヤマケン,タカハシシ,ウジチョウトオバラ,岡山県,高梁市,宇治町遠原
7192234,オカヤマケン,タカハシシ,ウジチョウホンゴウ,岡山県,高梁市,宇治町本郷
7160004,オカヤマケン,タカハシシ,ウチサンゲ,岡山県,高梁市,内山下
7160007,オカヤマケン,タカハシシ,オクマンダチョウ,岡山県,高梁市,奥万田町
7160061,オカヤマケン,タカハシシ,オチアイチョウアベ,岡山県,高梁市,落合町阿部
7160064,オカヤマケン,タカハシシ,オチアイチョウシロチ,岡山県,高梁市,落合町福地
7160062,オカヤマケン,タカハシシ,オチアイチョウチカノリ,岡山県,高梁市,落合町近似
7160063,オカヤマケン,タカハシシ,オチアイチョウハラダ,岡山県,高梁市,落合町原田
7160017,オカヤマケン,タカハシシ,オンザキチョウ,岡山県,高梁市,御前町
7160028,オカヤマケン,タカハシシ,カキノキチョウ,岡山県,高梁市,柿木町
7160023,オカヤマケン,タカハシシ,カジマチ,岡山県,高梁市,鍜冶町
7160013,オカヤマケン,タカハシシ,カタハラチョウ,岡山県,高梁市,片原町
7160041,オカヤマケン,タカハシシ,カミダニチョウ,岡山県,高梁市,上谷町
7160222,オカヤマケン,タカハシシ,カワカミチョウオオバラ,岡山県,高梁市,川上町大原
7160211,オカヤマケン,タカハシシ,カワカミチョウカミオオタケ,岡山県,高梁市,川上町上大竹
7160223,オカヤマケン,タカハシシ,カワカミチョウコウヤマ,岡山県,高梁市,川上町高山
7160221,オカヤマケン,タカハシシ,カワカミチョウコウヤマイチ,岡山県,高梁市,川上町高山市
7160201,オカヤマケン,タカハシシ,カワカミチョウジトウ,岡山県,高梁市,川上町地頭
7160212,オカヤマケン,タカハシシ,カワカミチョウシモオオタケ,岡山県,高梁市,川上町下大竹
7160205,オカヤマケン,タカハシシ,カワカミチョウシワス,岡山県,高梁市,川上町臘数
7160202,オカヤマケン,タカハシシ,カワカミチョウナナチ,岡山県,高梁市,川上町七地
7160207,オカヤマケン,タカハシシ,カワカミチョウニカ,岡山県,高梁市,川上町仁賀
7160203,オカヤマケン,タカハシシ,カワカミチョウミサワ,岡山県,高梁市,川上町三沢
7160206,オカヤマケン,タカハシシ,カワカミチョウヨシギ,岡山県,高梁市,川上町吉木
7160204,オカヤマケン,タカハシシ,カワカミチョウリョウケ,岡山県,高梁市,川上町領家
7160005,オカヤマケン,タカハシシ,カワバタチョウ,岡山県,高梁市,川端町
7192121,オカヤマケン,タカハシシ,カワモチョウ,岡山県,高梁市,川面町
7160026,オカヤマケン,タカハシシ,コウガチョウ,岡山県,高梁市,甲賀町
7160025,オカヤマケン,タカハシシ,コウジンチョウ,岡山県,高梁市,荒神町
7160006,オカヤマケン,タカハシシ,ココウゲチョウ,岡山県,高梁市,小高下町
7161311,オカヤマケン,タカハシシ,コセチョウ,岡山県,高梁市,巨瀬町
7160035,オカヤマケン,タカハシシ,サカエマチ,岡山県,高梁市,栄町
7160042,オカヤマケン,タカハシシ,シモダニチョウ,岡山県,高梁市,下谷町
7160022,オカヤマケン,タカハシシ,シモマチ,岡山県,高梁市,下町
7160012,オカヤマケン,タカハシシ,シンマチ,岡山県,高梁市,新町
7192123,オカヤマケン,タカハシシ,タカクラチョウイイベ,岡山県,高梁市,高倉町飯部
7160003,オカヤマケン,タカハシシ,タカクラチョウオオセオナガ,岡山県,高梁市,高倉町大瀬八長
7192122,オカヤマケン,タカハシシ,タカクラチョウタイ,岡山県,高梁市,高倉町田井
7160053,オカヤマケン,タカハシシ,タマガワチョウシタギリ,岡山県,高梁市,玉川町下切
7160052,オカヤマケン,タカハシシ,タマガワチョウタマ,岡山県,高梁市,玉川町玉
7160054,オカヤマケン,タカハシシ,タマガワチョウマシハラ,岡山県,高梁市,玉川町増原
7160024,オカヤマケン,タカハシシ,ダイクチョウ,岡山県,高梁市,大工町
7160047,オカヤマケン,タカハシシ,ダンチョウ,岡山県,高梁市,段町
7160021,オカヤマケン,タカハシシ,チュウゲンマチ,岡山県,高梁市,中間町
7160002,オカヤマケン,タカハシシ,ツガワチョウイマヅ,岡山県,高梁市,津川町今津
7160001,オカヤマケン,タカハシシ,ツガワチョウヤガワ,岡山県,高梁市,津川町八川
7160031,オカヤマケン,タカハシシ,テッポウチョウ,岡山県,高梁市,鉄砲町
7160019,オカヤマケン,タカハシシ,テラマチ,岡山県,高梁市,寺町
7192401,オカヤマケン,タカハシシ,ナカイチョウツツ,岡山県,高梁市,中井町津々
7192402,オカヤマケン,タカハシシ,ナカイチョウニシガタ,岡山県,高梁市,中井町西方
7160014,オカヤマケン,タカハシシ,ナカノチョウ,岡山県,高梁市,中之町
7160045,オカヤマケン,タカハシシ,ナカバラチョウ,岡山県,高梁市,中原町
7160333,オカヤマケン,タカハシシ,ナリワチョウアイサカ,岡山県,高梁市,成羽町相坂
7160334,オカヤマケン,タカハシシ,ナリワチョウオサジ,岡山県,高梁市,成羽町長地
7160102,オカヤマケン,タカハシシ,ナリワチョウカミヒナ,岡山県,高梁市,成羽町上日名
7160332,オカヤマケン,タカハシシ,ナリワチョウコイズミ,岡山県,高梁市,成羽町小泉
7192343,オカヤマケン,タカハシシ,ナリワチョウサカモト,岡山県,高梁市,成羽町坂本
7160113,オカヤマケン,タカハシシ,ナリワチョウササキ,岡山県,高梁市,成羽町佐々木
7160111,オカヤマケン,タカハシシ,ナリワチョウシモハラ,岡山県,高梁市,成羽町下原
7160101,オカヤマケン,タカハシシ,ナリワチョウシモヒナ,岡山県,高梁市,成羽町下日名
7192342,オカヤマケン,タカハシシ,ナリワチョウナカノ,岡山県,高梁市,成羽町中野
7160121,オカヤマケン,タカハシシ,ナリワチョウナリワ,岡山県,高梁市,成羽町成羽
7160331,オカヤマケン,タカハシシ,ナリワチョウハネ,岡山県,高梁市,成羽町羽根
7160122,オカヤマケン,タカハシシ,ナリワチョウハヤマ,岡山県,高梁市,成羽町羽山
7192341,オカヤマケン,タカハシシ,ナリワチョウフキヤ,岡山県,高梁市,成羽町吹屋
7160335,オカヤマケン,タカハシシ,ナリワチョウフヨリ,岡山県,高梁市,成羽町布寄
7160112,オカヤマケン,タカハシシ,ナリワチョウホシバラ,岡山県,高梁市,成羽町星原
7160038,オカヤマケン,タカハシシ,ハマチョウ,岡山県,高梁市,浜町
7160044,オカヤマケン,タカハシシ,ハラダミナミチョウ,岡山県,高梁市,原田南町
7160043,オカヤマケン,タカハシシ,ハラダキタチョウ,岡山県,高梁市,原田北町
7160034,オカヤマケン,タカハシシ,ヒガシマチ,岡山県,高梁市,東町
7160301,オカヤマケン,タカハシシ,ビッチュウチョウシトウヨウゼ,岡山県,高梁市,備中町志藤用瀬
7160303,オカヤマケン,タカハシシ,ビッチュウチョウナガヤ,岡山県,高梁市,備中町長屋
7160323,オカヤマケン,タカハシシ,ビッチュウチョウニシヤマ,岡山県,高梁市,備中町西山
7160322,オカヤマケン,タカハシシ,ビッチュウチョウニシユノ,岡山県,高梁市,備中町西油野
7160321,オカヤマケン,タカハシシ,ビッチュウチョウヒガシユノ,岡山県,高梁市,備中町東油野
7160311,オカヤマケン,タカハシシ,ビッチュウチョウヒラカワ,岡山県,高梁市,備中町平川
7160304,オカヤマケン,タカハシシ,ビッチュウチョウフカ,岡山県,高梁市,備中町布賀
7160302,オカヤマケン,タカハシシ,ビッチュウチョウフセ,岡山県,高梁市,備中町布瀬
7160011,オカヤマケン,タカハシシ,ホンマチ,岡山県,高梁市,本町
7160037,オカヤマケン,タカハシシ,マサムネチョウ,岡山県,高梁市,正宗町
7160065,オカヤマケン,タカハシシ,マツバラチョウオオヅヨリ,岡山県,高梁市,松原町大津寄
7160068,オカヤマケン,タカハシシ,マツバラチョウコウバラ,岡山県,高梁市,松原町神原
7160067,オカヤマケン,タカハシシ,マツバラチョウハルキ,岡山県,高梁市,松原町春木
7160066,オカヤマケン,タカハシシ,マツバラチョウマツオカ,岡山県,高梁市,松原町松岡
7160036,オカヤマケン,タカハシシ,マツバラドオリ,岡山県,高梁市,松原通
7160051,オカヤマケン,タカハシシ,マツヤマ,岡山県,高梁市,松山
7160033,オカヤマケン,タカハシシ,ミナミマチ,岡山県,高梁市,南町
7160029,オカヤマケン,タカハシシ,ムコウチョウ,岡山県,高梁市,向町
7160027,オカヤマケン,タカハシシ,ヤハタチョウ,岡山県,高梁市,八幡町
7160032,オカヤマケン,タカハシシ,ユミノチョウ,岡山県,高梁市,弓之町
7160046,オカヤマケン,タカハシシ,ヨコチョウ,岡山県,高梁市,横町
7160016,オカヤマケン,タカハシシ,ライキュウジチョウ,岡山県,高梁市,頼久寺町
7160008,オカヤマケン,タカハシシ,ワダチョウ,岡山県,高梁市,和田町
7180000,オカヤマケン,ニイミシ,イカニケイサイガナイバアイ,岡山県,新見市,以下に掲載がない場合
7180006,オカヤマケン,ニイミシ,アシダチ,岡山県,新見市,足立
7192551,オカヤマケン,ニイミシ,イクラ,岡山県,新見市,井倉
7180015,オカヤマケン,ニイミシ,イシガ,岡山県,新見市,石蟹
7193501,オカヤマケン,ニイミシ,オオサオオイノ,岡山県,新見市,大佐大井野
7193503,オカヤマケン,ニイミシ,オオサオサカベ,岡山県,新見市,大佐小阪部
7193502,オカヤマケン,ニイミシ,オオサカミオサカベ,岡山県,新見市,大佐上刑部
7193507,オカヤマケン,ニイミシ,オオサコミナミ,岡山県,新見市,大佐小南
7193506,オカヤマケン,ニイミシ,オオサタジベ,岡山県,新見市,大佐田治部
7193504,オカヤマケン,ニイミシ,オオサナガドミ,岡山県,新見市,大佐永富
7193505,オカヤマケン,ニイミシ,オオサフセ,岡山県,新見市,大佐布瀬
7180016,オカヤマケン,ニイミシ,カナヤ,岡山県,新見市,金谷
7180005,オカヤマケン,ニイミシ,カミイチ,岡山県,新見市,上市
7180001,オカヤマケン,ニイミシ,カミクマタニ,岡山県,新見市,上熊谷
7180012,オカヤマケン,ニイミシ,カラマツ,岡山県,新見市,唐松
7192732,オカヤマケン,ニイミシ,クサマ（シモユカワ、ヨコハタ）,岡山県,新見市,草間（下湯川、横畑）
7192641,オカヤマケン,ニイミシ,クサマ（ソノタ）,岡山県,新見市,草間（その他）
7180007,オカヤマケン,ニイミシ,サカモト,岡山県,新見市,坂本
7180002,オカヤマケン,ニイミシ,シモクマタニ,岡山県,新見市,下熊谷
7180013,オカヤマケン,ニイミシ,ショウデン,岡山県,新見市,正田
7192801,オカヤマケン,ニイミシ,シンゴウカマムラ,岡山県,新見市,神郷釜村
7193611,オカヤマケン,ニイミシ,シンゴウシモコウジロ,岡山県,新見市,神郷下神代
7192802,オカヤマケン,ニイミシ,シンゴウタカセ,岡山県,新見市,神郷高瀬
7193612,オカヤマケン,ニイミシ,シンゴウユノ,岡山県,新見市,神郷油野
7180211,オカヤマケン,ニイミシ,スゴウ,岡山県,新見市,菅生
7180003,オカヤマケン,ニイミシ,タカオ,岡山県,新見市,高尾
7192642,オカヤマケン,ニイミシ,タルミ,岡山県,新見市,足見
7180101,オカヤマケン,ニイミシ,チヤ,岡山県,新見市,千屋
7180103,オカヤマケン,ニイミシ,チヤイハラ,岡山県,新見市,千屋井原
7180102,オカヤマケン,ニイミシ,チヤサネ,岡山県,新見市,千屋実
7180104,オカヤマケン,ニイミシ,チヤハナミ,岡山県,新見市,千屋花見
7192731,オカヤマケン,ニイミシ,ツチハシ（オチカタ、テラウチ）,岡山県,新見市,土橋（落方、寺内）
7192643,オカヤマケン,ニイミシ,ツチハシ（ソノタ）,岡山県,新見市,土橋（その他）
7193811,オカヤマケン,ニイミシ,テッセイチョウオオタケ,岡山県,新見市,哲西町大竹
7193814,オカヤマケン,ニイミシ,テッセイチョウオオノベ,岡山県,新見市,哲西町大野部
7193702,オカヤマケン,ニイミシ,テッセイチョウカミコウジロ,岡山県,新見市,哲西町上神代
7193812,オカヤマケン,ニイミシ,テッセイチョウハタキ,岡山県,新見市,哲西町畑木
7193813,オカヤマケン,ニイミシ,テッセイチョウハットリ,岡山県,新見市,哲西町八鳥
7193701,オカヤマケン,ニイミシ,テッセイチョウヤダ,岡山県,新見市,哲西町矢田
7180307,オカヤマケン,ニイミシ,テッタチョウオイザコ,岡山県,新見市,哲多町老栄
7180313,オカヤマケン,ニイミシ,テッタチョウオオノ,岡山県,新見市,哲多町大野
7180305,オカヤマケン,ニイミシ,テッタチョウオギョオ,岡山県,新見市,哲多町荻尾
7180311,オカヤマケン,ニイミシ,テッタチョウコウノイエ,岡山県,新見市,哲多町蚊家
7180312,オカヤマケン,ニイミシ,テッタチョウタブチ,岡山県,新見市,哲多町田淵
7180304,オカヤマケン,ニイミシ,テッタチョウナリマツ,岡山県,新見市,哲多町成松
7180302,オカヤマケン,ニイミシ,テッタチョウハナギ,岡山県,新見市,哲多町花木
7180303,オカヤマケン,ニイミシ,テッタチョウホンゴウ,岡山県,新見市,哲多町本郷
7180301,オカヤマケン,ニイミシ,テッタチョウミヤゴウチ,岡山県,新見市,哲多町宮河内
7180306,オカヤマケン,ニイミシ,テッタチョウヤト,岡山県,新見市,哲多町矢戸
7192721,オカヤマケン,ニイミシ,トヨナガアコウマ,岡山県,新見市,豊永赤馬
7192723,オカヤマケン,ニイミシ,トヨナガウヤマ,岡山県,新見市,豊永宇山
7192722,オカヤマケン,ニイミシ,トヨナガサブシ,岡山県,新見市,豊永佐伏
7180014,オカヤマケン,ニイミシ,ナガヤ,岡山県,新見市,長屋
7180011,オカヤマケン,ニイミシ,ニイミ,岡山県,新見市,新見
7180017,オカヤマケン,ニイミシ,ニシガタ,岡山県,新見市,西方
7192552,オカヤマケン,ニイミシ,ホウソ,岡山県,新見市,法曽
7180004,オカヤマケン,ニイミシ,マヅカ,岡山県,新見市,馬塚
7050000,オカヤマケン,ビゼンシ,イカニケイサイガナイバアイ,岡山県,備前市,以下に掲載がない場合
7050032,オカヤマケン,ビゼンシ,アソウナ,岡山県,備前市,麻宇那
7050023,オカヤマケン,ビゼンシ,イリナカ,岡山県,備前市,伊里中
7050001,オカヤマケン,ビゼンシ,インベ,岡山県,備前市,伊部
7050002,オカヤマケン,ビゼンシ,ウラインベ,岡山県,備前市,浦伊部
7050003,オカヤマケン,ビゼンシ,オオチ,岡山県,備前市,大内
7050012,オカヤマケン,ビゼンシ,カガトモト,岡山県,備前市,香登本
7050011,オカヤマケン,ビゼンシ,カガトニシ,岡山県,備前市,香登西
7050035,オカヤマケン,ビゼンシ,キダニ,岡山県,備前市,木谷
7050024,オカヤマケン,ビゼンシ,クグイ,岡山県,備前市,久々井
7050016,オカヤマケン,ビゼンシ,サカネ,岡山県,備前市,坂根
7050026,オカヤマケン,ビゼンシ,サヤマ,岡山県,備前市,佐山
7050031,オカヤマケン,ビゼンシ,シゲヤマ,岡山県,備前市,蕃山
7050036,オカヤマケン,ビゼンシ,シズタニ,岡山県,備前市,閑谷
7050014,オカヤマケン,ビゼンシ,シンジョウ,岡山県,備前市,新庄
7050025,オカヤマケン,ビゼンシ,ツルミ,岡山県,備前市,鶴海
7050034,オカヤマケン,ビゼンシ,トモノブ,岡山県,備前市,友延
7050021,オカヤマケン,ビゼンシ,ニシカタカミ,岡山県,備前市,西片上
7050131,オカヤマケン,ビゼンシ,ノダニ,岡山県,備前市,野谷
7050015,オカヤマケン,ビゼンシ,ハタケダ,岡山県,備前市,畠田
7050022,オカヤマケン,ビゼンシ,ヒガシカタカミ,岡山県,備前市,東片上
7013203,オカヤマケン,ビゼンシ,ヒナセチョウオオタブ,岡山県,備前市,日生町大多府
7013202,オカヤマケン,ビゼンシ,ヒナセチョウソウゴ,岡山県,備前市,日生町寒河
7013201,オカヤマケン,ビゼンシ,ヒナセチョウテラヤマ,岡山県,備前市,日生町寺山
7013204,オカヤマケン,ビゼンシ,ヒナセチョウヒナセ,岡山県,備前市,日生町日生
7050013,オカヤマケン,ビゼンシ,フクダ,岡山県,備前市,福田
7050033,オカヤマケン,ビゼンシ,ホナミ,岡山県,備前市,穂浪
7050132,オカヤマケン,ビゼンシ,ミツイシ,岡山県,備前市,三石
7050133,オカヤマケン,ビゼンシ,ヤキヤマ,岡山県,備前市,八木山
7090213,オカヤマケン,ビゼンシ,ヨシナガチョウイマサキ,岡山県,備前市,吉永町今崎
7090226,オカヤマケン,ビゼンシ,ヨシナガチョウイワサキ,岡山県,備前市,吉永町岩崎
7090301,オカヤマケン,ビゼンシ,ヨシナガチョウカガミ,岡山県,備前市,吉永町加賀美
7090221,オカヤマケン,ビゼンシ,ヨシナガチョウカナダニ,岡山県,備前市,吉永町金谷
7090212,オカヤマケン,ビゼンシ,ヨシナガチョウコウネホン,岡山県,備前市,吉永町神根本
7090304,オカヤマケン,ビゼンシ,ヨシナガチョウササメ,岡山県,備前市,吉永町笹目
7090211,オカヤマケン,ビゼンシ,ヨシナガチョウタカタ,岡山県,備前市,吉永町高田
7090302,オカヤマケン,ビゼンシ,ヨシナガチョウタマ,岡山県,備前市,吉永町多麻
7090303,オカヤマケン,ビゼンシ,ヨシナガチョウツルギ,岡山県,備前市,吉永町都留岐
7090222,オカヤマケン,ビゼンシ,ヨシナガチョウフクミツ,岡山県,備前市,吉永町福満
7090225,オカヤマケン,ビゼンシ,ヨシナガチョウミツマタ,岡山県,備前市,吉永町三股
7090223,オカヤマケン,ビゼンシ,ヨシナガチョウミナミガタ,岡山県,備前市,吉永町南方
7090224,オカヤマケン,ビゼンシ,ヨシナガチョウヨシナガナカ,岡山県,備前市,吉永町吉永中
7090214,オカヤマケン,ビゼンシ,ヨシナガチョウワイダニ,岡山県,備前市,吉永町和意谷
7014200,オカヤマケン,セトウチシ,イカニケイサイガナイバアイ,岡山県,瀬戸内市,以下に掲載がない場合
7014302,オカヤマケン,セトウチシ,ウシマドチョウウシマド,岡山県,瀬戸内市,牛窓町牛窓
7014303,オカヤマケン,セトウチシ,ウシマドチョウカシノ,岡山県,瀬戸内市,牛窓町鹿忍
7014304,オカヤマケン,セトウチシ,ウシマドチョウセンズ,岡山県,瀬戸内市,牛窓町千手
7014301,オカヤマケン,セトウチシ,ウシマドチョウナガハマ,岡山県,瀬戸内市,牛窓町長浜
7014231,オカヤマケン,セトウチシ,オクチョウオオクボ,岡山県,瀬戸内市,邑久町大窪
7014234,オカヤマケン,セトウチシ,オクチョウオオドミ,岡山県,瀬戸内市,邑久町大富
7014221,オカヤマケン,セトウチシ,オクチョウオワリ,岡山県,瀬戸内市,邑久町尾張
7014252,オカヤマケン,セトウチシ,オクチョウカミガサカ,岡山県,瀬戸内市,邑久町上笠加
7014215,オカヤマケン,セトウチシ,オクチョウカミヤマダ,岡山県,瀬戸内市,邑久町上山田
7014251,オカヤマケン,セトウチシ,オクチョウキタイケ,岡山県,瀬戸内市,邑久町北池
7014232,オカヤマケン,セトウチシ,オクチョウキタシマ,岡山県,瀬戸内市,邑久町北島
7014247,オカヤマケン,セトウチシ,オクチョウシモガサカ,岡山県,瀬戸内市,邑久町下笠加
7014216,オカヤマケン,セトウチシ,オクチョウシモヤマダ,岡山県,瀬戸内市,邑久町下山田
7014211,オカヤマケン,セトウチシ,オクチョウショウダ,岡山県,瀬戸内市,邑久町庄田
7014212,オカヤマケン,セトウチシ,オクチョウシリミ,岡山県,瀬戸内市,邑久町尻海
7014243,オカヤマケン,セトウチシ,オクチョウソウサン,岡山県,瀬戸内市,邑久町宗三
7014223,オカヤマケン,セトウチシ,オクチョウトヨハラ,岡山県,瀬戸内市,邑久町豊原
7014222,オカヤマケン,セトウチシ,オクチョウトヨヤス,岡山県,瀬戸内市,邑久町豊安
7014224,オカヤマケン,セトウチシ,オクチョウヒガシダニ,岡山県,瀬戸内市,邑久町東谷
7014502,オカヤマケン,セトウチシ,オクチョウフクタニ,岡山県,瀬戸内市,邑久町福谷
7014244,オカヤマケン,セトウチシ,オクチョウフクナカ,岡山県,瀬戸内市,邑久町福中
7014241,オカヤマケン,セトウチシ,オクチョウフクモト,岡山県,瀬戸内市,邑久町福元
7014245,オカヤマケン,セトウチシ,オクチョウフクヤマ,岡山県,瀬戸内市,邑久町福山
7014214,オカヤマケン,セトウチシ,オクチョウホンジョウ,岡山県,瀬戸内市,邑久町本庄
7014254,オカヤマケン,セトウチシ,オクチョウマメダ,岡山県,瀬戸内市,邑久町豆田
7014253,オカヤマケン,セトウチシ,オクチョウミノワ,岡山県,瀬戸内市,邑久町箕輪
7014233,オカヤマケン,セトウチシ,オクチョウムコウヤマ,岡山県,瀬戸内市,邑久町向山
7014501,オカヤマケン,セトウチシ,オクチョウムシアゲ,岡山県,瀬戸内市,邑久町虫明
7014248,オカヤマケン,セトウチシ,オクチョウモモダ,岡山県,瀬戸内市,邑久町百田
7014246,オカヤマケン,セトウチシ,オクチョウヤマダノショウ,岡山県,瀬戸内市,邑久町山田庄
7014213,オカヤマケン,セトウチシ,オクチョウヤマテ,岡山県,瀬戸内市,邑久町山手
7014261,オカヤマケン,セトウチシ,オサフネチョウイイ,岡山県,瀬戸内市,長船町飯井
7014273,オカヤマケン,セトウチシ,オサフネチョウイソカミ,岡山県,瀬戸内市,長船町磯上
7014274,オカヤマケン,セトウチシ,オサフネチョウウシフミ,岡山県,瀬戸内市,長船町牛文
7014271,オカヤマケン,セトウチシ,オサフネチョウオサフネ,岡山県,瀬戸内市,長船町長船
7014263,オカヤマケン,セトウチシ,オサフネチョウニシスエ,岡山県,瀬戸内市,長船町西須恵
7014264,オカヤマケン,セトウチシ,オサフネチョウハジ,岡山県,瀬戸内市,長船町土師
7014276,オカヤマケン,セトウチシ,オサフネチョウハットリ,岡山県,瀬戸内市,長船町服部
7014262,オカヤマケン,セトウチシ,オサフネチョウヒガシスエ,岡山県,瀬戸内市,長船町東須恵
7014265,オカヤマケン,セトウチシ,オサフネチョウフクオカ,岡山県,瀬戸内市,長船町福岡
7014275,オカヤマケン,セトウチシ,オサフネチョウフクサト,岡山県,瀬戸内市,長船町福里
7014272,オカヤマケン,セトウチシ,オサフネチョウヨウカイチ,岡山県,瀬戸内市,長船町八日市
7090800,オカヤマケン,アカイワシ,イカニケイサイガナイバアイ,岡山県,赤磐市,以下に掲載がない場合
7012443,オカヤマケン,アカイワシ,アイダ,岡山県,赤磐市,合田
7012514,オカヤマケン,アカイワシ,イシ,岡山県,赤磐市,石
7012445,オカヤマケン,アカイワシ,イシカミ,岡山県,赤磐市,石上
7090831,オカヤマケン,アカイワシ,イツカイチ,岡山県,赤磐市,五日市
7012511,オカヤマケン,アカイワシ,イナマキ,岡山県,赤磐市,稲蒔
7012213,オカヤマケン,アカイワシ,イマイ,岡山県,赤磐市,今井
7090822,オカヤマケン,アカイワシ,イワタ,岡山県,赤磐市,岩田
7090711,オカヤマケン,アカイワシ,エンコウジ,岡山県,赤磐市,円光寺
7012221,オカヤマケン,アカイワシ,オオカンダ,岡山県,赤磐市,大苅田
7012205,オカヤマケン,アカイワシ,オオヤ,岡山県,赤磐市,大屋
7090702,オカヤマケン,アカイワシ,オカ,岡山県,赤磐市,岡
7012446,オカヤマケン,アカイワシ,オガモ,岡山県,赤磐市,小鎌
7090713,オカヤマケン,アカイワシ,オクヨシハラ,岡山県,赤磐市,奥吉原
7090717,オカヤマケン,アカイワシ,オセギ,岡山県,赤磐市,小瀬木
7090806,オカヤマケン,アカイワシ,オダニ,岡山県,赤磐市,尾谷
7090733,オカヤマケン,アカイワシ,カマカミ,岡山県,赤磐市,可真上
7090732,オカヤマケン,アカイワシ,カマシモ,岡山県,赤磐市,可真下
7090817,オカヤマケン,アカイワシ,カミイチ,岡山県,赤磐市,上市
7090837,オカヤマケン,アカイワシ,カミニボ,岡山県,赤磐市,上仁保
7090834,オカヤマケン,アカイワシ,カモサキ,岡山県,赤磐市,鴨前
7090719,オカヤマケン,アカイワシ,カワタハラ,岡山県,赤磐市,河田原
7012501,オカヤマケン,アカイワシ,カワラヤ,岡山県,赤磐市,河原屋
7012211,オカヤマケン,アカイワシ,キタサコダ,岡山県,赤磐市,北佐古田
7012502,オカヤマケン,アカイワシ,クソウ,岡山県,赤磐市,草生
7090833,オカヤマケン,アカイワシ,クマザキ,岡山県,赤磐市,熊崎
7012512,オカヤマケン,アカイワシ,クレダ,岡山県,赤磐市,暮田
7012522,オカヤマケン,アカイワシ,クロサワ,岡山県,赤磐市,黒沢
7012521,オカヤマケン,アカイワシ,クロモト,岡山県,赤磐市,黒本
7012515,オカヤマケン,アカイワシ,コウキ,岡山県,赤磐市,光木
7090801,オカヤマケン,アカイワシ,コウダ,岡山県,赤磐市,神田
7090821,オカヤマケン,アカイワシ,コウモト,岡山県,赤磐市,河本
7012201,オカヤマケン,アカイワシ,コバラ,岡山県,赤磐市,小原
7012525,オカヤマケン,アカイワシ,コレサト,岡山県,赤磐市,是里
7090813,オカヤマケン,アカイワシ,サイドミ,岡山県,赤磐市,斎富
7012202,オカヤマケン,アカイワシ,サカナベ,岡山県,赤磐市,坂辺
7090802,オカヤマケン,アカイワシ,サクラガオカニシ,岡山県,赤磐市,桜が丘西
7090721,オカヤマケン,アカイワシ,サクラガオカヒガシ,岡山県,赤磐市,桜が丘東
7090706,オカヤマケン,アカイワシ,サコ,岡山県,赤磐市,佐古
7090704,オカヤマケン,アカイワシ,サワハラ,岡山県,赤磐市,沢原
7090827,オカヤマケン,アカイワシ,サンヨウ,岡山県,赤磐市,山陽
7012432,オカヤマケン,アカイワシ,シオギ,岡山県,赤磐市,塩木
7090816,オカヤマケン,アカイワシ,シモイチ,岡山県,赤磐市,下市
7090836,オカヤマケン,アカイワシ,シモニボ,岡山県,赤磐市,下仁保
7090701,オカヤマケン,アカイワシ,シャクダ,岡山県,赤磐市,酌田
7090731,オカヤマケン,アカイワシ,シャクレンジ,岡山県,赤磐市,石蓮寺
7090832,オカヤマケン,アカイワシ,ショウザキ,岡山県,赤磐市,正崎
7012503,オカヤマケン,アカイワシ,スサイ,岡山県,赤磐市,周匝
7090715,オカヤマケン,アカイワシ,セイリキ,岡山県,赤磐市,勢力
7090714,オカヤマケン,アカイワシ,センダ,岡山県,赤磐市,千躰
7012203,オカヤマケン,アカイワシ,ソウブン,岡山県,赤磐市,惣分
7012216,オカヤマケン,アカイワシ,タガ,岡山県,赤磐市,多賀
7090811,オカヤマケン,アカイワシ,タカヤ,岡山県,赤磐市,高屋
7012524,オカヤマケン,アカイワシ,タキヤマ,岡山県,赤磐市,滝山
7090815,オカヤマケン,アカイワシ,タツカワ,岡山県,赤磐市,立川
7090807,オカヤマケン,アカイワシ,ツザキ,岡山県,赤磐市,津崎
7090718,オカヤマケン,アカイワシ,ツルイ,岡山県,赤磐市,釣井
7090838,オカヤマケン,アカイワシ,トアリ,岡山県,赤磐市,斗有
7090716,オカヤマケン,アカイワシ,トクドミ,岡山県,赤磐市,徳富
7012431,オカヤマケン,アカイワシ,トツノ,岡山県,赤磐市,戸津野
7090703,オカヤマケン,アカイワシ,トノダニ,岡山県,赤磐市,殿谷
7090823,オカヤマケン,アカイワシ,ナガオ,岡山県,赤磐市,長尾
7090803,オカヤマケン,アカイワシ,ナカシマ,岡山県,赤磐市,中島
7012437,オカヤマケン,アカイワシ,ナカセイジツ,岡山県,赤磐市,中勢実
7012444,オカヤマケン,アカイワシ,ナカハタ,岡山県,赤磐市,中畑
7012523,オカヤマケン,アカイワシ,ナカヤマ,岡山県,赤磐市,中山
7012215,オカヤマケン,アカイワシ,ニシカルベ,岡山県,赤磐市,西軽部
7012224,オカヤマケン,アカイワシ,ニシクボタ,岡山県,赤磐市,西窪田
7012441,オカヤマケン,アカイワシ,ニシセイジツ,岡山県,赤磐市,西勢実
7090835,オカヤマケン,アカイワシ,ニシナカ,岡山県,赤磐市,西中
7012435,オカヤマケン,アカイワシ,ニボリナカ,岡山県,赤磐市,仁堀中
7012436,オカヤマケン,アカイワシ,ニボリニシ,岡山県,赤磐市,仁堀西
7012434,オカヤマケン,アカイワシ,ニボリヒガシ,岡山県,赤磐市,仁堀東
7090812,オカヤマケン,アカイワシ,ヌタ,岡山県,赤磐市,沼田
7090735,オカヤマケン,アカイワシ,ノマ,岡山県,赤磐市,野間
7090736,オカヤマケン,アカイワシ,ヒエダ,岡山県,赤磐市,稗田
7012214,オカヤマケン,アカイワシ,ヒガシカルベ,岡山県,赤磐市,東軽部
7012223,オカヤマケン,アカイワシ,ヒガシクボタ,岡山県,赤磐市,東窪田
7090804,オカヤマケン,アカイワシ,ヒコギ,岡山県,赤磐市,日古木
7012433,オカヤマケン,アカイワシ,ヒラヤマ,岡山県,赤磐市,平山
7012442,オカヤマケン,アカイワシ,ヒロド,岡山県,赤磐市,広戸
7012504,オカヤマケン,アカイワシ,フクダ,岡山県,赤磐市,福田
7090805,オカヤマケン,アカイワシ,フタイ,岡山県,赤磐市,二井
7090824,オカヤマケン,アカイワシ,ホサキ,岡山県,赤磐市,穂崎
7012222,オカヤマケン,アカイワシ,マチカンダ,岡山県,赤磐市,町苅田
7090705,オカヤマケン,アカイワシ,マツキ,岡山県,赤磐市,松木
7090825,オカヤマケン,アカイワシ,マヤ,岡山県,赤磐市,馬屋
7090814,オカヤマケン,アカイワシ,ミナミガタ,岡山県,赤磐市,南方
7012212,オカヤマケン,アカイワシ,ミナミサコダ,岡山県,赤磐市,南佐古田
7090734,オカヤマケン,アカイワシ,ヤガミ,岡山県,赤磐市,弥上
7012513,オカヤマケン,アカイワシ,ヤシマダ,岡山県,赤磐市,八島田
7012225,オカヤマケン,アカイワシ,ヤマグチ,岡山県,赤磐市,山口
7012204,オカヤマケン,アカイワシ,ヤマテ,岡山県,赤磐市,山手
7012226,オカヤマケン,アカイワシ,ユヅリ,岡山県,赤磐市,由津里
7090712,オカヤマケン,アカイワシ,ヨシハラ,岡山県,赤磐市,吉原
7090826,オカヤマケン,アカイワシ,ワダ,岡山県,赤磐市,和田
7193100,オカヤマケン,マニワシ,イカニケイサイガナイバアイ,岡山県,真庭市,以下に掲載がない場合
7193101,オカヤマケン,マニワシ,アカノ,岡山県,真庭市,赤野
7161431,オカヤマケン,マニワシ,アクチ,岡山県,真庭市,阿口
7170026,オカヤマケン,マニワシ,アラタ,岡山県,真庭市,荒田
7170421,オカヤマケン,マニワシ,アワダニ,岡山県,真庭市,粟谷
7193151,オカヤマケン,マニワシ,イシキ,岡山県,真庭市,一色
7170413,オカヤマケン,マニワシ,イナツ,岡山県,真庭市,禾津
7170745,オカヤマケン,マニワシ,イワイウネ,岡山県,真庭市,岩井畝
7170744,オカヤマケン,マニワシ,イワイダニ,岡山県,真庭市,岩井谷
7193131,オカヤマケン,マニワシ,ウエヤマ,岡山県,真庭市,上山
7170742,オカヤマケン,マニワシ,ウシロダニ,岡山県,真庭市,後谷
7170025,オカヤマケン,マニワシ,ウシロダニウネ,岡山県,真庭市,後谷畝
7170023,オカヤマケン,マニワシ,エガワ,岡山県,真庭市,江川
7193102,オカヤマケン,マニワシ,オオバ,岡山県,真庭市,大庭
7170015,オカヤマケン,マニワシ,オカ,岡山県,真庭市,岡
7193144,オカヤマケン,マニワシ,オチアイタルミ,岡山県,真庭市,落合垂水
7193111,オカヤマケン,マニワシ,カイデ,岡山県,真庭市,開田
7193112,オカヤマケン,マニワシ,カゲ,岡山県,真庭市,影
7193211,オカヤマケン,マニワシ,カシニシ,岡山県,真庭市,樫西
7193223,オカヤマケン,マニワシ,カシヒガシ,岡山県,真庭市,樫東
7193152,オカヤマケン,マニワシ,カツタ,岡山県,真庭市,鹿田
7170013,オカヤマケン,マニワシ,カツヤマ,岡山県,真庭市,勝山
7170101,オカヤマケン,マニワシ,カネヤマ,岡山県,真庭市,鉄山
7170746,オカヤマケン,マニワシ,カミ,岡山県,真庭市,上
7161432,オカヤマケン,マニワシ,カミアザエ,岡山県,真庭市,上呰部
7193141,オカヤマケン,マニワシ,カミイチゼ,岡山県,真庭市,上市瀬
7193121,オカヤマケン,マニワシ,カミゴウチ,岡山県,真庭市,上河内
7161422,オカヤマケン,マニワシ,カミナカツイ,岡山県,真庭市,上中津井
7161411,オカヤマケン,マニワシ,カミミズタ,岡山県,真庭市,上水田
7170004,オカヤマケン,マニワシ,カンバ,岡山県,真庭市,神庭
7193142,オカヤマケン,マニワシ,キヤマ,岡山県,真庭市,木山
7170414,オカヤマケン,マニワシ,クギヌキコガワ,岡山県,真庭市,釘貫小川
7193205,オカヤマケン,マニワシ,クサカベ,岡山県,真庭市,草加部
7193201,オカヤマケン,マニワシ,クセ,岡山県,真庭市,久世
7170006,オカヤマケン,マニワシ,クミ,岡山県,真庭市,組
7193153,オカヤマケン,マニワシ,クリハラ,岡山県,真庭市,栗原
7170423,オカヤマケン,マニワシ,クロクイ,岡山県,真庭市,黒杭
7170102,オカヤマケン,マニワシ,クロダ,岡山県,真庭市,黒田
7193206,オカヤマケン,マニワシ,コウ,岡山県,真庭市,神
7170027,オカヤマケン,マニワシ,コウジロ,岡山県,真庭市,神代
7193228,オカヤマケン,マニワシ,ゴタン,岡山県,真庭市,五反
7193103,オカヤマケン,マニワシ,コミ,岡山県,真庭市,古見
7161401,オカヤマケン,マニワシ,ゴミョウ,岡山県,真庭市,五名
7170736,オカヤマケン,マニワシ,コロロビナカ,岡山県,真庭市,古呂々尾中
7193154,オカヤマケン,マニワシ,サビキ,岡山県,真庭市,佐引
7170022,オカヤマケン,マニワシ,サンデン,岡山県,真庭市,三田
7170014,オカヤマケン,マニワシ,シバラ,岡山県,真庭市,柴原
7161433,オカヤマケン,マニワシ,シモアザエ,岡山県,真庭市,下呰部
7193143,オカヤマケン,マニワシ,シモイチゼ,岡山県,真庭市,下市瀬
7170735,オカヤマケン,マニワシ,シモイワ,岡山県,真庭市,下岩
7193155,オカヤマケン,マニワシ,シモガタ,岡山県,真庭市,下方
7193122,オカヤマケン,マニワシ,シモゴウチ,岡山県,真庭市,下河内
7161421,オカヤマケン,マニワシ,シモナカツイ,岡山県,真庭市,下中津井
7193123,オカヤマケン,マニワシ,シモミ,岡山県,真庭市,下見
7170403,オカヤマケン,マニワシ,シモユバラ,岡山県,真庭市,下湯原
7170002,オカヤマケン,マニワシ,スガタニ,岡山県,真庭市,菅谷
7193113,オカヤマケン,マニワシ,スギヤマ,岡山県,真庭市,杉山
7170737,オカヤマケン,マニワシ,セイタニ,岡山県,真庭市,清谷
7193156,オカヤマケン,マニワシ,セキ,岡山県,真庭市,関
7193204,オカヤマケン,マニワシ,ソウ,岡山県,真庭市,惣
7193227,オカヤマケン,マニワシ,ダイカナヤ,岡山県,真庭市,台金屋
7170732,オカヤマケン,マニワシ,タカタヤマウエ,岡山県,真庭市,高田山上
7193114,オカヤマケン,マニワシ,タカヤ,岡山県,真庭市,高屋
7170103,オカヤマケン,マニワシ,タグチ,岡山県,真庭市,田口
7170003,オカヤマケン,マニワシ,タケバラ,岡山県,真庭市,竹原
7193213,オカヤマケン,マニワシ,タダ,岡山県,真庭市,多田
7170424,オカヤマケン,マニワシ,タネ,岡山県,真庭市,種
7170401,オカヤマケン,マニワシ,タバネ,岡山県,真庭市,田羽根
7193104,オカヤマケン,マニワシ,タハラ,岡山県,真庭市,田原
7193132,オカヤマケン,マニワシ,タハラサンジョウ,岡山県,真庭市,田原山上
7193133,オカヤマケン,マニワシ,ダンド,岡山県,真庭市,旦土
7170024,オカヤマケン,マニワシ,ツキダ,岡山県,真庭市,月田
7170743,オカヤマケン,マニワシ,ツキダホン,岡山県,真庭市,月田本
7170415,オカヤマケン,マニワシ,ツギタル,岡山県,真庭市,都喜足
7193203,オカヤマケン,マニワシ,トミノオ,岡山県,真庭市,富尾
7170406,オカヤマケン,マニワシ,トヨサカ,岡山県,真庭市,豊栄
7193115,オカヤマケン,マニワシ,ナカ,岡山県,真庭市,中
7193124,オカヤマケン,マニワシ,ナカゴウチ,岡山県,真庭市,中河内
7193202,オカヤマケン,マニワシ,ナカシマ,岡山県,真庭市,中島
7193225,オカヤマケン,マニワシ,ナカバラ,岡山県,真庭市,中原
7170416,オカヤマケン,マニワシ,ナカマ,岡山県,真庭市,仲間
7193214,オカヤマケン,マニワシ,ナベヤ,岡山県,真庭市,鍋屋
7193145,オカヤマケン,マニワシ,ニシゴウチ,岡山県,真庭市,西河内
7193105,オカヤマケン,マニワシ,ニシバラ,岡山県,真庭市,西原
7170734,オカヤマケン,マニワシ,ノ,岡山県,真庭市,野
7193106,オカヤマケン,マニワシ,ノガワ,岡山県,真庭市,野川
7193134,オカヤマケン,マニワシ,ノハラ,岡山県,真庭市,野原
7170104,オカヤマケン,マニワシ,ノブカゼ,岡山県,真庭市,延風
7170405,オカヤマケン,マニワシ,ヒサミ,岡山県,真庭市,久見
7170425,オカヤマケン,マニワシ,ヒジヤ,岡山県,真庭市,小童谷
7193116,オカヤマケン,マニワシ,ヒナ,岡山県,真庭市,日名
7193146,オカヤマケン,マニワシ,ヒノウエ,岡山県,真庭市,日野上
7193107,オカヤマケン,マニワシ,ヒラマツ,岡山県,真庭市,平松
7170612,オカヤマケン,マニワシ,ヒルゼンカミトクヤマ,岡山県,真庭市,蒜山上徳山
7170505,オカヤマケン,マニワシ,ヒルゼンカミナガタ,岡山県,真庭市,蒜山上長田
7170602,オカヤマケン,マニワシ,ヒルゼンカミフクダ,岡山県,真庭市,蒜山上福田
7170513,オカヤマケン,マニワシ,ヒルゼンシタオ,岡山県,真庭市,蒜山下和
7170613,オカヤマケン,マニワシ,ヒルゼンシモトクヤマ,岡山県,真庭市,蒜山下徳山
7170506,オカヤマケン,マニワシ,ヒルゼンシモナガタ,岡山県,真庭市,蒜山下長田
7170504,オカヤマケン,マニワシ,ヒルゼンシモフクダ,岡山県,真庭市,蒜山下福田
7170507,オカヤマケン,マニワシ,ヒルゼンシモミ,岡山県,真庭市,蒜山下見
7170502,オカヤマケン,マニワシ,ヒルゼントミカケダ,岡山県,真庭市,蒜山富掛田
7170503,オカヤマケン,マニワシ,ヒルゼントミヤマネ,岡山県,真庭市,蒜山富山根
7170501,オカヤマケン,マニワシ,ヒルゼンナカフクダ,岡山県,真庭市,蒜山中福田
7170604,オカヤマケン,マニワシ,ヒルゼンニシカヤベ,岡山県,真庭市,蒜山西茅部
7170511,オカヤマケン,マニワシ,ヒルゼンハツワ,岡山県,真庭市,蒜山初和
7170603,オカヤマケン,マニワシ,ヒルゼンヒガシカヤベ,岡山県,真庭市,蒜山東茅部
7170515,オカヤマケン,マニワシ,ヒルゼンベッショ,岡山県,真庭市,蒜山別所
7170611,オカヤマケン,マニワシ,ヒルゼンホンカヤベ,岡山県,真庭市,蒜山本茅部
7170512,オカヤマケン,マニワシ,ヒルゼンマカゴ,岡山県,真庭市,蒜山真加子
7170601,オカヤマケン,マニワシ,ヒルゼンユブネ,岡山県,真庭市,蒜山湯船
7170514,オカヤマケン,マニワシ,ヒルゼンヨシダ,岡山県,真庭市,蒜山吉田
7193117,オカヤマケン,マニワシ,フクダ,岡山県,真庭市,福田
7170021,オカヤマケン,マニワシ,フクタニ,岡山県,真庭市,福谷
7170422,オカヤマケン,マニワシ,フジモリ,岡山県,真庭市,藤森
7193157,オカヤマケン,マニワシ,ベッシヨ,岡山県,真庭市,別所
7193125,オカヤマケン,マニワシ,ホウカイジ,岡山県,真庭市,法界寺
7170001,オカヤマケン,マニワシ,ホシヤマ,岡山県,真庭市,星山
7170007,オカヤマケン,マニワシ,ホンゴウ,岡山県,真庭市,本郷
7170412,オカヤマケン,マニワシ,ホンジョウ,岡山県,真庭市,本庄
7193135,オカヤマケン,マニワシ,マイタカ,岡山県,真庭市,舞高
7170017,オカヤマケン,マニワシ,マガ,岡山県,真庭市,真賀
7170731,オカヤマケン,マニワシ,マガリ,岡山県,真庭市,曲り
7170016,オカヤマケン,マニワシ,マサヨシ,岡山県,真庭市,正吉
7170411,オカヤマケン,マニワシ,ミアケド,岡山県,真庭市,見明戸
7170011,オカヤマケン,マニワシ,ミオ,岡山県,真庭市,見尾
7170105,オカヤマケン,マニワシ,ミカモ,岡山県,真庭市,美甘
7193212,オカヤマケン,マニワシ,ミサカ,岡山県,真庭市,三阪
7193226,オカヤマケン,マニワシ,ミサキ,岡山県,真庭市,三崎
7170426,オカヤマケン,マニワシ,ミセシチバラ,岡山県,真庭市,三世七原
7161403,オカヤマケン,マニワシ,ミヤジ,岡山県,真庭市,宮地
7193126,オカヤマケン,マニワシ,ムカツヤ,岡山県,真庭市,向津矢
7193224,オカヤマケン,マニワシ,メキ,岡山県,真庭市,目木
7170404,オカヤマケン,マニワシ,ヤシロ,岡山県,真庭市,社
7170012,オカヤマケン,マニワシ,ヤマクセ,岡山県,真庭市,山久世
7161402,オカヤマケン,マニワシ,ヤマダ,岡山県,真庭市,山田
7170402,オカヤマケン,マニワシ,ユバラオンセン,岡山県,真庭市,湯原温泉
7170005,オカヤマケン,マニワシ,ヨコベ,岡山県,真庭市,横部
7193136,オカヤマケン,マニワシ,ヨシ,岡山県,真庭市,吉
7193221,オカヤマケン,マニワシ,ヨノカミ,岡山県,真庭市,余野上
7193222,オカヤマケン,マニワシ,ヨノシモ,岡山県,真庭市,余野下
7170741,オカヤマケン,マニワシ,ワカシロ,岡山県,真庭市,若代
7170733,オカヤマケン,マニワシ,ワカシロウネ,岡山県,真庭市,若代畝
7070000,オカヤマケン,ミマサカシ,イカニケイサイガナイバアイ,岡山県,美作市,以下に掲載がない場合
7012623,オカヤマケン,ミマサカシ,アイダアオノ,岡山県,美作市,英田青野
7070065,オカヤマケン,ミマサカシ,アオキ,岡山県,美作市,青木
7070432,オカヤマケン,ミマサカシ,アカダ,岡山県,美作市,赤田
7094232,オカヤマケン,ミマサカシ,アシゴウチ,岡山県,美作市,芦河内
7070053,オカヤマケン,ミマサカシ,アソ,岡山県,美作市,安蘇
7094205,オカヤマケン,ミマサカシ,アワイナカ,岡山県,美作市,粟井中
7070437,オカヤマケン,ミマサカシ,アワノ,岡山県,美作市,粟野
7012606,オカヤマケン,ミマサカシ,イグチ,岡山県,美作市,井口
7070052,オカヤマケン,ミマサカシ,イデン,岡山県,美作市,位田
7070051,オカヤマケン,ミマサカシ,イナホ,岡山県,美作市,稲穂
7070034,オカヤマケン,ミマサカシ,イブシ,岡山県,美作市,猪臥
7070416,オカヤマケン,ミマサカシ,イマオカ,岡山県,美作市,今岡
7094222,オカヤマケン,ミマサカシ,イワナベ,岡山県,美作市,岩辺
7070054,オカヤマケン,ミマサカシ,イワミダ,岡山県,美作市,岩見田
7012614,オカヤマケン,ミマサカシ,ウエヤマ,岡山県,美作市,上山
7070401,オカヤマケン,ミマサカシ,ウシロヤマ,岡山県,美作市,後山
7070204,オカヤマケン,ミマサカシ,ウテ,岡山県,美作市,右手
7070411,オカヤマケン,ミマサカシ,エノハラ,岡山県,美作市,江ノ原
7094234,オカヤマケン,ミマサカシ,エミ,岡山県,美作市,江見
7094227,オカヤマケン,ミマサカシ,エミヨシダ,岡山県,美作市,江見吉田
7070005,オカヤマケン,ミマサカシ,オオイガオカ,岡山県,美作市,大井が丘
7094223,オカヤマケン,ミマサカシ,オオウチダニ,岡山県,美作市,大内谷
7070404,オカヤマケン,ミマサカシ,オオタ,岡山県,美作市,太田
7070033,オカヤマケン,ミマサカシ,オオバラ,岡山県,美作市,大原
7070124,オカヤマケン,ミマサカシ,オオマチ,岡山県,美作市,大町
7012605,オカヤマケン,ミマサカシ,オク,岡山県,美作市,奥
7070067,オカヤマケン,ミマサカシ,オクオオタニ,岡山県,美作市,奥大谷
7012601,オカヤマケン,ミマサカシ,オタニ,岡山県,美作市,尾谷
7094203,オカヤマケン,ミマサカシ,オノ,岡山県,美作市,小野
7094215,オカヤマケン,ミマサカシ,オノタニ,岡山県,美作市,小ノ谷
7070132,オカヤマケン,ミマサカシ,オバタ,岡山県,美作市,小畑
7070423,オカヤマケン,ミマサカシ,オハラダ,岡山県,美作市,小原田
7094201,オカヤマケン,ミマサカシ,オブサ,岡山県,美作市,小房
7070044,オカヤマケン,ミマサカシ,カイタ,岡山県,美作市,海田
7094253,オカヤマケン,ミマサカシ,カキガハラ,岡山県,美作市,柿ケ原
7070201,オカヤマケン,ミマサカシ,カジナミ,岡山県,美作市,梶並
7094202,オカヤマケン,ミマサカシ,カジワラ,岡山県,美作市,梶原
7070426,オカヤマケン,ミマサカシ,カツラツボ,岡山県,美作市,桂坪
7070055,オカヤマケン,ミマサカシ,カナハラ,岡山県,美作市,金原
7094246,オカヤマケン,ミマサカシ,カミフクハラ,岡山県,美作市,上福原
7070001,オカヤマケン,ミマサカシ,カミヤ,岡山県,美作市,上相
7070421,オカヤマケン,ミマサカシ,カワカミ,岡山県,美作市,川上
7094236,オカヤマケン,ミマサカシ,カワギタ,岡山県,美作市,川北
7070436,オカヤマケン,ミマサカシ,カワト,岡山県,美作市,川戸
7070407,オカヤマケン,ミマサカシ,カワヒガシ,岡山県,美作市,川東
7012611,オカヤマケン,ミマサカシ,キタ,岡山県,美作市,北
7070063,オカヤマケン,ミマサカシ,キタサカ,岡山県,美作市,北坂
7070036,オカヤマケン,ミマサカシ,キタバラ,岡山県,美作市,北原
7070014,オカヤマケン,ミマサカシ,キタヤマ,岡山県,美作市,北山
7070111,オカヤマケン,ミマサカシ,クガ,岡山県,美作市,久賀
7070042,オカヤマケン,ミマサカシ,クツギ,岡山県,美作市,朽木
7094255,オカヤマケン,ミマサカシ,クニサダ,岡山県,美作市,国貞
7070202,オカヤマケン,ミマサカシ,コウゾ,岡山県,美作市,楮
7070131,オカヤマケン,ミマサカシ,コウチ,岡山県,美作市,河内
7070045,オカヤマケン,ミマサカシ,コセ,岡山県,美作市,巨勢
7094211,オカヤマケン,ミマサカシ,ゴミョウ,岡山県,美作市,五名
7070025,オカヤマケン,ミマサカシ,サカエマチ,岡山県,美作市,栄町
7094204,オカヤマケン,ミマサカシ,サギス,岡山県,美作市,鷺巣
7070422,オカヤマケン,ミマサカシ,ササオカ,岡山県,美作市,笹岡
7070435,オカヤマケン,ミマサカシ,サワダ,岡山県,美作市,沢田
7070066,オカヤマケン,ミマサカシ,シモオオタニ,岡山県,美作市,下大谷
7070016,オカヤマケン,ミマサカシ,シモカヤマ,岡山県,美作市,下香山
7070425,オカヤマケン,ミマサカシ,シモショウマチ,岡山県,美作市,下庄町
7070417,オカヤマケン,ミマサカシ,シモマチ,岡山県,美作市,下町
7012621,オカヤマケン,ミマサカシ,シモヤマ,岡山県,美作市,下山
7012625,オカヤマケン,ミマサカシ,ジョウデン,岡山県,美作市,城田
7094251,オカヤマケン,ミマサカシ,シラミズ,岡山県,美作市,白水
7070133,オカヤマケン,ミマサカシ,スギハラ,岡山県,美作市,杉原
7094256,オカヤマケン,ミマサカシ,スズケ,岡山県,美作市,鈴家
7094252,オカヤマケン,ミマサカシ,スナミ,岡山県,美作市,角南
7094221,オカヤマケン,ミマサカシ,セト,岡山県,美作市,瀬戸
7070431,オカヤマケン,ミマサカシ,タイ,岡山県,美作市,田井
7094213,オカヤマケン,ミマサカシ,ダイショウジ,岡山県,美作市,大聖寺
7070427,オカヤマケン,ミマサカシ,タキ,岡山県,美作市,滝
7012612,オカヤマケン,ミマサカシ,タキミヤ,岡山県,美作市,滝宮
7094245,オカヤマケン,ミマサカシ,タケダ,岡山県,美作市,竹田
7070433,オカヤマケン,ミマサカシ,タテイシ,岡山県,美作市,立石
7070012,オカヤマケン,ミマサカシ,タドノ,岡山県,美作市,田殿
7094257,オカヤマケン,ミマサカシ,タブチ,岡山県,美作市,田渕
7094242,オカヤマケン,ミマサカシ,タワラ,岡山県,美作市,田原
7094244,オカヤマケン,ミマサカシ,ドイ,岡山県,美作市,土居
7070064,オカヤマケン,ミマサカシ,トノドコロ,岡山県,美作市,殿所
7070037,オカヤマケン,ミマサカシ,トモノ,岡山県,美作市,友野
7070015,オカヤマケン,ミマサカシ,トヨクニハラ,岡山県,美作市,豊国原
7094224,オカヤマケン,ミマサカシ,トヨノ,岡山県,美作市,豊野
7012622,オカヤマケン,ミマサカシ,トリブチ,岡山県,美作市,鳥渕
7070056,オカヤマケン,ミマサカシ,ナガウチ,岡山県,美作市,長内
7070002,オカヤマケン,ミマサカシ,ナカオ,岡山県,美作市,中尾
7012615,オカヤマケン,ミマサカシ,ナカガワ,岡山県,美作市,中川
7012624,オカヤマケン,ミマサカシ,ナカゴウチ,岡山県,美作市,中河内
7070402,オカヤマケン,ミマサカシ,ナカダニ,岡山県,美作市,中谷
7070413,オカヤマケン,ミマサカシ,ナカマチ,岡山県,美作市,中町
7070061,オカヤマケン,ミマサカシ,ナカヤマ,岡山県,美作市,中山
7094226,オカヤマケン,ミマサカシ,ナマズ,岡山県,美作市,鯰
7070022,オカヤマケン,ミマサカシ,ナラハラカミ,岡山県,美作市,楢原上
7070024,オカヤマケン,ミマサカシ,ナラハラシモ,岡山県,美作市,楢原下
7070021,オカヤマケン,ミマサカシ,ナラハラナカ,岡山県,美作市,楢原中
7094231,オカヤマケン,ミマサカシ,ナンガイ,岡山県,美作市,南海
7070414,オカヤマケン,ミマサカシ,ニシマチ,岡山県,美作市,西町
7070004,オカヤマケン,ミマサカシ,ニュウタ,岡山県,美作市,入田
7070424,オカヤマケン,ミマサカシ,ノガタ,岡山県,美作市,野形
7070405,オカヤマケン,ミマサカシ,ノハラ,岡山県,美作市,野原
7070057,オカヤマケン,ミマサカシ,ノリヒラ,岡山県,美作市,則平
7070121,オカヤマケン,ミマサカシ,ハセウチ,岡山県,美作市,長谷内
7070041,オカヤマケン,ミマサカシ,ハヤシノ,岡山県,美作市,林野
7094235,オカヤマケン,ミマサカシ,ハラ,岡山県,美作市,原
7070403,オカヤマケン,ミマサカシ,ヒガシアオノ,岡山県,美作市,東青野
7070205,オカヤマケン,ミマサカシ,ヒガシダニカミ,岡山県,美作市,東谷上
7070206,オカヤマケン,ミマサカシ,ヒガシダニシモ,岡山県,美作市,東谷下
7070406,オカヤマケン,ミマサカシ,ヒガシヨシダ,岡山県,美作市,東吉田
7094241,オカヤマケン,ミマサカシ,ヒサシ,岡山県,美作市,日指
7070035,オカヤマケン,ミマサカシ,ヒラタ,岡山県,美作市,平田
7070023,オカヤマケン,ミマサカシ,ヒラフク,岡山県,美作市,平福
7012604,オカヤマケン,ミマサカシ,フクモト,岡山県,美作市,福本
7094233,オカヤマケン,ミマサカシ,フジュウ,岡山県,美作市,藤生
7070412,オカヤマケン,ミマサカシ,フルマチ,岡山県,美作市,古町
7070122,オカヤマケン,ミマサカシ,マガタ,岡山県,美作市,馬形
7070113,オカヤマケン,ミマサカシ,マカベ,岡山県,美作市,真加部
7012602,オカヤマケン,ミマサカシ,マガミ,岡山県,美作市,真神
7094225,オカヤマケン,ミマサカシ,マツワキ,岡山県,美作市,松脇
7070203,オカヤマケン,ミマサカシ,マトノ,岡山県,美作市,真殿
7094214,オカヤマケン,ミマサカシ,マメダ,岡山県,美作市,豆田
7094254,オカヤマケン,ミマサカシ,マンゼン,岡山県,美作市,万善
7070043,オカヤマケン,ミマサカシ,ミウチ,岡山県,美作市,海内
7070046,オカヤマケン,ミマサカシ,ミクラダ,岡山県,美作市,三倉田
7012616,オカヤマケン,ミマサカシ,ミナミ,岡山県,美作市,南
7070434,オカヤマケン,ミマサカシ,ミブ,岡山県,美作市,壬生
7012603,オカヤマケン,ミマサカシ,ミホバラ,岡山県,美作市,三保原
7094212,オカヤマケン,ミマサカシ,ミヤバラ,岡山県,美作市,宮原
7070415,オカヤマケン,ミマサカシ,ミヤモト,岡山県,美作市,宮本
7070003,オカヤマケン,ミマサカシ,ミョウケン,岡山県,美作市,明見
7070017,オカヤマケン,ミマサカシ,ミライ,岡山県,美作市,美来
7070123,オカヤマケン,ミマサカシ,ムナカケ,岡山県,美作市,宗掛
7070134,オカヤマケン,ミマサカシ,ヤタ,岡山県,美作市,矢田
7070031,オカヤマケン,ミマサカシ,ヤマグチ,岡山県,美作市,山口
7094247,オカヤマケン,ミマサカシ,ヤマシロ,岡山県,美作市,山城
7094216,オカヤマケン,ミマサカシ,ヤマテ,岡山県,美作市,山手
7070032,オカヤマケン,ミマサカシ,ヤマトノ,岡山県,美作市,山外野
7070062,オカヤマケン,ミマサカシ,ユノゴウ,岡山県,美作市,湯郷
7012613,オカヤマケン,ミマサカシ,ヨコオ,岡山県,美作市,横尾
7070013,オカヤマケン,ミマサカシ,ヨシ,岡山県,美作市,吉
7070112,オカヤマケン,ミマサカシ,ヨノ,岡山県,美作市,余野
7094243,オカヤマケン,ミマサカシ,レンゲジ,岡山県,美作市,蓮花寺
7070011,オカヤマケン,ミマサカシ,ワダ,岡山県,美作市,和田
7190200,オカヤマケン,アサクチシ,イカニケイサイガナイバアイ,岡山県,浅口市,以下に掲載がない場合
7190243,オカヤマケン,アサクチシ,カモガタチョウカモガタ,岡山県,浅口市,鴨方町鴨方
7190231,オカヤマケン,アサクチシ,カモガタチョウコサカニシ,岡山県,浅口市,鴨方町小坂西
7190241,オカヤマケン,アサクチシ,カモガタチョウコサカヒガシ,岡山県,浅口市,鴨方町小坂東
7190233,オカヤマケン,アサクチシ,カモガタチョウヂトウカミ,岡山県,浅口市,鴨方町地頭上
7190253,オカヤマケン,アサクチシ,カモガタチョウハトガオカ,岡山県,浅口市,鴨方町鳩ケ丘
7190244,オカヤマケン,アサクチシ,カモガタチョウフカダ,岡山県,浅口市,鴨方町深田
7190232,オカヤマケン,アサクチシ,カモガタチョウホンジョ,岡山県,浅口市,鴨方町本庄
7190234,オカヤマケン,アサクチシ,カモガタチョウマスサカ,岡山県,浅口市,鴨方町益坂
7190242,オカヤマケン,アサクチシ,カモガタチョウミドリガオカ,岡山県,浅口市,鴨方町みどりケ丘
7190252,オカヤマケン,アサクチシ,カモガタチョウロクジョウインナカ,岡山県,浅口市,鴨方町六条院中
7190251,オカヤマケン,アサクチシ,カモガタチョウロクジョウインニシ,岡山県,浅口市,鴨方町六条院西
7190254,オカヤマケン,アサクチシ,カモガタチョウロクジョウインヒガシ,岡山県,浅口市,鴨方町六条院東
7190105,オカヤマケン,アサクチシ,コンコウチョウウラミ,岡山県,浅口市,金光町占見
7190104,オカヤマケン,アサクチシ,コンコウチョウウラミシンデン,岡山県,浅口市,金光町占見新田
7190111,オカヤマケン,アサクチシ,コンコウチョウオオタニ,岡山県,浅口市,金光町大谷
7190221,オカヤマケン,アサクチシ,コンコウチョウカミダケ（ヨウショウザン）,岡山県,浅口市,金光町上竹（遙照山）
7190101,オカヤマケン,アサクチシ,コンコウチョウカミダケ（ソノタ）,岡山県,浅口市,金光町上竹（その他）
7190113,オカヤマケン,アサクチシ,コンコウチョウサガタ,岡山県,浅口市,金光町佐方
7190106,オカヤマケン,アサクチシ,コンコウチョウジトウシモ,岡山県,浅口市,金光町地頭下
7190102,オカヤマケン,アサクチシ,コンコウチョウシモダケ,岡山県,浅口市,金光町下竹
7190112,オカヤマケン,アサクチシ,コンコウチョウスエ,岡山県,浅口市,金光町須恵
7190103,オカヤマケン,アサクチシ,コンコウチョウヤエ,岡山県,浅口市,金光町八重
7140101,オカヤマケン,アサクチシ,ヨリシマチョウ,岡山県,浅口市,寄島町
7090400,オカヤマケン,ワケグンワケチョウ,イカニケイサイガナイバアイ,岡山県,和気郡和気町,以下に掲載がない場合
7090413,オカヤマケン,ワケグンワケチョウ,イズミ,岡山県,和気郡和気町,泉
7090513,オカヤマケン,ワケグンワケチョウ,イワト,岡山県,和気郡和気町,岩戸
7090525,オカヤマケン,ワケグンワケチョウ,ウブ,岡山県,和気郡和気町,宇生
7090414,オカヤマケン,ワケグンワケチョウ,オオタワラ,岡山県,和気郡和気町,大田原
7090432,オカヤマケン,ワケグンワケチョウ,オオナカヤマ,岡山県,和気郡和気町,大中山
7090501,オカヤマケン,ワケグンワケチョウ,オクシオタ,岡山県,和気郡和気町,奥塩田
7090522,オカヤマケン,ワケグンワケチョウ,カミガタ,岡山県,和気郡和気町,加三方
7090504,オカヤマケン,ワケグンワケチョウ,キタヤマガタ,岡山県,和気郡和気町,北山方
7090441,オカヤマケン,ワケグンワケチョウ,キヌガサ,岡山県,和気郡和気町,衣笠
7090404,オカヤマケン,ワケグンワケチョウ,キノクラ,岡山県,和気郡和気町,木倉
7090523,オカヤマケン,ワケグンワケチョウ,コザカ,岡山県,和気郡和気町,小坂
7090514,オカヤマケン,ワケグンワケチョウ,サエキ,岡山県,和気郡和気町,佐伯
7090506,オカヤマケン,ワケグンワケチョウ,シオタ,岡山県,和気郡和気町,塩田
7090431,オカヤマケン,ワケグンワケチョウ,シミズ,岡山県,和気郡和気町,清水
7090422,オカヤマケン,ワケグンワケチョウ,シャクソ,岡山県,和気郡和気町,尺所
7090524,オカヤマケン,ワケグンワケチョウ,タガ,岡山県,和気郡和気町,田賀
7090512,オカヤマケン,ワケグンワケチョウ,タド,岡山県,和気郡和気町,田土
7090463,オカヤマケン,ワケグンワケチョウ,タワラカミ,岡山県,和気郡和気町,田原上
7090464,オカヤマケン,ワケグンワケチョウ,タワラシモ,岡山県,和気郡和気町,田原下
7090521,オカヤマケン,ワケグンワケチョウ,チチイバラ,岡山県,和気郡和気町,父井原
7090516,オカヤマケン,ワケグンワケチョウ,ツゼ,岡山県,和気郡和気町,津瀬
7090505,オカヤマケン,ワケグンワケチョウ,ニガキ,岡山県,和気郡和気町,苦木
7090461,オカヤマケン,ワケグンワケチョウ,ハラ,岡山県,和気郡和気町,原
7090402,オカヤマケン,ワケグンワケチョウ,ヒカサカミ,岡山県,和気郡和気町,日笠上
7090403,オカヤマケン,ワケグンワケチョウ,ヒカサシモ,岡山県,和気郡和気町,日笠下
7090421,オカヤマケン,ワケグンワケチョウ,ヒムロ,岡山県,和気郡和気町,日室
7090442,オカヤマケン,ワケグンワケチョウ,フクトミ,岡山県,和気郡和気町,福富
7090412,オカヤマケン,ワケグンワケチョウ,フジノ,岡山県,和気郡和気町,藤野
7090401,オカヤマケン,ワケグンワケチョウ,ホソウ,岡山県,和気郡和気町,保曽
7090462,オカヤマケン,ワケグンワケチョウ,ホン,岡山県,和気郡和気町,本
7090452,オカヤマケン,ワケグンワケチョウ,マスバラ,岡山県,和気郡和気町,益原
7090502,オカヤマケン,ワケグンワケチョウ,マルヤマ,岡山県,和気郡和気町,丸山
7090503,オカヤマケン,ワケグンワケチョウ,ミナミヤマガタ,岡山県,和気郡和気町,南山方
7090511,オカヤマケン,ワケグンワケチョウ,ヤタ,岡山県,和気郡和気町,矢田
7090526,オカヤマケン,ワケグンワケチョウ,ヤタベ,岡山県,和気郡和気町,矢田部
7090411,オカヤマケン,ワケグンワケチョウ,ヨシダ,岡山県,和気郡和気町,吉田
7090515,オカヤマケン,ワケグンワケチョウ,ヨネザワ,岡山県,和気郡和気町,米澤
7090451,オカヤマケン,ワケグンワケチョウ,ワケ,岡山県,和気郡和気町,和気
7010300,オカヤマケン,ツクボグンハヤシマチョウ,イカニケイサイガナイバアイ,岡山県,都窪郡早島町,以下に掲載がない場合
7010304,オカヤマケン,ツクボグンハヤシマチョウ,ハヤシマ,岡山県,都窪郡早島町,早島
7010303,オカヤマケン,ツクボグンハヤシマチョウ,マエガタ,岡山県,都窪郡早島町,前潟
7010301,オカヤマケン,ツクボグンハヤシマチョウ,ヤオ,岡山県,都窪郡早島町,矢尾
7010302,オカヤマケン,ツクボグンハヤシマチョウ,ワカミヤ,岡山県,都窪郡早島町,若宮
7190300,オカヤマケン,アサクチグンサトショウチョウ,イカニケイサイガナイバアイ,岡山県,浅口郡里庄町,以下に掲載がない場合
7190301,オカヤマケン,アサクチグンサトショウチョウ,サトミ,岡山県,浅口郡里庄町,里見
7190302,オカヤマケン,アサクチグンサトショウチョウ,シンジョウ,岡山県,浅口郡里庄町,新庄
7190304,オカヤマケン,アサクチグンサトショウチョウ,シンジョウグリーンクレスト,岡山県,浅口郡里庄町,新庄グリーンクレスト
7190303,オカヤマケン,アサクチグンサトショウチョウ,ハマナカ,岡山県,浅口郡里庄町,浜中
7141200,オカヤマケン,オダグンヤカゲチョウ,イカニケイサイガナイバアイ,岡山県,小田郡矢掛町,以下に掲載がない場合
7141225,オカヤマケン,オダグンヤカゲチョウ,アスミ,岡山県,小田郡矢掛町,浅海
7141205,オカヤマケン,オダグンヤカゲチョウ,ウズミ,岡山県,小田郡矢掛町,宇角
7141206,オカヤマケン,オダグンヤカゲチョウ,ウチダ,岡山県,小田郡矢掛町,内田
7141221,オカヤマケン,オダグンヤカゲチョウ,ウナイ,岡山県,小田郡矢掛町,宇内
7141226,オカヤマケン,オダグンヤカゲチョウ,エラ,岡山県,小田郡矢掛町,江良
7141227,オカヤマケン,オダグンヤカゲチョウ,オダ,岡山県,小田郡矢掛町,小田
7141202,オカヤマケン,オダグンヤカゲチョウ,オバヤシ,岡山県,小田郡矢掛町,小林
7141203,オカヤマケン,オダグンヤカゲチョウ,カミコウズエ,岡山県,小田郡矢掛町,上高末
7141213,オカヤマケン,オダグンヤカゲチョウ,サトヤマダ,岡山県,小田郡矢掛町,里山田
7141204,オカヤマケン,オダグンヤカゲチョウ,シモコウズエ,岡山県,小田郡矢掛町,下高末
7141215,オカヤマケン,オダグンヤカゲチョウ,ナカ,岡山県,小田郡矢掛町,中
7141222,オカヤマケン,オダグンヤカゲチョウ,ニシカワモ,岡山県,小田郡矢掛町,西川面
7141223,オカヤマケン,オダグンヤカゲチョウ,ヒガシカワモ,岡山県,小田郡矢掛町,東川面
7141211,オカヤマケン,オダグンヤカゲチョウ,ヒガシミナリ,岡山県,小田郡矢掛町,東三成
7141214,オカヤマケン,オダグンヤカゲチョウ,ミナミヤマダ,岡山県,小田郡矢掛町,南山田
7141224,オカヤマケン,オダグンヤカゲチョウ,モトホリ,岡山県,小田郡矢掛町,本堀
7141201,オカヤマケン,オダグンヤカゲチョウ,ヤカゲ,岡山県,小田郡矢掛町,矢掛
7141212,オカヤマケン,オダグンヤカゲチョウ,ヨコダニ,岡山県,小田郡矢掛町,横谷
7170201,オカヤマケン,マニワグンシンジョウソン,シンジョウソンイチエン,岡山県,真庭郡新庄村,新庄村一円
7080300,オカヤマケン,トマタグンカガミノチョウ,イカニケイサイガナイバアイ,岡山県,苫田郡鏡野町,以下に掲載がない場合
7080421,オカヤマケン,トマタグンカガミノチョウ,イザカ,岡山県,苫田郡鏡野町,井坂
7080315,オカヤマケン,トマタグンカガミノチョウ,イチバ,岡山県,苫田郡鏡野町,市場
7080351,オカヤマケン,トマタグンカガミノチョウ,イリ,岡山県,苫田郡鏡野町,入
7080302,オカヤマケン,トマタグンカガミノチョウ,イワヤ,岡山県,苫田郡鏡野町,岩屋
7080321,オカヤマケン,トマタグンカガミノチョウ,エンジュウジ,岡山県,苫田郡鏡野町,円宗寺
7080704,オカヤマケン,トマタグンカガミノチョウ,オオ,岡山県,苫田郡鏡野町,大
7080303,オカヤマケン,トマタグンカガミノチョウ,オオマチ,岡山県,苫田郡鏡野町,大町
7080322,オカヤマケン,トマタグンカガミノチョウ,オキ,岡山県,苫田郡鏡野町,沖
7080503,オカヤマケン,トマタグンカガミノチョウ,オクツ,岡山県,苫田郡鏡野町,奥津
7080504,オカヤマケン,トマタグンカガミノチョウ,オクツカワニシ,岡山県,苫田郡鏡野町,奥津川西
7080363,オカヤマケン,トマタグンカガミノチョウ,オザ,岡山県,苫田郡鏡野町,小座
7080423,オカヤマケン,トマタグンカガミノチョウ,オナバラ,岡山県,苫田郡鏡野町,女原
7080312,オカヤマケン,トマタグンカガミノチョウ,カガミ,岡山県,苫田郡鏡野町,香々美
7080601,オカヤマケン,トマタグンカガミノチョウ,カミサイバラ,岡山県,苫田郡鏡野町,上齋原
7080361,オカヤマケン,トマタグンカガミノチョウ,カミモリバラ,岡山県,苫田郡鏡野町,上森原
7080705,オカヤマケン,トマタグンカガミノチョウ,クス,岡山県,苫田郡鏡野町,楠
7080432,オカヤマケン,トマタグンカガミノチョウ,クタカミノハラ,岡山県,苫田郡鏡野町,久田上原
7080433,オカヤマケン,トマタグンカガミノチョウ,クタシモノハラ,岡山県,苫田郡鏡野町,久田下原
7080313,オカヤマケン,トマタグンカガミノチョウ,クホウデン,岡山県,苫田郡鏡野町,公保田
7080435,オカヤマケン,トマタグンカガミノチョウ,クロギ,岡山県,苫田郡鏡野町,黒木
7080431,オカヤマケン,トマタグンカガミノチョウ,コウチ,岡山県,苫田郡鏡野町,河内
7080343,オカヤマケン,トマタグンカガミノチョウ,コウモト,岡山県,苫田郡鏡野町,河本
7080301,オカヤマケン,トマタグンカガミノチョウ,コシワタ,岡山県,苫田郡鏡野町,越畑
7080304,オカヤマケン,トマタグンカガミノチョウ,サネツネ,岡山県,苫田郡鏡野町,真経
7080314,オカヤマケン,トマタグンカガミノチョウ,サワタ,岡山県,苫田郡鏡野町,沢田
7080427,オカヤマケン,トマタグンカガミノチョウ,シコウノ,岡山県,苫田郡鏡野町,至孝農
7080501,オカヤマケン,トマタグンカガミノチョウ,シモサイバラ,岡山県,苫田郡鏡野町,下斎原
7080341,オカヤマケン,トマタグンカガミノチョウ,シモバラ,岡山県,苫田郡鏡野町,下原
7080364,オカヤマケン,トマタグンカガミノチョウ,シモモリバラ,岡山県,苫田郡鏡野町,下森原
7080424,オカヤマケン,トマタグンカガミノチョウ,スギ,岡山県,苫田郡鏡野町,杉
7080325,オカヤマケン,トマタグンカガミノチョウ,セト,岡山県,苫田郡鏡野町,瀬戸
7080345,オカヤマケン,トマタグンカガミノチョウ,タカヤマ,岡山県,苫田郡鏡野町,高山
7080342,オカヤマケン,トマタグンカガミノチョウ,タキギモリバラ,岡山県,苫田郡鏡野町,薪森原
7080324,オカヤマケン,トマタグンカガミノチョウ,タケダ,岡山県,苫田郡鏡野町,竹田
7080365,オカヤマケン,トマタグンカガミノチョウ,ツカダニ,岡山県,苫田郡鏡野町,塚谷
7080362,オカヤマケン,トマタグンカガミノチョウ,テエジ,岡山県,苫田郡鏡野町,貞永寺
7080323,オカヤマケン,トマタグンカガミノチョウ,テラモト,岡山県,苫田郡鏡野町,寺元
7080311,オカヤマケン,トマタグンカガミノチョウ,テラワダ,岡山県,苫田郡鏡野町,寺和田
7080317,オカヤマケン,トマタグンカガミノチョウ,ドイ,岡山県,苫田郡鏡野町,土居
7080703,オカヤマケン,トマタグンカガミノチョウ,トミナカマ,岡山県,苫田郡鏡野町,富仲間
7080701,オカヤマケン,トマタグンカガミノチョウ,トミニシダニ,岡山県,苫田郡鏡野町,富西谷
7080702,オカヤマケン,トマタグンカガミノチョウ,トミヒガシダニ,岡山県,苫田郡鏡野町,富東谷
7080353,オカヤマケン,トマタグンカガミノチョウ,ナカダニ,岡山県,苫田郡鏡野町,中谷
7080502,オカヤマケン,トマタグンカガミノチョウ,ナガトウ,岡山県,苫田郡鏡野町,長藤
7080426,オカヤマケン,トマタグンカガミノチョウ,ニシヤ,岡山県,苫田郡鏡野町,西屋
7080331,オカヤマケン,トマタグンカガミノチョウ,ヌノハラ,岡山県,苫田郡鏡野町,布原
7080425,オカヤマケン,トマタグンカガミノチョウ,ハコ,岡山県,苫田郡鏡野町,箱
7080511,オカヤマケン,トマタグンカガミノチョウ,ハデ,岡山県,苫田郡鏡野町,羽出
7080512,オカヤマケン,トマタグンカガミノチョウ,ハデニシダニ,岡山県,苫田郡鏡野町,羽出西谷
7080366,オカヤマケン,トマタグンカガミノチョウ,ババ,岡山県,苫田郡鏡野町,馬場
7080434,オカヤマケン,トマタグンカガミノチョウ,ハブ,岡山県,苫田郡鏡野町,土生
7080344,オカヤマケン,トマタグンカガミノチョウ,ハラ,岡山県,苫田郡鏡野町,原
7080333,オカヤマケン,トマタグンカガミノチョウ,フルカワ,岡山県,苫田郡鏡野町,古川
7080335,オカヤマケン,トマタグンカガミノチョウ,マカベ,岡山県,苫田郡鏡野町,真加部
7080334,オカヤマケン,トマタグンカガミノチョウ,ムネダ,岡山県,苫田郡鏡野町,宗枝
7080305,オカヤマケン,トマタグンカガミノチョウ,モモダニ,岡山県,苫田郡鏡野町,百谷
7080352,オカヤマケン,トマタグンカガミノチョウ,ヤマシロ,岡山県,苫田郡鏡野町,山城
7080422,オカヤマケン,トマタグンカガミノチョウ,ヨウノ,岡山県,苫田郡鏡野町,養野
7080332,オカヤマケン,トマタグンカガミノチョウ,ヨシハラ,岡山県,苫田郡鏡野町,吉原
7080316,オカヤマケン,トマタグンカガミノチョウ,ワダ,岡山県,苫田郡鏡野町,和田
7094300,オカヤマケン,カツタグンショウオウチョウ,イカニケイサイガナイバアイ,岡山県,勝田郡勝央町,以下に掲載がない場合
7094307,オカヤマケン,カツタグンショウオウチョウ,イシュウ,岡山県,勝田郡勝央町,石生
7094335,オカヤマケン,カツタグンショウオウチョウ,ウエツキナカ,岡山県,勝田郡勝央町,植月中
7094332,オカヤマケン,カツタグンショウオウチョウ,ウエツキヒガシ,岡山県,勝田郡勝央町,植月東
7094331,オカヤマケン,カツタグンショウオウチョウ,ウエツキキタ,岡山県,勝田郡勝央町,植月北
7094311,オカヤマケン,カツタグンショウオウチョウ,オカ,岡山県,勝田郡勝央町,岡
7094313,オカヤマケン,カツタグンショウオウチョウ,オヤタ,岡山県,勝田郡勝央町,小矢田
7094316,オカヤマケン,カツタグンショウオウチョウ,カツマダ,岡山県,勝田郡勝央町,勝間田
7094304,オカヤマケン,カツタグンショウオウチョウ,カミガヤマ,岡山県,勝田郡勝央町,上香山
7094302,オカヤマケン,カツタグンショウオウチョウ,カワラ,岡山県,勝田郡勝央町,河原
7094323,オカヤマケン,カツタグンショウオウチョウ,クロサカ,岡山県,勝田郡勝央町,黒坂
7094312,オカヤマケン,カツタグンショウオウチョウ,クロツチ,岡山県,勝田郡勝央町,黒土
7094301,オカヤマケン,カツタグンショウオウチョウ,シモマチガワ,岡山県,勝田郡勝央町,下町川
7094305,オカヤマケン,カツタグンショウオウチョウ,ソイ,岡山県,勝田郡勝央町,曽井
7094333,オカヤマケン,カツタグンショウオウチョウ,タイ,岡山県,勝田郡勝央町,田井
7094321,オカヤマケン,カツタグンショウオウチョウ,タイヘイダイ,岡山県,勝田郡勝央町,太平台
7094334,オカヤマケン,カツタグンショウオウチョウ,タイラ,岡山県,勝田郡勝央町,平
7094324,オカヤマケン,カツタグンショウオウチョウ,タメモト,岡山県,勝田郡勝央町,為本
7094303,オカヤマケン,カツタグンショウオウチョウ,トヨクダ,岡山県,勝田郡勝央町,豊久田
7094315,オカヤマケン,カツタグンショウオウチョウ,ハタヤ,岡山県,勝田郡勝央町,畑屋
7094314,オカヤマケン,カツタグンショウオウチョウ,ヒガシヨシダ,岡山県,勝田郡勝央町,東吉田
7094322,オカヤマケン,カツタグンショウオウチョウ,フクヨシ,岡山県,勝田郡勝央町,福吉
7094306,オカヤマケン,カツタグンショウオウチョウ,ミノ,岡山県,勝田郡勝央町,美野
7081300,オカヤマケン,カツタグンナギチョウ,イカニケイサイガナイバアイ,岡山県,勝田郡奈義町,以下に掲載がない場合
7081314,オカヤマケン,カツタグンナギチョウ,アラウチニシ,岡山県,勝田郡奈義町,荒内西
7081302,オカヤマケン,カツタグンナギチョウ,オサカ,岡山県,勝田郡奈義町,小坂
7081312,オカヤマケン,カツタグンナギチョウ,カキ,岡山県,勝田郡奈義町,柿
7081326,オカヤマケン,カツタグンナギチョウ,カミマチガワ,岡山県,勝田郡奈義町,上町川
7081305,オカヤマケン,カツタグンナギチョウ,ギョウホウ,岡山県,勝田郡奈義町,行方
7081307,オカヤマケン,カツタグンナギチョウ,コウエン,岡山県,勝田郡奈義町,高円
7081304,オカヤマケン,カツタグンナギチョウ,セキモト,岡山県,勝田郡奈義町,関本
7081325,オカヤマケン,カツタグンナギチョウ,タキモト,岡山県,勝田郡奈義町,滝本
7081323,オカヤマケン,カツタグンナギチョウ,トヨサワ,岡山県,勝田郡奈義町,豊沢
7081313,オカヤマケン,カツタグンナギチョウ,ナカシマヒガシ,岡山県,勝田郡奈義町,中島東
7081315,オカヤマケン,カツタグンナギチョウ,ナカシマニシ,岡山県,勝田郡奈義町,中島西
7081322,オカヤマケン,カツタグンナギチョウ,ナリマツ,岡山県,勝田郡奈義町,成松
7081306,オカヤマケン,カツタグンナギチョウ,ニシバラ,岡山県,勝田郡奈義町,西原
7081311,オカヤマケン,カツタグンナギチョウ,ヒサツネ,岡山県,勝田郡奈義町,久常
7081324,オカヤマケン,カツタグンナギチョウ,ヒロオカ,岡山県,勝田郡奈義町,広岡
7081301,オカヤマケン,カツタグンナギチョウ,マグワ,岡山県,勝田郡奈義町,馬桑
7081303,オカヤマケン,カツタグンナギチョウ,ミナギ,岡山県,勝田郡奈義町,皆木
7081321,オカヤマケン,カツタグンナギチョウ,ミヤウチ,岡山県,勝田郡奈義町,宮内
7070500,オカヤマケン,アイダグンニシアワクラソン,イカニケイサイガナイバアイ,岡山県,英田郡西粟倉村,以下に掲載がない場合
7070505,オカヤマケン,アイダグンニシアワクラソン,イカダツ,岡山県,英田郡西粟倉村,筏津
7070501,オカヤマケン,アイダグンニシアワクラソン,オオガヤ,岡山県,英田郡西粟倉村,大茅
7070503,オカヤマケン,アイダグンニシアワクラソン,カゲイシ,岡山県,英田郡西粟倉村,影石
7070502,オカヤマケン,アイダグンニシアワクラソン,サカネ,岡山県,英田郡西粟倉村,坂根
7070506,オカヤマケン,アイダグンニシアワクラソン,チシャ,岡山県,英田郡西粟倉村,知社
7070504,オカヤマケン,アイダグンニシアワクラソン,ナガオ,岡山県,英田郡西粟倉村,長尾
7093600,オカヤマケン,クメグンクメナンチョウ,イカニケイサイガナイバアイ,岡山県,久米郡久米南町,以下に掲載がない場合
7093626,オカヤマケン,クメグンクメナンチョウ,カミコウメ,岡山県,久米郡久米南町,上神目
7093615,オカヤマケン,クメグンクメナンチョウ,カミニカ,岡山県,久米郡久米南町,上二ケ
7093621,オカヤマケン,クメグンクメナンチョウ,カミモミ,岡山県,久米郡久米南町,上籾
7093612,オカヤマケン,クメグンクメナンチョウ,カミユゲ,岡山県,久米郡久米南町,上弓削
7093601,オカヤマケン,クメグンクメナンチョウ,キタショウ,岡山県,久米郡久米南町,北庄
7093634,オカヤマケン,クメグンクメナンチョウ,キョウノオ,岡山県,久米郡久米南町,京尾
7093627,オカヤマケン,クメグンクメナンチョウ,コウメナカ,岡山県,久米郡久米南町,神目中
7093602,オカヤマケン,クメグンクメナンチョウ,サトガタ,岡山県,久米郡久米南町,里方
7093605,オカヤマケン,クメグンクメナンチョウ,シオノウチ,岡山県,久米郡久米南町,塩之内
7093617,オカヤマケン,クメグンクメナンチョウ,シモニカ,岡山県,久米郡久米南町,下二ケ
7093624,オカヤマケン,クメグンクメナンチョウ,シモモミ,岡山県,久米郡久米南町,下籾
7093614,オカヤマケン,クメグンクメナンチョウ,シモユゲ,岡山県,久米郡久米南町,下弓削
7093633,オカヤマケン,クメグンクメナンチョウ,トウゲ,岡山県,久米郡久米南町,峠
7093623,オカヤマケン,クメグンクメナンチョウ,ナカモミ,岡山県,久米郡久米南町,中籾
7093613,オカヤマケン,クメグンクメナンチョウ,ニシヤマジ,岡山県,久米郡久米南町,西山寺
7093606,オカヤマケン,クメグンクメナンチョウ,ハデギ,岡山県,久米郡久米南町,羽出木
7093622,オカヤマケン,クメグンクメナンチョウ,ブツキョウジ,岡山県,久米郡久米南町,仏教寺
7093625,オカヤマケン,クメグンクメナンチョウ,ベッシヨ,岡山県,久米郡久米南町,別所
7093616,オカヤマケン,クメグンクメナンチョウ,マタマ,岡山県,久米郡久米南町,全間
7093611,オカヤマケン,クメグンクメナンチョウ,マツ,岡山県,久米郡久米南町,松
7093604,オカヤマケン,クメグンクメナンチョウ,ミナミショウ,岡山県,久米郡久米南町,南庄
7093635,オカヤマケン,クメグンクメナンチョウ,ミナミハタ,岡山県,久米郡久米南町,南畑
7093631,オカヤマケン,クメグンクメナンチョウ,ミヤジ,岡山県,久米郡久米南町,宮地
7093636,オカヤマケン,クメグンクメナンチョウ,ヤスガタワ,岡山県,久米郡久米南町,安ケ乢
7093632,オカヤマケン,クメグンクメナンチョウ,ヤマテ,岡山県,久米郡久米南町,山手
7093603,オカヤマケン,クメグンクメナンチョウ,ヤマノジョウ,岡山県,久米郡久米南町,山ノ城
7093700,オカヤマケン,クメグンミサキチョウ,イカニケイサイガナイバアイ,岡山県,久米郡美咲町,以下に掲載がない場合
7093411,オカヤマケン,クメグンミサキチョウ,ウエクチ,岡山県,久米郡美咲町,上口
7093705,オカヤマケン,クメグンミサキチョウ,ウタノカミ,岡山県,久米郡美咲町,打穴上
7093706,オカヤマケン,クメグンミサキチョウ,ウタノキタ,岡山県,久米郡美咲町,打穴北
7093704,オカヤマケン,クメグンミサキチョウ,ウタノサト,岡山県,久米郡美咲町,打穴里
7093702,オカヤマケン,クメグンミサキチョウ,ウタノシモ,岡山県,久米郡美咲町,打穴下
7093703,オカヤマケン,クメグンミサキチョウ,ウタノナカ,岡山県,久米郡美咲町,打穴中
7093707,オカヤマケン,クメグンミサキチョウ,ウタノニシ,岡山県,久米郡美咲町,打穴西
7081506,オカヤマケン,クメグンミサキチョウ,ウワマ,岡山県,久米郡美咲町,上間
7093415,オカヤマケン,クメグンミサキチョウ,エヨミ,岡山県,久米郡美咲町,江与味
7081525,オカヤマケン,クメグンミサキチョウ,オオジ,岡山県,久米郡美咲町,王子
7093726,オカヤマケン,クメグンミサキチョウ,オオハガニシ,岡山県,久米郡美咲町,大垪和西
7093722,オカヤマケン,クメグンミサキチョウ,オオハガヒガシ,岡山県,久米郡美咲町,大垪和東
7093714,オカヤマケン,クメグンミサキチョウ,オバラ,岡山県,久米郡美咲町,小原
7081543,オカヤマケン,クメグンミサキチョウ,カイゾエ,岡山県,久米郡美咲町,書副
7093712,オカヤマケン,クメグンミサキチョウ,カナボリ,岡山県,久米郡美咲町,金堀
7093401,オカヤマケン,クメグンミサキチョウ,キタ,岡山県,久米郡美咲町,北
7081523,オカヤマケン,クメグンミサキチョウ,キチガハラ,岡山県,久米郡美咲町,吉ケ原
7081531,オカヤマケン,クメグンミサキチョウ,クリゴ,岡山県,久米郡美咲町,栗子
7081526,オカヤマケン,クメグンミサキチョウ,コウゲ,岡山県,久米郡美咲町,高下
7081532,オカヤマケン,クメグンミサキチョウ,コセ,岡山県,久米郡美咲町,小瀬
7093412,オカヤマケン,クメグンミサキチョウ,コヤマ,岡山県,久米郡美咲町,小山
7093711,オカヤマケン,クメグンミサキチョウ,コヨオ,岡山県,久米郡美咲町,越尾
7093715,オカヤマケン,クメグンミサキチョウ,サイコウ,岡山県,久米郡美咲町,西幸
7093723,オカヤマケン,クメグンミサキチョウ,サカイ,岡山県,久米郡美咲町,境
7081536,オカヤマケン,クメグンミサキチョウ,サダムネ,岡山県,久米郡美咲町,定宗
7093403,オカヤマケン,クメグンミサキチョウ,サト,岡山県,久米郡美咲町,里
7081503,オカヤマケン,クメグンミサキチョウ,シオケ,岡山県,久米郡美咲町,塩気
7081505,オカヤマケン,クメグンミサキチョウ,シゲトウ,岡山県,久米郡美咲町,重藤
7081515,オカヤマケン,クメグンミサキチョウ,シモダニ,岡山県,久米郡美咲町,下谷
7093713,オカヤマケン,クメグンミサキチョウ,シンジョウ,岡山県,久米郡美咲町,新城
7081544,オカヤマケン,クメグンミサキチョウ,スサ,岡山県,久米郡美咲町,周佐
7081522,オカヤマケン,クメグンミサキチョウ,ソウダ,岡山県,久米郡美咲町,惣田
7081545,オカヤマケン,クメグンミサキチョウ,ダイトカミ,岡山県,久米郡美咲町,大戸上
7081546,オカヤマケン,クメグンミサキチョウ,ダイトシモ,岡山県,久米郡美咲町,大戸下
7081535,オカヤマケン,クメグンミサキチョウ,タカシロ,岡山県,久米郡美咲町,高城
7093724,オカヤマケン,クメグンミサキチョウ,ツイシソボ,岡山県,久米郡美咲町,角石祖母
7081541,オカヤマケン,クメグンミサキチョウ,ツカツノ,岡山県,久米郡美咲町,塚角
7081507,オカヤマケン,クメグンミサキチョウ,ドウドウ,岡山県,久米郡美咲町,百々
7093413,オカヤマケン,クメグンミサキチョウ,トチバラ,岡山県,久米郡美咲町,栃原
7093407,オカヤマケン,クメグンミサキチョウ,ナカ,岡山県,久米郡美咲町,中
7093417,オカヤマケン,クメグンミサキチョウ,ナカハガ,岡山県,久米郡美咲町,中垪和
7093405,オカヤマケン,クメグンミサキチョウ,ニシ,岡山県,久米郡美咲町,西
7093404,オカヤマケン,クメグンミサキチョウ,ニシガワ,岡山県,久米郡美咲町,西川
7093406,オカヤマケン,クメグンミサキチョウ,ニシガワカミ,岡山県,久米郡美咲町,西川上
7093701,オカヤマケン,クメグンミサキチョウ,ニシコリ,岡山県,久米郡美咲町,錦織
7093414,オカヤマケン,クメグンミサキチョウ,ニシハガ,岡山県,久米郡美咲町,西垪和
7081547,オカヤマケン,クメグンミサキチョウ,ネリガミ,岡山県,久米郡美咲町,八神
7081542,オカヤマケン,クメグンミサキチョウ,ハニ,岡山県,久米郡美咲町,羽仁
7093717,オカヤマケン,クメグンミサキチョウ,ハラダ,岡山県,久米郡美咲町,原田
7093416,オカヤマケン,クメグンミサキチョウ,ヒガシハガ,岡山県,久米郡美咲町,東垪和
7081533,オカヤマケン,クメグンミサキチョウ,ヒサギ,岡山県,久米郡美咲町,久木
7081514,オカヤマケン,クメグンミサキチョウ,フジタカミ,岡山県,久米郡美咲町,藤田上
7081513,オカヤマケン,クメグンミサキチョウ,フジタシモ,岡山県,久米郡美咲町,藤田下
7081534,オカヤマケン,クメグンミサキチョウ,フジワラ,岡山県,久米郡美咲町,藤原
7081512,オカヤマケン,クメグンミサキチョウ,マツオ,岡山県,久米郡美咲町,松尾
7093402,オカヤマケン,クメグンミサキチョウ,ミナミ,岡山県,久米郡美咲町,南
7081502,オカヤマケン,クメグンミサキチョウ,ミヤヤマ,岡山県,久米郡美咲町,宮山
7081501,オカヤマケン,クメグンミサキチョウ,ヤスイ,岡山県,久米郡美咲町,安井
7081521,オカヤマケン,クメグンミサキチョウ,ヤスミイシ,岡山県,久米郡美咲町,休石
7081527,オカヤマケン,クメグンミサキチョウ,ヤナハラ,岡山県,久米郡美咲町,柵原
7081524,オカヤマケン,クメグンミサキチョウ,ユウカ,岡山県,久米郡美咲町,飯岡
7081511,オカヤマケン,クメグンミサキチョウ,ユキノブ,岡山県,久米郡美咲町,行信
7081504,オカヤマケン,クメグンミサキチョウ,ヨシドメ,岡山県,久米郡美咲町,吉留
7093716,オカヤマケン,クメグンミサキチョウ,ヨリモト,岡山県,久米郡美咲町,頼元
7093721,オカヤマケン,クメグンミサキチョウ,リョウサンジ,岡山県,久米郡美咲町,両山寺
7081516,オカヤマケン,クメグンミサキチョウ,レンジャク,岡山県,久米郡美咲町,連石
7093725,オカヤマケン,クメグンミサキチョウ,ワダキタ,岡山県,久米郡美咲町,和田北
7161100,オカヤマケン,カガグンキビチュウオウチョウ,イカニケイサイガナイバアイ,岡山県,加賀郡吉備中央町,以下に掲載がない場合
7092672,オカヤマケン,カガグンキビチュウオウチョウ,アワイタニ,岡山県,加賀郡吉備中央町,粟井谷
7092403,オカヤマケン,カガグンキビチュウオウチョウ,アンダ,岡山県,加賀郡吉備中央町,案田
7092552,オカヤマケン,カガグンキビチュウオウチョウ,イハラ,岡山県,加賀郡吉備中央町,井原
7092413,オカヤマケン,カガグンキビチュウオウチョウ,ウエダニシ,岡山県,加賀郡吉備中央町,上田西
7092411,オカヤマケン,カガグンキビチュウオウチョウ,ウエダヒガシ,岡山県,加賀郡吉備中央町,上田東
7092344,オカヤマケン,カガグンキビチュウオウチョウ,ウエノ,岡山県,加賀郡吉備中央町,上野
7092412,オカヤマケン,カガグンキビチュウオウチョウ,エンジョウ,岡山県,加賀郡吉備中央町,円城
7092663,オカヤマケン,カガグンキビチュウオウチョウ,オオギ,岡山県,加賀郡吉備中央町,大木
7092673,オカヤマケン,カガグンキビチュウオウチョウ,オバラ,岡山県,加賀郡吉備中央町,尾原
7092341,オカヤマケン,カガグンキビチュウオウチョウ,カミガモ,岡山県,加賀郡吉備中央町,上加茂
7161131,オカヤマケン,カガグンキビチュウオウチョウ,カミタケ,岡山県,加賀郡吉備中央町,上竹
7092333,オカヤマケン,カガグンキビチュウオウチョウ,カモイチバ,岡山県,加賀郡吉備中央町,加茂市場
7092401,オカヤマケン,カガグンキビチュウオウチョウ,カンセ,岡山県,加賀郡吉備中央町,神瀬
7161551,オカヤマケン,カガグンキビチュウオウチョウ,キタ,岡山県,加賀郡吉備中央町,北
7161102,オカヤマケン,カガグンキビチュウオウチョウ,クロツチ,岡山県,加賀郡吉備中央町,黒土
7161242,オカヤマケン,カガグンキビチュウオウチョウ,クロヤマ,岡山県,加賀郡吉備中央町,黒山
7092404,オカヤマケン,カガグンキビチュウオウチョウ,コモリ,岡山県,加賀郡吉備中央町,小森
7092674,オカヤマケン,カガグンキビチュウオウチョウ,ササメ,岡山県,加賀郡吉備中央町,笹目
7092331,オカヤマケン,カガグンキビチュウオウチョウ,シモガモ,岡山県,加賀郡吉備中央町,下加茂
7092551,オカヤマケン,カガグンキビチュウオウチョウ,シモドイ,岡山県,加賀郡吉備中央町,下土井
7092671,オカヤマケン,カガグンキビチュウオウチョウ,スギタニ,岡山県,加賀郡吉備中央町,杉谷
7161552,オカヤマケン,カガグンキビチュウオウチョウ,スワタニ,岡山県,加賀郡吉備中央町,岨谷
7092402,オカヤマケン,カガグンキビチュウオウチョウ,タカトミ,岡山県,加賀郡吉備中央町,高富
7092332,オカヤマケン,カガグンキビチュウオウチョウ,タカヤ,岡山県,加賀郡吉備中央町,高谷
7161122,オカヤマケン,カガグンキビチュウオウチョウ,タケショウ,岡山県,加賀郡吉備中央町,竹荘
7092343,オカヤマケン,カガグンキビチュウオウチョウ,タケベ,岡山県,加賀郡吉備中央町,竹部
7161111,オカヤマケン,カガグンキビチュウオウチョウ,タド,岡山県,加賀郡吉備中央町,田土
7092553,オカヤマケン,カガグンキビチュウオウチョウ,トミナガ,岡山県,加賀郡吉備中央町,富永
7092664,オカヤマケン,カガグンキビチュウオウチョウ,トヨオカカミ,岡山県,加賀郡吉備中央町,豊岡上
7092661,オカヤマケン,カガグンキビチュウオウチョウ,トヨオカシモ,岡山県,加賀郡吉備中央町,豊岡下
7161101,オカヤマケン,カガグンキビチュウオウチョウ,トヨノ,岡山県,加賀郡吉備中央町,豊野
7161554,オカヤマケン,カガグンキビチュウオウチョウ,ニシ,岡山県,加賀郡吉備中央町,西
7161121,オカヤマケン,カガグンキビチュウオウチョウ,ノウチ,岡山県,加賀郡吉備中央町,納地
7092345,オカヤマケン,カガグンキビチュウオウチョウ,ヒラオカ,岡山県,加賀郡吉備中央町,平岡
7092342,オカヤマケン,カガグンキビチュウオウチョウ,ヒロモ,岡山県,加賀郡吉備中央町,広面
7092675,オカヤマケン,カガグンキビチュウオウチョウ,フクザワ,岡山県,加賀郡吉備中央町,福沢
7092421,オカヤマケン,カガグンキビチュウオウチョウ,ホソダ,岡山県,加賀郡吉備中央町,細田
7092676,オカヤマケン,カガグンキビチュウオウチョウ,ミゾベ,岡山県,加賀郡吉備中央町,溝部
7092662,オカヤマケン,カガグンキビチュウオウチョウ,ミタニ,岡山県,加賀郡吉備中央町,三谷
7092422,オカヤマケン,カガグンキビチュウオウチョウ,ミノウタニ,岡山県,加賀郡吉備中央町,三納谷
7092334,オカヤマケン,カガグンキビチュウオウチョウ,ミハラ,岡山県,加賀郡吉備中央町,美原
7161553,オカヤマケン,カガグンキビチュウオウチョウ,ミヤチ,岡山県,加賀郡吉備中央町,宮地
7161112,オカヤマケン,カガグンキビチュウオウチョウ,ユヤマ,岡山県,加賀郡吉備中央町,湯山
7161241,オカヤマケン,カガグンキビチュウオウチョウ,ヨシカワ,岡山県,加賀郡吉備中央町,吉川
7092554,オカヤマケン,カガグンキビチュウオウチョウ,ワダ,岡山県,加賀郡吉備中央町,和田
