9180000,フクイケン,フクイシ,イカニケイサイガナイバアイ,福井県,福井市,以下に掲載がない場合
9103614,フクイケン,フクイシ,アイダチョウ,福井県,福井市,在田町
9103556,フクイケン,フクイシ,アカサカチョウ,福井県,福井市,赤坂町
9102475,フクイケン,フクイシ,アカダニチョウ,福井県,福井市,赤谷町
9188052,フクイケン,フクイシ,アカリチョウ,福井県,福井市,明里町
9102357,フクイケン,フクイシ,アサダニチョウ,福井県,福井市,朝谷町
9103605,フクイケン,フクイシ,アサミヤチョウ,福井県,福井市,朝宮町
9103266,フクイケン,フクイシ,アシタニチョウ,福井県,福井市,足谷町
9102463,フクイケン,フクイシ,アジミコウチチョウ,福井県,福井市,味見河内町
9188007,フクイケン,フクイシ,アスワ,福井県,福井市,足羽
9188006,フクイケン,フクイシ,アスワカミチョウ,福井県,福井市,足羽上町
9188183,フクイケン,フクイシ,アソウズサンガチョウ,福井県,福井市,浅水三ケ町
9188181,フクイケン,フクイシ,アソウズチョウ,福井県,福井市,浅水町
9188182,フクイケン,フクイシ,アソウズフツカマチ,福井県,福井市,浅水二日町
9100104,フクイケン,フクイシ,アドセチョウ,福井県,福井市,網戸瀬町
9102152,フクイケン,フクイシ,アバカチョウ,福井県,福井市,安波賀町
9102151,フクイケン,フクイシ,アバカナカジマチョウ,福井県,福井市,安波賀中島町
9188153,フクイケン,フクイシ,アボチョウ,福井県,福井市,安保町
9100124,フクイケン,フクイシ,アマイケチョウ,福井県,福井市,天池町
9103525,フクイケン,フクイシ,アマガタニチョウ,福井県,福井市,尼ケ谷町
9100041,フクイケン,フクイシ,アマスゴウチョウ,福井県,福井市,天菅生町
9103402,フクイケン,フクイシ,アユカワチョウ,福井県,福井市,鮎川町
9102172,フクイケン,フクイシ,アラキシンボチョウ,福井県,福井市,荒木新保町
9102171,フクイケン,フクイシ,アラキチョウ,福井県,福井市,荒木町
9188232,フクイケン,フクイシ,アラキベッシヨチョウ,福井県,福井市,荒木別所町
9103251,フクイケン,フクイシ,アラタニチョウ,福井県,福井市,荒谷町
9188067,フクイケン,フクイシ,イイヅカチョウ,福井県,福井市,飯塚町
9100014,フクイケン,フクイシ,イクヒサチョウ,福井県,福井市,幾久町
9100013,フクイケン,フクイシ,イクヨ,福井県,福井市,幾代
9103555,フクイケン,フクイシ,イクラチョウ,福井県,福井市,居倉町
9103106,フクイケン,フクイシ,イケノシリチョウ,福井県,福井市,池尻町
9190314,フクイケン,フクイシ,イケブチョウ,福井県,福井市,生部町
9103133,フクイケン,フクイシ,イシシンボチョウ,福井県,福井市,石新保町
9103137,フクイケン,フクイシ,イシバシチョウ,福井県,福井市,石橋町
9103123,フクイケン,フクイシ,イシバタケチョウ,福井県,福井市,石畠町
9100125,フクイケン,フクイシ,イシモリ,福井県,福井市,石盛
9100122,フクイケン,フクイシ,イシモリチョウ,福井県,福井市,石盛町
9100817,フクイケン,フクイシ,イズミダチョウ,福井県,福井市,泉田町
9188104,フクイケン,フクイシ,イタガキ,福井県,福井市,板垣
9188103,フクイケン,フクイシ,イタガキチョウ,福井県,福井市,板垣町
9103262,フクイケン,フクイシ,イチオウジチョウ,福井県,福井市,一王寺町
9102222,フクイケン,フクイシ,イチナミチョウ,福井県,福井市,市波町
9103125,フクイケン,フクイシ,イチノセチョウ,福井県,福井市,市ノ瀬町
9188101,フクイケン,フクイシ,イッポンギチョウ,福井県,福井市,一本木町
9103383,フクイケン,フクイシ,イトサキチョウ,福井県,福井市,糸崎町
9100156,フクイケン,フクイシ,イナダシンマチ,福井県,福井市,稲多新町
9100155,フクイケン,フクイシ,イナダハママチ,福井県,福井市,稲多浜町
9100154,フクイケン,フクイシ,イナダモトマチ,福井県,福井市,稲多元町
9102177,フクイケン,フクイシ,イナヅチョウ,福井県,福井市,稲津町
9188213,フクイケン,フクイシ,イマイズミチョウ,福井県,福井市,今泉町
9188152,フクイケン,フクイシ,イマイチチョウ,福井県,福井市,今市町
9190303,フクイケン,フクイシ,イワクラチョウ,福井県,福井市,岩倉町
9188217,フクイケン,フクイシ,インデンチョウ,福井県,福井市,印田町
9103118,フクイケン,フクイシ,ウエノチョウ,福井県,福井市,上野町
9100134,フクイケン,フクイシ,ウエノホンマチ,福井県,福井市,上野本町
9100135,フクイケン,フクイシ,ウエノホンマチシン,福井県,福井市,上野本町新
9100055,フクイケン,フクイシ,ウエブセチョウ,福井県,福井市,上伏町
9102227,フクイケン,フクイシ,ウサカオオタニチョウ,福井県,福井市,宇坂大谷町
9102223,フクイケン,フクイシ,ウサカベッショチョウ,福井県,福井市,宇坂別所町
9188114,フクイケン,フクイシ,ウスイ,福井県,福井市,羽水
9102211,フクイケン,フクイシ,ウソガグチチョウ,福井県,福井市,獺ケ口町
9103522,フクイケン,フクイシ,ウタイダニチョウ,福井県,福井市,謡谷町
9103116,フクイケン,フクイシ,ウチヤマナシチョウ,福井県,福井市,内山梨子町
9188111,フクイケン,フクイシ,ウマガキチョウ,福井県,福井市,馬垣町
9188046,フクイケン,フクイシ,ウンドウコウエン,福井県,福井市,運動公園
9103113,フクイケン,フクイシ,エガミチョウ,福井県,福井市,江上町
9188175,フクイケン,フクイシ,エジリガオカチョウ,福井県,福井市,江尻ケ丘町
9188016,フクイケン,フクイシ,エバタチョウ,福井県,福井市,江端町
9100047,フクイケン,フクイシ,エビスケチョウ,福井県,福井市,海老助町
9188025,フクイケン,フクイシ,エモリナカ,福井県,福井市,江守中
9188025,フクイケン,フクイシ,エモリナカチョウ,福井県,福井市,江守中町
9188035,フクイケン,フクイシ,エモリノサト,福井県,福井市,江守の里
9188207,フクイケン,フクイシ,エンザン,福井県,福井市,円山
9102175,フクイケン,フクイシ,エンジョウジチョウ,福井県,福井市,円成寺町
9103371,フクイケン,フクイシ,オオクボチョウ,福井県,福井市,大窪町
9102213,フクイケン,フクイシ,オオクボチョウ,福井県,福井市,大久保町
9188018,フクイケン,フクイシ,オオシマチョウ,福井県,福井市,大島町
9188063,フクイケン,フクイシ,オオセチョウ,福井県,福井市,大瀬町
9190323,フクイケン,フクイシ,オオタチョウ,福井県,福井市,太田町
9103253,フクイケン,フクイシ,オオタニチョウ,福井県,福井市,大谷町
9100005,フクイケン,フクイシ,オオテ,福井県,福井市,大手
9103255,フクイケン,フクイシ,オオトシチョウ,福井県,福井市,大年町
9190327,フクイケン,フクイシ,オオドロチョウ,福井県,福井市,大土呂町
9188116,フクイケン,フクイシ,オオマチ,福井県,福井市,大町
9103551,フクイケン,フクイシ,オオミチョウ,福井県,福井市,大味町
9100016,フクイケン,フクイシ,オオミヤ,福井県,福井市,大宮
9102334,フクイケン,フクイシ,オオミヤチョウ,福井県,福井市,大宮町
9190316,フクイケン,フクイシ,オオムラチョウ,福井県,福井市,大村町
9103634,フクイケン,フクイシ,オオモリチョウ,福井県,福井市,大森町
9103515,フクイケン,フクイシ,オオヤチョウ,福井県,福井市,大矢町
9100836,フクイケン,フクイシ,オオワダ,福井県,福井市,大和田
9100802,フクイケン,フクイシ,オオワダチョウ,福井県,福井市,大和田町
9188228,フクイケン,フクイシ,オカニシタニチョウ,福井県,福井市,岡西谷町
9103268,フクイケン,フクイシ,オクダイラチョウ,福井県,福井市,奥平町
9188071,フクイケン,フクイシ,オソガミチョウ,福井県,福井市,恐神町
9102465,フクイケン,フクイシ,オトミチョウ,福井県,福井市,小当見町
9103404,フクイケン,フクイシ,オニュウチョウ,福井県,福井市,大丹生町
9188226,フクイケン,フクイシ,オバタケチョウ,福井県,福井市,大畑町
9103621,フクイケン,フクイシ,オバチョウ,福井県,福井市,小羽町
9188053,フクイケン,フクイシ,オヤマダニチョウ,福井県,福井市,小山谷町
9102474,フクイケン,フクイシ,オリタテチョウ,福井県,福井市,折立町
9100842,フクイケン,フクイシ,カイホツ,福井県,福井市,開発
9100841,フクイケン,フクイシ,カイホツチョウ,福井県,福井市,開発町
9103265,フクイケン,フクイシ,カキダニチョウ,福井県,福井市,柿谷町
9100028,フクイケン,フクイシ,ガクエン,福井県,福井市,学園
9100022,フクイケン,フクイシ,カゲツ,福井県,福井市,花月
9102205,フクイケン,フクイシ,カゴヤチョウ,福井県,福井市,篭谷町
9103516,フクイケン,フクイシ,カザオチョウ,福井県,福井市,風尾町
9103622,フクイケン,フクイシ,カザマキチョウ,福井県,福井市,風巻町
9188108,フクイケン,フクイシ,カスガ,福井県,福井市,春日
9188107,フクイケン,フクイシ,カスガチョウ,福井県,福井市,春日町
9103603,フクイケン,フクイシ,カタカスチョウ,福井県,福井市,片粕町
9103611,フクイケン,フクイシ,カタヤマチョウ,福井県,福井市,片山町
9188166,フクイケン,フクイシ,カズエナカチョウ,福井県,福井市,主計中町
9100856,フクイケン,フクイシ,カツミ,福井県,福井市,勝見
9102156,フクイケン,フクイシ,カナマタチョウ,福井県,福井市,鹿俣町
9188061,フクイケン,フクイシ,カナヤチョウ,福井県,福井市,金屋町
9188133,フクイケン,フクイシ,カミアゾウダチョウ,福井県,福井市,上莇生田町
9188081,フクイケン,フクイシ,カミイカリチョウ,福井県,福井市,上一光町
9188174,フクイケン,フクイシ,カミエジリチョウ,福井県,福井市,上江尻町
9188203,フクイケン,フクイシ,カミキタノ,福井県,福井市,上北野
9190322,フクイケン,フクイシ,カミコギタチョウ,福井県,福井市,上河北町
9103633,フクイケン,フクイシ,カミテガチョウ,福井県,福井市,上天下町
9102174,フクイケン,フクイシ,カミトウゴウチョウ,福井県,福井市,上東郷町
9100826,フクイケン,フクイシ,カミナカチョウ,福井県,福井市,上中町
9102144,フクイケン,フクイシ,カミビシャモンチョウ,福井県,福井市,上毘沙門町
9190302,フクイケン,フクイシ,カミホソエチョウ,福井県,福井市,上細江町
9100142,フクイケン,フクイシ,カミモリダ,福井県,福井市,上森田
9100141,フクイケン,フクイシ,カミモリダチョウ,福井県,福井市,上森田町
9188132,フクイケン,フクイシ,カミロクジョウチョウ,福井県,福井市,上六条町
9103644,フクイケン,フクイシ,カモウチチョウ,福井県,福井市,加茂内町
9103553,フクイケン,フクイシ,ガモウチョウ,福井県,福井市,蒲生町
9188057,フクイケン,フクイシ,カモガワラ,福井県,福井市,加茂河原
9188054,フクイケン,フクイシ,カモガワラチョウ,福井県,福井市,加茂河原町
9103644,フクイケン,フクイシ,カモチョウ,福井県,福井市,加茂町
9188058,フクイケン,フクイシ,カモリョクエンチョウ,福井県,福井市,加茂緑苑町
9100105,フクイケン,フクイシ,カワイカツミチョウ,福井県,福井市,河合勝見町
9100132,フクイケン,フクイシ,カワイヨリヤスチョウ,福井県,福井市,河合寄安町
9100102,フクイケン,フクイシ,カワイワシヅカチョウ,福井県,福井市,川合鷲塚町
9103136,フクイケン,フクイシ,カワシリチョウ,福井県,福井市,川尻町
9102462,フクイケン,フクイシ,カントベチョウ,福井県,福井市,神当部町
9100042,フクイケン,フクイシ,キシミズチョウ,福井県,福井市,岸水町
9188212,フクイケン,フクイシ,キタイマイズミチョウ,福井県,福井市,北今泉町
9103385,フクイケン,フクイシ,キタスゴウチョウ,福井県,福井市,北菅生町
9100045,フクイケン,フクイシ,キタナラハラチョウ,福井県,福井市,北楢原町
9100815,フクイケン,フクイシ,キタノカミチョウ,福井県,福井市,北野上町
9100814,フクイケン,フクイシ,キタノシモチョウ,福井県,福井市,北野下町
9188072,フクイケン,フクイシ,キタホリチョウ,福井県,福井市,北堀町
9190318,フクイケン,フクイシ,キタヤマシンボチョウ,福井県,福井市,北山新保町
9190317,フクイケン,フクイシ,キタヤマチョウ,福井県,福井市,北山町
9188205,フクイケン,フクイシ,キタヨツイ,福井県,福井市,北四ツ居
9188206,フクイケン,フクイシ,キタヨツイチョウ,福井県,福井市,北四ツ居町
9188105,フクイケン,フクイシ,キダ,福井県,福井市,木田
9188106,フクイケン,フクイシ,キダチョウ,福井県,福井市,木田町
9188043,フクイケン,フクイシ,キツネバシ,福井県,福井市,狐橋
9102153,フクイケン,フクイシ,キドノウチチョウ,福井県,福井市,城戸ノ内町
9103147,フクイケン,フクイシ,キノシタチョウ,福井県,福井市,木下町
9100012,フクイケン,フクイシ,キョウエイ,福井県,福井市,経栄
9100011,フクイケン,フクイシ,キョウデン,福井県,福井市,経田
9103264,フクイケン,フクイシ,キヨネチョウ,福井県,福井市,木米町
9188047,フクイケン,フクイシ,クキヅチョウ,福井県,福井市,久喜津町
9103145,フクイケン,フクイシ,クシノチョウ,福井県,福井市,串野町
9103401,フクイケン,フクイシ,クニミチョウ,福井県,福井市,国見町
9103518,フクイケン,フクイシ,クニヤマチョウ,福井県,福井市,国山町
9103552,フクイケン,フクイシ,グミザキチョウ,福井県,福井市,茱崎町
9102356,フクイケン,フクイシ,クラツクリチョウ,福井県,福井市,蔵作町
9103604,フクイケン,フクイシ,グリーンハイツ,福井県,福井市,グリーンハイツ
9100137,フクイケン,フクイシ,クリモリ,福井県,福井市,栗森
9100136,フクイケン,フクイシ,クリモリチョウハマ,福井県,福井市,栗森町浜
9103107,フクイケン,フクイシ,クロマルジョウチョウ,福井県,福井市,黒丸城町
9100052,フクイケン,フクイシ,クロマルチョウ,福井県,福井市,黒丸町
9188112,フクイケン,フクイシ,ゲバ,福井県,福井市,下馬
9188113,フクイケン,フクイシ,ゲバチョウ,福井県,福井市,下馬町
9188003,フクイケン,フクイシ,ケヤ,福井県,福井市,毛矢
9100822,フクイケン,フクイシ,ゲンショウジマチョウ,福井県,福井市,玄正島町
9188221,フクイケン,フクイシ,ゲンダツチョウ,福井県,福井市,堅達町
9100021,フクイケン,フクイシ,ケントク,福井県,福井市,乾徳
9188131,フクイケン,フクイシ,コイナヅチョウ,福井県,福井市,小稲津町
9102353,フクイケン,フクイシ,コウサカジマチョウ,福井県,福井市,小宇坂島町
9102352,フクイケン,フクイシ,コウサカチョウ,福井県,福井市,小宇坂町
9188233,フクイケン,フクイシ,ゴウシマチョウ,福井県,福井市,合島町
9188223,フクイケン,フクイシ,コウスイチョウ,福井県,福井市,河水町
9188033,フクイケン,フクイシ,ゴウダニチョウ,福井県,福井市,合谷町
9103267,フクイケン,フクイシ,コウチチョウ,福井県,福井市,河内町
9188218,フクイケン,フクイシ,コウマスチョウ,福井県,福井市,河増町
9100026,フクイケン,フクイシ,コウヨウ,福井県,福井市,光陽
9100051,フクイケン,フクイシ,コオリチョウ,福井県,福井市,郡町
9103613,フクイケン,フクイシ,コシキダニチョウ,福井県,福井市,甑谷町
9103102,フクイケン,フクイシ,コジョウチョウ,福井県,福井市,小尉町
9103112,フクイケン,フクイシ,ゴショガイチチョウ,福井県,福井市,御所垣内町
9188083,フクイケン,フクイシ,ゴタイシチョウ,福井県,福井市,五太子町
9103405,フクイケン,フクイシ,コニュウチョウ,福井県,福井市,小丹生町
9103122,フクイケン,フクイシ,コノチョウ,福井県,福井市,小野町
9103617,フクイケン,フクイシ,ゴユチョウ,福井県,福井市,御油町
9102212,フクイケン,フクイシ,コワショウズチョウ,福井県,福井市,小和清水町
9103146,フクイケン,フクイシ,コワタチョウ,福井県,福井市,小幡町
9102347,フクイケン,フクイシ,サカイデラチョウ,福井県,福井市,境寺町
9100151,フクイケン,フクイシ,サカエチョウ,福井県,福井市,栄町
9188222,フクイケン,フクイシ,サカシタチョウ,福井県,福井市,坂下町
9103645,フクイケン,フクイシ,ササダニチョウ,福井県,福井市,笹谷町
9100126,フクイケン,フクイシ,サダマサ,福井県,福井市,定正
9100121,フクイケン,フクイシ,サダマサチョウ,福井県,福井市,定正町
9100056,フクイケン,フクイシ,サトベッショシンマチ,福井県,福井市,里別所新町
9100057,フクイケン,フクイシ,サトベッショチョウ,福井県,福井市,里別所町
9188002,フクイケン,フクイシ,サナイチョウ,福井県,福井市,左内町
9103121,フクイケン,フクイシ,サノチョウ,福井県,福井市,佐野町
9100033,フクイケン,フクイシ,サブロウマル,福井県,福井市,三郎丸
9100036,フクイケン,フクイシ,サブロウマルチョウ,福井県,福井市,三郎丸町
9188078,フクイケン,フクイシ,サラゲチョウ,福井県,福井市,更毛町
9102201,フクイケン,フクイシ,サラダニチョウ,福井県,福井市,皿谷町
9188176,フクイケン,フクイシ,サンジュウハッシャチョウ,福井県,福井市,三十八社町
9188164,フクイケン,フクイシ,サンボンギチョウ,福井県,福井市,三本木町
9102224,フクイケン,フクイシ,サンマンダニチョウ,福井県,福井市,三万谷町
9102143,フクイケン,フクイシ,シクヌノチョウ,福井県,福井市,宿布町
9100823,フクイケン,フクイシ,シゲタテチョウ,福井県,福井市,重立町
9100043,フクイケン,フクイシ,シジュウタニチョウ,福井県,福井市,四十谷町
9100048,フクイケン,フクイシ,ジゾウドウチョウ,福井県,福井市,地蔵堂町
9103635,フクイケン,フクイシ,シヅガオカ,福井県,福井市,志津が丘
9102348,フクイケン,フクイシ,シナガセチョウ,福井県,福井市,品ケ瀬町
9102148,フクイケン,フクイシ,シノオチョウ,福井県,福井市,篠尾町
9100845,フクイケン,フクイシ,シヒグチ,福井県,福井市,志比口
9103623,フクイケン,フクイシ,シマデラチョウ,福井県,福井市,島寺町
9100821,フクイケン,フクイシ,シマバシチョウ,福井県,福井市,島橋町
9103111,フクイケン,フクイシ,シマヤマナシチョウ,福井県,福井市,島山梨子町
9103607,フクイケン,フクイシ,シミズスギタニチョウ,福井県,福井市,清水杉谷町
9103268,フクイケン,フクイシ,シミズダイラチョウ,福井県,福井市,清水平町
9103601,フクイケン,フクイシ,シミズチョウ,福井県,福井市,清水町
9103646,フクイケン,フクイシ,シミズバタチョウ,福井県,福井市,清水畑町
9103612,フクイケン,フクイシ,シミズヤマチョウ,福井県,福井市,清水山町
9188134,フクイケン,フクイシ,シモアゾウダチョウ,福井県,福井市,下莇生田町
9188017,フクイケン,フクイシ,シモアライチョウ,福井県,福井市,下荒井町
9188082,フクイケン,フクイシ,シモイカリチョウ,福井県,福井市,下一光町
9188062,フクイケン,フクイシ,シモイチチョウ,福井県,福井市,下市町
9188173,フクイケン,フクイシ,シモエジリチョウ,福井県,福井市,下江尻町
9188037,フクイケン,フクイシ,シモエモリチョウ,福井県,福井市,下江守町
9190321,フクイケン,フクイシ,シモコギタチョウ,福井県,福井市,下河北町
9103632,フクイケン,フクイシ,シモテガチョウ,福井県,福井市,下天下町
9102173,フクイケン,フクイシ,シモトウゴウチョウ,福井県,福井市,下東郷町
9190373,フクイケン,フクイシ,シモトウゴウチョウ（シンムラ）,福井県,福井市,下東郷町（新村）
9188211,フクイケン,フクイシ,シモナカチョウ,福井県,福井市,下中町
9102146,フクイケン,フクイシ,シモビシャモンチョウ,福井県,福井市,下毘沙門町
9190301,フクイケン,フクイシ,シモホソエチョウ,福井県,福井市,下細江町
9100146,フクイケン,フクイシ,シモモリダサクラマチ,福井県,福井市,下森田桜町
9100143,フクイケン,フクイシ,シモモリダシンマチ,福井県,福井市,下森田新町
9100145,フクイケン,フクイシ,シモモリダフジマキチョウ,福井県,福井市,下森田藤巻町
9100144,フクイケン,フクイシ,シモモリダホンマチ,福井県,福井市,下森田本町
9100147,フクイケン,フクイシ,シモモリダチョウ,福井県,福井市,下森田町
9188135,フクイケン,フクイシ,シモロクジョウチョウ,福井県,福井市,下六条町
9103513,フクイケン,フクイシ,シュクドウチョウ,福井県,福井市,宿堂町
9100023,フクイケン,フクイシ,ジュンカ,福井県,福井市,順化
9102147,フクイケン,フクイシ,ジョウガンジチョウ,福井県,福井市,成願寺町
9102155,フクイケン,フクイシ,ジョウキョウジチョウ,福井県,福井市,浄教寺町
9102166,フクイケン,フクイシ,ショウジチョウ,福井県,福井市,小路町
9100853,フクイケン,フクイシ,ジョウトウ,福井県,福井市,城東
9103117,フクイケン,フクイシ,ジョウドジチョウ,福井県,福井市,浄土寺町
9188163,フクイケン,フクイシ,ショウノチョウ,福井県,福井市,生野町
9103148,フクイケン,フクイシ,ショウブダニチョウ,福井県,福井市,菖蒲谷町
9103101,フクイケン,フクイシ,ショウワシンマチ,福井県,福井市,昭和新町
9103131,フクイケン,フクイシ,シラカタチョウ,福井県,福井市,白方町
9103511,フクイケン,フクイシ,シラタキチョウ,福井県,福井市,白滝町
9103403,フクイケン,フクイシ,シラハマチョウ,福井県,福井市,白浜町
9103557,フクイケン,フクイシ,シロアリチョウ,福井県,福井市,城有町
9188227,フクイケン,フクイシ,ジロウマルチョウ,福井県,福井市,次郎丸町
9188036,フクイケン,フクイシ,シンシモエモリチョウ,福井県,福井市,新下江守町
9100812,フクイケン,フクイシ,シンデンホンマチ,福井県,福井市,新田本町
9190328,フクイケン,フクイシ,シンビラキチョウ,福井県,福井市,新開町
9100833,フクイケン,フクイシ,シンボ,福井県,福井市,新保
9100838,フクイケン,フクイシ,シンボキタ,福井県,福井市,新保北
9100832,フクイケン,フクイシ,シンボチョウ,福井県,福井市,新保町
9102346,フクイケン,フクイシ,スイダニチョウ,福井県,福井市,椙谷町
9188172,フクイケン,フクイシ,スエヒロマチ,福井県,福井市,末広町
9188077,フクイケン,フクイシ,スエマチ,福井県,福井市,末町
9100034,フクイケン,フクイシ,スガヤ,福井県,福井市,菅谷
9100035,フクイケン,フクイシ,スガヤチョウ,福井県,福井市,菅谷町
9188155,フクイケン,フクイシ,スギタニチョウ,福井県,福井市,杉谷町
9103143,フクイケン,フクイシ,スナゴサカチョウ,福井県,福井市,砂子坂町
9103141,フクイケン,フクイシ,スナゴダチョウ,福井県,福井市,砂子田町
9188239,フクイケン,フクイシ,セイワ,福井県,福井市,成和
9103115,フクイケン,フクイシ,センチョウ,福井県,福井市,仙町
9188234,フクイケン,フクイシ,ソンボチョウ,福井県,福井市,曽万布町
9100001,フクイケン,フクイシ,ダイガンジ,福井県,福井市,大願寺
9188202,フクイケン,フクイシ,ダイトウ,福井県,福井市,大東
9102141,フクイケン,フクイシ,タカオチョウ,福井県,福井市,高尾町
9100805,フクイケン,フクイシ,タカギ,福井県,福井市,高木
9100804,フクイケン,フクイシ,タカギチュウオウ,福井県,福井市,高木中央
9100806,フクイケン,フクイシ,タカギチョウ,福井県,福井市,高木町
9100807,フクイケン,フクイシ,タカギキタ,福井県,福井市,高木北
9100070,フクイケン,フクイシ,タカギニシ,福井県,福井市,高木西
9103374,フクイケン,フクイシ,タカスチョウ,福井県,福井市,高須町
9102226,フクイケン,フクイシ,タカタチョウ,福井県,福井市,高田町
9188044,フクイケン,フクイシ,タカツカチョウ,福井県,福井市,高塚町
9100107,フクイケン,フクイシ,タカヤチョウ,福井県,福井市,高屋町
9100837,フクイケン,フクイシ,タカヤナギ,福井県,福井市,高柳
9100803,フクイケン,フクイシ,タカヤナギチョウ,福井県,福井市,高柳町
9103643,フクイケン,フクイシ,タキナミチョウ,福井県,福井市,滝波町
9103602,フクイケン,フクイシ,タコオチョウ,福井県,福井市,竹生町
9190311,フクイケン,フクイシ,タジシマチョウ,福井県,福井市,田治島町
9102225,フクイケン,フクイシ,タジリチョウ,福井県,福井市,田尻町
9103606,フクイケン,フクイシ,タジリトチタニチョウ,福井県,福井市,田尻栃谷町
9188031,フクイケン,フクイシ,タナイケ,福井県,福井市,種池
9188031,フクイケン,フクイシ,タナイケチョウ,福井県,福井市,種池町
9190304,フクイケン,フクイシ,タナカチョウ,福井県,福井市,田中町
9103124,フクイケン,フクイシ,タノカシラチョウ,福井県,福井市,田ノ頭町
9100044,フクイケン,フクイシ,タノタニチョウ,福井県,福井市,田ノ谷町
9103128,フクイケン,フクイシ,タメヨリチョウ,福井県,福井市,為寄町
9100018,フクイケン,フクイシ,タワラ,福井県,福井市,田原
9103521,フクイケン,フクイシ,チゴウチョウ,福井県,福井市,千合町
9100006,フクイケン,フクイシ,チュウオウ,福井県,福井市,中央
9188011,フクイケン,フクイシ,ツキミ,福井県,福井市,月見
9100101,フクイケン,フクイシ,ツクシノ,福井県,福井市,つくし野
9188001,フクイケン,フクイシ,ツクモ,福井県,福井市,つくも
9100053,フクイケン,フクイシ,ツチハシチョウ,福井県,福井市,土橋町
9188068,フクイケン,フクイシ,ツノオリチョウ,福井県,福井市,角折町
9188162,フクイケン,フクイシ,ツノハラチョウ,福井県,福井市,角原町
9103615,フクイケン,フクイシ,ツボタニチョウ,福井県,福井市,坪谷町
9103114,フクイケン,フクイシ,ツルギオオタニチョウ,福井県,福井市,剣大谷町
9103138,フクイケン,フクイシ,テクノポート,福井県,福井市,テクノポート
9100858,フクイケン,フクイシ,テヨセ,福井県,福井市,手寄
9100801,フクイケン,フクイシ,テラマエチョウ,福井県,福井市,寺前町
9100024,フクイケン,フクイシ,テルテ,福井県,福井市,照手
9100025,フクイケン,フクイシ,テルテチョウ,福井県,福井市,照手町
9188216,フクイケン,フクイシ,テンガチョウ,福井県,福井市,殿下町
9188136,フクイケン,フクイシ,テンノウチョウ,福井県,福井市,天王町
9188231,フクイケン,フクイシ,トイヤチョウ,福井県,福井市,問屋町
9102176,フクイケン,フクイシ,トウゴウナカジマチョウ,福井県,福井市,東郷中島町
9102165,フクイケン,フクイシ,トウゴウニカチョウ,福井県,福井市,東郷二ケ町
9102149,フクイケン,フクイシ,トウゴウミサトチョウ,福井県,福井市,東郷美里町
9100818,フクイケン,フクイシ,ドウジマチョウ,福井県,福井市,堂島町
9103252,フクイケン,フクイシ,トウブチョウ,福井県,福井市,燈豊町
9100063,フクイケン,フクイシ,トウミョウジ,福井県,福井市,灯明寺
9100062,フクイケン,フクイシ,トウミョウジチョウ,福井県,福井市,灯明寺町
9102178,フクイケン,フクイシ,トガノチョウ,福井県,福井市,栂野町
9188165,フクイケン,フクイシ,トクオチョウ,福井県,福井市,徳尾町
9190305,フクイケン,フクイシ,トクミツチョウ,福井県,福井市,徳光町
9102202,フクイケン,フクイシ,トコロダニチョウ,福井県,福井市,所谷町
9102163,フクイケン,フクイシ,トチイズミチョウ,福井県,福井市,栃泉町
9100027,フクイケン,フクイシ,トヨオカ,福井県,福井市,豊岡
9100857,フクイケン,フクイシ,トヨシマ,福井県,福井市,豊島
9188151,フクイケン,フクイシ,ナカアライマチ,福井県,福井市,中荒井町
9103263,フクイケン,フクイシ,ナカコウチチョウ,福井県,福井市,中河内町
9100813,フクイケン,フクイシ,ナカシンデンチョウ,福井県,福井市,中新田町
9103268,フクイケン,フクイシ,ナカダイラチョウ,福井県,福井市,中平町
9100103,フクイケン,フクイシ,ナカツノチョウ,福井県,福井市,中角町
9188186,フクイケン,フクイシ,ナカノ,福井県,福井市,中野
9100816,フクイケン,フクイシ,ナカノゴウチョウ,福井県,福井市,中ノ郷町
9188185,フクイケン,フクイシ,ナカノチョウ,福井県,福井市,中野町
9102145,フクイケン,フクイシ,ナカビシャモンチョウ,福井県,福井市,中毘沙門町
9100811,フクイケン,フクイシ,ナカフジシンボチョウ,福井県,福井市,中藤新保町
9103256,フクイケン,フクイシ,ナカマチ,福井県,福井市,中町
9103127,フクイケン,フクイシ,ナカヤマチョウ,福井県,福井市,中山町
9102464,フクイケン,フクイシ,ナカンテチョウ,福井県,福井市,中手町
9103384,フクイケン,フクイシ,ナガハシチョウ,福井県,福井市,長橋町
9100844,フクイケン,フクイシ,ナガモトチョウ,福井県,福井市,長本町
9188034,フクイケン,フクイシ,ナゴチョウ,福井県,福井市,南居町
9103142,フクイケン,フクイシ,ナミヨセチョウ,福井県,福井市,波寄町
9102221,フクイケン,フクイシ,ナラセチョウ,福井県,福井市,奈良瀬町
9102336,フクイケン,フクイシ,ニイチョウ,福井県,福井市,仁位町
9102355,フクイケン,フクイシ,ニシアマダチョウ,福井県,福井市,西天田町
9103261,フクイケン,フクイシ,ニシアライチョウ,福井県,福井市,西荒井町
9188102,フクイケン,フクイシ,ニシイタガキチョウ,福井県,福井市,西板垣町
9102466,フクイケン,フクイシ,ニシイチヌノチョウ,福井県,福井市,西市布町
9190313,フクイケン,フクイシ,ニシオオミチョウ,福井県,福井市,西大味町
9100843,フクイケン,フクイシ,ニシカイホツ,福井県,福井市,西開発
9100855,フクイケン,フクイシ,ニシカタ,福井県,福井市,西方
9188064,フクイケン,フクイシ,ニシガクエン,福井県,福井市,西学園
9188004,フクイケン,フクイシ,ニシキダ,福井県,福井市,西木田
9102471,フクイケン,フクイシ,ニシコウバラチョウ,福井県,福井市,西河原町
9188041,フクイケン,フクイシ,ニシシモノチョウ,福井県,福井市,西下野町
9102157,フクイケン,フクイシ,ニシシンマチ,福井県,福井市,西新町
9188023,フクイケン,フクイシ,ニシタニ,福井県,福井市,西谷
9188022,フクイケン,フクイシ,ニシタニチョウ,福井県,福井市,西谷町
9102203,フクイケン,フクイシ,ニシナカチョウ,福井県,福井市,西中町
9103105,フクイケン,フクイシ,ニシナカノチョウ,福井県,福井市,西中野町
9103373,フクイケン,フクイシ,ニシハタチョウ,福井県,福井市,西畑町
9103372,フクイケン,フクイシ,ニシフタツヤチョウ,福井県,福井市,西二ツ屋町
9190315,フクイケン,フクイシ,ニシブクロチョウ,福井県,福井市,西袋町
9103512,フクイケン,フクイシ,ニシベッショチョウ,福井県,福井市,西別所町
9100037,フクイケン,フクイシ,ニシボリチョウ,福井県,福井市,西堀町
9100029,フクイケン,フクイシ,ニッコウ,福井県,福井市,日光
9100067,フクイケン,フクイシ,ニッタヅカ,福井県,福井市,新田塚
9100064,フクイケン,フクイシ,ニツタヅカチョウ,福井県,福井市,新田塚町
9100015,フクイケン,フクイシ,ニノミヤ,福井県,福井市,二の宮
9102335,フクイケン,フクイシ,ヌイバラチョウ,福井県,福井市,縫原町
9103266,フクイケン,フクイシ,ネコセチョウ,福井県,福井市,猫瀬町
9102333,フクイケン,フクイシ,ノナミチョウ（オイワケ）,福井県,福井市,野波町（追分）
9102332,フクイケン,フクイシ,ノナミチョウ（ソノタ）,福井県,福井市,野波町（その他）
9102331,フクイケン,フクイシ,ハカリイシチョウ,福井県,福井市,計石町
9188075,フクイケン,フクイシ,ハザカチョウ,福井県,福井市,羽坂町
9103517,フクイケン,フクイシ,ハタケナカチョウ,福井県,福井市,畠中町
9188224,フクイケン,フクイシ,ハナノタニチョウ,福井県,福井市,花野谷町
9188187,フクイケン,フクイシ,ハナモリチョウ,福井県,福井市,花守町
9188014,フクイケン,フクイシ,ハナンドウナカ,福井県,福井市,花堂中
9188013,フクイケン,フクイシ,ハナンドウヒガシ,福井県,福井市,花堂東
9188015,フクイケン,フクイシ,ハナンドウミナミ,福井県,福井市,花堂南
9103554,フクイケン,フクイシ,ハマキタヤマチョウ,福井県,福井市,浜北山町
9188012,フクイケン,フクイシ,ハナンドウキタ,福井県,福井市,花堂北
9103132,フクイケン,フクイシ,ハマシマチョウ,福井県,福井市,浜島町
9103377,フクイケン,フクイシ,ハマジュウチョウ,福井県,福井市,浜住町
9103134,フクイケン,フクイシ,ハマベッショチョウ,福井県,福井市,浜別所町
9100828,フクイケン,フクイシ,ハヤシチョウ,福井県,福井市,林町
9100829,フクイケン,フクイシ,ハヤシフジシマチョウ,福井県,福井市,林藤島町
9100825,フクイケン,フクイシ,ハラメチョウ,福井県,福井市,原目町
9100019,フクイケン,フクイシ,ハルヤマ,福井県,福井市,春山
9190326,フクイケン,フクイシ,ハンダチョウ,福井県,福井市,半田町
9102354,フクイケン,フクイシ,ヒガシアマダチョウ,福井県,福井市,東天田町
9188214,フクイケン,フクイシ,ヒガシイマイズミチョウ,福井県,福井市,東今泉町
9190312,フクイケン,フクイシ,ヒガシオオミチョウ,福井県,福井市,東大味町
9102341,フクイケン,フクイシ,ヒガシカワカミチョウ,福井県,福井市,東川上町
9102472,フクイケン,フクイシ,ヒガシコウバラチョウ,福井県,福井市,東河原町
9188042,フクイケン,フクイシ,ヒガシシモノチョウ,福井県,福井市,東下野町
9102154,フクイケン,フクイシ,ヒガシシンマチ,福井県,福井市,東新町
9103266,フクイケン,フクイシ,ヒガシダイラチョウ,福井県,福井市,東平町
9102342,フクイケン,フクイシ,ヒガシマタチョウ,福井県,福井市,東俣町
9100138,フクイケン,フクイシ,ヒガシモリダ,福井県,福井市,東森田
9188156,フクイケン,フクイシ,ヒキメチョウ,福井県,福井市,引目町
9100859,フクイケン,フクイシ,ヒノデ,福井県,福井市,日之出
9103641,フクイケン,フクイシ,ヒラオチョウ,福井県,福井市,平尾町
9188219,フクイケン,フクイシ,フェアコウマス,福井県,福井市,フェア河増
9103126,フクイケン,フクイシ,フカサカチョウ,福井県,福井市,深坂町
9100049,フクイケン,フクイシ,フカタニチョウ,福井県,福井市,深谷町
9102164,フクイケン,フクイシ,フカミチョウ,福井県,福井市,深見町
9188045,フクイケン,フクイシ,フクシンマチ,福井県,福井市,福新町
9188027,フクイケン,フクイシ,フク,福井県,福井市,福
9102214,フクイケン,フクイシ,フクシマチョウ,福井県,福井市,福島町
9188027,フクイケン,フクイシ,フクマチ,福井県,福井市,福町
9100827,フクイケン,フクイシ,フジシマチョウ,福井県,福井市,藤島町
9103523,フクイケン,フクイシ,ブシュウチョウ,福井県,福井市,武周町
9103104,フクイケン,フクイシ,フセダチョウ,福井県,福井市,布施田町
9190325,フクイケン,フクイシ,フタガミチョウ,福井県,福井市,二上町
9103526,フクイケン,フクイシ,フタツヤチョウ,福井県,福井市,二ツ屋町
9188026,フクイケン,フクイシ,フチ,福井県,福井市,渕
9188026,フクイケン,フクイシ,フチマチ,福井県,福井市,渕町
9100109,フクイケン,フクイシ,フツカイチチョウ,福井県,福井市,二日市町
9100808,フクイケン,フクイシ,フナバシ,福井県,福井市,舟橋
9100069,フクイケン,フクイシ,フナバシクロタツ,福井県,福井市,舟橋黒竜
9100068,フクイケン,フクイシ,フナバシシン,福井県,福井市,舟橋新
9100061,フクイケン,フクイシ,フナバシシンマチ,福井県,福井市,舟橋新町
9100809,フクイケン,フクイシ,フナバシチョウ,福井県,福井市,舟橋町
9188154,フクイケン,フクイシ,フユノチョウ,福井県,福井市,冬野町
9100152,フクイケン,フクイシ,フルイチ,福井県,福井市,古市
9100153,フクイケン,フクイシ,フルイチチョウ,福井県,福井市,古市町
9100017,フクイケン,フクイシ,ブンキョウ,福井県,福井市,文京
9188115,フクイケン,フクイシ,ベッショチョウ,福井県,福井市,別所町
9103524,フクイケン,フクイシ,ベツバタチョウ,福井県,福井市,別畑町
9100004,フクイケン,フクイシ,ホウエイ,福井県,福井市,宝永
9188161,フクイケン,フクイシ,ホコガサキチョウ,福井県,福井市,鉾ケ崎町
9188074,フクイケン,フクイシ,ホソサカチョウ,福井県,福井市,細坂町
9190324,フクイケン,フクイシ,ホダニチョウ,福井県,福井市,帆谷町
9100032,フクイケン,フクイシ,ホリノミヤ,福井県,福井市,堀ノ宮
9100031,フクイケン,フクイシ,ホリノミヤチョウ,福井県,福井市,堀ノ宮町
9188076,フクイケン,フクイシ,ホンドウチョウ,福井県,福井市,本堂町
9188024,フクイケン,フクイシ,マイヤチョウ,福井県,福井市,舞屋町
9102142,フクイケン,フクイシ,マエバチョウ,福井県,福井市,前波町
9188184,フクイケン,フクイシ,マキチョウ,福井県,福井市,真木町
9103616,フクイケン,フクイシ,マクリチョウ,福井県,福井市,真栗町
9100002,フクイケン,フクイシ,マチヤ,福井県,福井市,町屋
9103382,フクイケン,フクイシ,マツカゲチョウ,福井県,福井市,松蔭町
9100852,フクイケン,フクイシ,マツシロチョウ,福井県,福井市,松城町
9100003,フクイケン,フクイシ,マツモト,福井県,福井市,松本
9102345,フクイケン,フクイシ,マトチョウ,福井県,福井市,間戸町
9100824,フクイケン,フクイシ,マヤマチョウ,福井県,福井市,間山町
9100834,フクイケン,フクイシ,マルヤマ,福井県,福井市,丸山
9100835,フクイケン,フクイシ,マルヤマチョウ,福井県,福井市,丸山町
9188188,フクイケン,フクイシ,ミオノチョウ,福井県,福井市,三尾野町
9103144,フクイケン,フクイシ,ミズキリチョウ,福井県,福井市,水切町
9188065,フクイケン,フクイシ,ミズコシ,福井県,福井市,水越
9103514,フクイケン,フクイシ,ミズタニチョウ,福井県,福井市,水谷町
9100038,フクイケン,フクイシ,ミツヤ,福井県,福井市,三ツ屋
9100039,フクイケン,フクイシ,ミツヤチョウ,福井県,福井市,三ツ屋町
9103608,フクイケン,フクイシ,ミトメチョウ,福井県,福井市,三留町
9188032,フクイケン,フクイシ,ミナミエモリチョウ,福井県,福井市,南江守町
9103386,フクイケン,フクイシ,ミナミスゴウチョウ,福井県,福井市,南菅生町
9100046,フクイケン,フクイシ,ミナミナラハラチョウ,福井県,福井市,南楢原町
9102343,フクイケン,フクイシ,ミナミニシマタチョウ,福井県,福井市,南西俣町
9102461,フクイケン,フクイシ,ミナミノツマタチョウ,福井県,福井市,南野津又町
9102344,フクイケン,フクイシ,ミナミミヤジチョウ,福井県,福井市,南宮地町
9102162,フクイケン,フクイシ,ミナミヤマチョウ,福井県,福井市,南山町
9188204,フクイケン,フクイシ,ミナミヨツイ,福井県,福井市,南四ツ居
9188201,フクイケン,フクイシ,ミナミヨツイチョウ,福井県,福井市,南四ツ居町
9103381,フクイケン,フクイシ,ミノチョウ,福井県,福井市,蓑町
9188005,フクイケン,フクイシ,ミノリ,福井県,福井市,みのり
9103103,フクイケン,フクイシ,ミヤケチョウ,福井県,福井市,三宅町
9103375,フクイケン,フクイシ,ミヤゴウチョウ,福井県,福井市,宮郷町
9188225,フクイケン,フクイシ,ミヤジチョウ,福井県,福井市,宮地町
9102204,フクイケン,フクイシ,ミヤマオオタニチョウ,福井県,福井市,美山大谷町
9102351,フクイケン,フクイシ,ミヤマチョウ,福井県,福井市,美山町
9100854,フクイケン,フクイシ,ミユキ,福井県,福井市,御幸
9100106,フクイケン,フクイシ,ムイカイチチョウ,福井県,福井市,六日市町
9103376,フクイケン,フクイシ,メラチョウ,福井県,福井市,和布町
9103378,フクイケン,フクイシ,メンドリチョウ,福井県,福井市,免鳥町
9103642,フクイケン,フクイシ,モトオリチョウ,福井県,福井市,本折町
9188051,フクイケン,フクイシ,モモゾノ,福井県,福井市,桃園
9188171,フクイケン,フクイシ,モリユキチョウ,福井県,福井市,森行町
9188021,フクイケン,フクイシ,モンゼン,福井県,福井市,門前
9188021,フクイケン,フクイシ,モンゼンチョウ,福井県,福井市,門前町
9100158,フクイケン,フクイシ,ヤエマキナカチョウ,福井県,福井市,八重巻中町
9100157,フクイケン,フクイシ,ヤエマキヒガシチョウ,福井県,福井市,八重巻東町
9100123,フクイケン,フクイシ,ヤエマキチョウ,福井県,福井市,八重巻町
9102337,フクイケン,フクイシ,ヤクシチョウ（カミヤクシ）,福井県,福井市,薬師町（上薬師）
9102338,フクイケン,フクイシ,ヤクシチョウ（シモヤクシ）,福井県,福井市,薬師町（下薬師）
9102339,フクイケン,フクイシ,ヤクシチョウ（ソノタ）,福井県,福井市,薬師町（その他）
9100054,フクイケン,フクイシ,ヤスタケチョウ,福井県,福井市,安竹町
9188073,フクイケン,フクイシ,ヤスダチョウ,福井県,福井市,安田町
9102167,フクイケン,フクイシ,ヤスハラチョウ,福井県,福井市,安原町
9100066,フクイケン,フクイシ,ヤツシマ,福井県,福井市,八ツ島
9100065,フクイケン,フクイシ,ヤツシマチョウ,福井県,福井市,八ツ島町
9103558,フクイケン,フクイシ,ヤツマタチョウ,福井県,福井市,八ツ俣町
9103636,フクイケン,フクイシ,ヤマウチチョウ,福井県,福井市,山内町
9188009,フクイケン,フクイシ,ヤマオクチョウ,福井県,福井市,山奥町
9100108,フクイケン,フクイシ,ヤマムロチョウ,福井県,福井市,山室町
9103254,フクイケン,フクイシ,ヤワタチョウ,福井県,福井市,八幡町
9188008,フクイケン,フクイシ,ユウラクチョウ,福井県,福井市,有楽町
9102473,フクイケン,フクイシ,ヨコゴシチョウ,福井県,福井市,横越町
9102206,フクイケン,フクイシ,ヨシヤマチョウ（カミヨシヤマ）,福井県,福井市,吉山町（上吉山）
9102207,フクイケン,フクイシ,ヨシヤマチョウ（シモヨシヤマ）,福井県,福井市,吉山町（下吉山）
9102208,フクイケン,フクイシ,ヨシヤマチョウ（ソノタ）,福井県,福井市,吉山町（その他）
9100846,フクイケン,フクイシ,ヨツイ,福井県,福井市,四ツ井
9100851,フクイケン,フクイシ,ヨネマツ,福井県,福井市,米松
9103135,フクイケン,フクイシ,リョウハシヤチョウ,福井県,福井市,両橋屋町
9188215,フクイケン,フクイシ,リョウマチ,福井県,福井市,寮町
9100831,フクイケン,フクイシ,ワカエチョウ,福井県,福井市,若栄町
9188055,フクイケン,フクイシ,ワカスギ,福井県,福井市,若杉
9188055,フクイケン,フクイシ,ワカスギチョウ,福井県,福井市,若杉町
9188056,フクイケン,フクイシ,ワカスギハマ,福井県,福井市,若杉浜
9102161,フクイケン,フクイシ,ワキサンガチョウ,福井県,福井市,脇三ケ町
9188066,フクイケン,フクイシ,ワタリチョウ,福井県,福井市,渡町
9188238,フクイケン,フクイシ,ワダ,福井県,福井市,和田
9188236,フクイケン,フクイシ,ワダナカ,福井県,福井市,和田中
9188235,フクイケン,フクイシ,ワダナカチョウ,福井県,福井市,和田中町
9188237,フクイケン,フクイシ,ワダヒガシ,福井県,福井市,和田東
9103631,フクイケン,フクイシ,ワダチョウ,福井県,福井市,和田町
9140000,フクイケン,ツルガシ,イカニケイサイガナイバアイ,福井県,敦賀市,以下に掲載がない場合
9140062,フクイケン,ツルガシ,アイオイチョウ,福井県,敦賀市,相生町
9140272,フクイケン,ツルガシ,アカサキ,福井県,敦賀市,赤崎
9140075,フクイケン,ツルガシ,アケボノチョウ,福井県,敦賀市,曙町
9140266,フクイケン,ツルガシ,アゲノ,福井県,敦賀市,挙野
9140315,フクイケン,ツルガシ,アソウグチ,福井県,敦賀市,麻生口
9140265,フクイケン,ツルガシ,アゾ,福井県,敦賀市,阿曽
9140141,フクイケン,ツルガシ,アゾノ,福井県,敦賀市,莇生野
9140014,フクイケン,ツルガシ,イガワ,福井県,敦賀市,井川
9140004,フクイケン,ツルガシ,イケノコウチ,福井県,敦賀市,池河内
9140042,フクイケン,ツルガシ,イシガチョウ,福井県,敦賀市,石ケ町
9140021,フクイケン,ツルガシ,イズミガオカチョウ,福井県,敦賀市,泉ケ丘町
9140124,フクイケン,ツルガシ,イチノノ,福井県,敦賀市,市野々
9140124,フクイケン,ツルガシ,イチノノチョウ,福井県,敦賀市,市野々町
9140301,フクイケン,ツルガシ,イチハシ,福井県,敦賀市,市橋
9140267,フクイケン,ツルガシ,イツハタ,福井県,敦賀市,五幡
9140805,フクイケン,ツルガシ,イモジチョウ,福井県,敦賀市,鋳物師町
9140844,フクイケン,ツルガシ,イロハマ,福井県,敦賀市,色浜
9140003,フクイケン,ツルガシ,ウソゴウチ,福井県,敦賀市,獺河内
9140843,フクイケン,ツルガシ,ウラソコ,福井県,敦賀市,浦底
9140825,フクイケン,ツルガシ,エイダイチョウ,福井県,敦賀市,永大町
9140268,フクイケン,ツルガシ,エラ,福井県,敦賀市,江良
9140303,フクイケン,ツルガシ,オイワケ,福井県,敦賀市,追分
9140018,フクイケン,ツルガシ,オオクラ,福井県,敦賀市,大蔵
9140262,フクイケン,ツルガシ,オオヒダ,福井県,敦賀市,大比田
9140044,フクイケン,ツルガシ,オカヤマチョウ,福井県,敦賀市,岡山町
9140316,フクイケン,ツルガシ,オクアソウ,福井県,敦賀市,奥麻生
9140311,フクイケン,ツルガシ,オクノ,福井県,敦賀市,奥野
9140032,フクイケン,ツルガシ,オゴ,福井県,敦賀市,小河
9140034,フクイケン,ツルガシ,オゴグチ,福井県,敦賀市,小河口
9140006,フクイケン,ツルガシ,オッサカ,福井県,敦賀市,越坂
9140063,フクイケン,ツルガシ,カグラチョウ,福井県,敦賀市,神楽町
9140005,フクイケン,ツルガシ,カシマガリ,福井県,敦賀市,樫曲
9140146,フクイケン,ツルガシ,カナヤマ,福井県,敦賀市,金山
9140055,フクイケン,ツルガシ,カナワチョウ,福井県,敦賀市,鉄輪町
9140072,フクイケン,ツルガシ,カネガサキチョウ,福井県,敦賀市,金ケ崎町
9140066,フクイケン,ツルガシ,カワサキチョウ,福井県,敦賀市,川崎町
9140012,フクイケン,ツルガシ,カワキタ,福井県,敦賀市,川北
9140015,フクイケン,ツルガシ,カワハラチョウ,福井県,敦賀市,河原町
9140039,フクイケン,ツルガシ,カンノンチョウ,福井県,敦賀市,観音町
9140814,フクイケン,ツルガシ,キザキ,福井県,敦賀市,木崎
9140043,フクイケン,ツルガシ,キヌカケチョウ,福井県,敦賀市,衣掛町
9140026,フクイケン,ツルガシ,キノメチョウ,福井県,敦賀市,木ノ芽町
9140052,フクイケン,ツルガシ,キヨミズチョウ,福井県,敦賀市,清水町
9140821,フクイケン,ツルガシ,クシカワ,福井県,敦賀市,櫛川
9140822,フクイケン,ツルガシ,クシカワチョウ,福井県,敦賀市,櫛川町
9140138,フクイケン,ツルガシ,クシバヤシ,福井県,敦賀市,櫛林
9140831,フクイケン,ツルガシ,クツ,福井県,敦賀市,沓
9140823,フクイケン,ツルガシ,クツミ,福井県,敦賀市,沓見
9140059,フクイケン,ツルガシ,クニヒロチョウ,福井県,敦賀市,国広町
9140131,フクイケン,ツルガシ,クモンミョウ,福井県,敦賀市,公文名
9140802,フクイケン,ツルガシ,クレタケチョウ,福井県,敦賀市,呉竹町
9140813,フクイケン,ツルガシ,クレハチョウ,福井県,敦賀市,呉羽町
9140045,フクイケン,ツルガシ,コタカリ,福井県,敦賀市,古田刈
9140132,フクイケン,ツルガシ,ゴミョウ,福井県,敦賀市,御名
9140077,フクイケン,ツルガシ,サカエシンマチ,福井県,敦賀市,栄新町
9140038,フクイケン,ツルガシ,サカノシタ,福井県,敦賀市,坂下
9140144,フクイケン,ツルガシ,サクラガオカチョウ,福井県,敦賀市,桜ケ丘町
9140078,フクイケン,ツルガシ,サクラマチ,福井県,敦賀市,桜町
9140143,フクイケン,ツルガシ,サワ,福井県,敦賀市,沢
9140071,フクイケン,ツルガシ,シミズ,福井県,敦賀市,泉
9140271,フクイケン,ツルガシ,シミズ（ヒガシウラ）,福井県,敦賀市,泉（東浦）
9140832,フクイケン,ツルガシ,ジョウグウ,福井県,敦賀市,常宮
9140812,フクイケン,ツルガシ,ショウワチョウ,福井県,敦賀市,昭和町
9191279,フクイケン,ツルガシ,シラキ,福井県,敦賀市,白木
9140054,フクイケン,ツルガシ,シロガネチョウ,福井県,敦賀市,白銀町
9140317,フクイケン,ツルガシ,シンドウ,福井県,敦賀市,新道
9140001,フクイケン,ツルガシ,シンボ,福井県,敦賀市,新保
9140803,フクイケン,ツルガシ,シンマツシマチョウ,福井県,敦賀市,新松島町
9140122,フクイケン,ツルガシ,シンワチョウ,福井県,敦賀市,新和町
9140264,フクイケン,ツルガシ,スイヅ,福井県,敦賀市,杉津
9140314,フクイケン,ツルガシ,スギハシ,福井県,敦賀市,杉箸
9140136,フクイケン,ツルガシ,スナガレ,福井県,敦賀市,砂流
9140147,フクイケン,ツルガシ,セキ,福井県,敦賀市,関
9140312,フクイケン,ツルガシ,ソソギ,福井県,敦賀市,曽々木
9140273,フクイケン,ツルガシ,タイ,福井県,敦賀市,田結
9140022,フクイケン,ツルガシ,タカノ,福井県,敦賀市,高野
9140305,フクイケン,ツルガシ,ダグチ,福井県,敦賀市,駄口
9140007,フクイケン,ツルガシ,タジリ,福井県,敦賀市,田尻
9140841,フクイケン,ツルガシ,タテイシ,福井県,敦賀市,立石
9140031,フクイケン,ツルガシ,タニ,福井県,敦賀市,谷
9140013,フクイケン,ツルガシ,タニグチ,福井県,敦賀市,谷口
9140811,フクイケン,ツルガシ,チュウオウチョウ,福井県,敦賀市,中央町
9140056,フクイケン,ツルガシ,ツナイチョウ,福井県,敦賀市,津内町
9140074,フクイケン,ツルガシ,ツノガチョウ,福井県,敦賀市,角鹿町
9140845,フクイケン,ツルガシ,テ,福井県,敦賀市,手
9140073,フクイケン,ツルガシ,テヅツチョウ,福井県,敦賀市,天筒町
9140036,フクイケン,ツルガシ,ドウ,福井県,敦賀市,堂
9140047,フクイケン,ツルガシ,トウヨウチョウ,福井県,敦賀市,東洋町
9140313,フクイケン,ツルガシ,トネ,福井県,敦賀市,刀根
9140028,フクイケン,ツルガシ,ナカ,福井県,敦賀市,中
9140046,フクイケン,ツルガシ,ナガソ,福井県,敦賀市,長沢
9140135,フクイケン,ツルガシ,ナガタニ,福井県,敦賀市,長谷
9140834,フクイケン,ツルガシ,ナゴ,福井県,敦賀市,名子
9140041,フクイケン,ツルガシ,ヌノダチョウ,福井県,敦賀市,布田町
9140833,フクイケン,ツルガシ,ノウマ,福井県,敦賀市,縄間
9140121,フクイケン,ツルガシ,ノガミ,福井県,敦賀市,野神
9140145,フクイケン,ツルガシ,ノサカ,福井県,敦賀市,野坂
9140039,フクイケン,ツルガシ,ハオリチョウ,福井県,敦賀市,羽織町
9140142,フクイケン,ツルガシ,ハギノチョウ,福井県,敦賀市,萩野町
9140033,フクイケン,ツルガシ,ハトハラ,福井県,敦賀市,鳩原
9140002,フクイケン,ツルガシ,ハバラ,福井県,敦賀市,葉原
9140824,フクイケン,ツルガシ,ハラ,福井県,敦賀市,原
9140302,フクイケン,ツルガシ,ヒキダ,福井県,敦賀市,疋田
9140025,フクイケン,ツルガシ,ヒノミズチョウ,福井県,敦賀市,樋ノ水町
9140137,フクイケン,ツルガシ,ヒバリガオカチョウ,福井県,敦賀市,ひばりケ丘町
9140057,フクイケン,ツルガシ,ヒラキチョウ,福井県,敦賀市,開町
9140023,フクイケン,ツルガシ,フカガワチョウ,福井県,敦賀市,深川町
9140304,フクイケン,ツルガシ,フカサカ,福井県,敦賀市,深坂
9140017,フクイケン,ツルガシ,フジガオカチョウ,福井県,敦賀市,藤ケ丘町
9140835,フクイケン,ツルガシ,フタムラ,福井県,敦賀市,二村
9140815,フクイケン,ツルガシ,ヘイワチョウ,福井県,敦賀市,平和町
9140061,フクイケン,ツルガシ,ホウライチョウ,福井県,敦賀市,蓬莱町
9140051,フクイケン,ツルガシ,ホンマチ,福井県,敦賀市,本町
9140053,フクイケン,ツルガシ,マイザキチョウ,福井県,敦賀市,舞崎町
9140065,フクイケン,ツルガシ,マツエチョウ,福井県,敦賀市,松栄町
9140801,フクイケン,ツルガシ,マツシマチョウ,福井県,敦賀市,松島町
9140807,フクイケン,ツルガシ,マツバチョウ,福井県,敦賀市,松葉町
9140806,フクイケン,ツルガシ,マツバラチョウ,福井県,敦賀市,松原町
9140274,フクイケン,ツルガシ,マルヤマ,福井県,敦賀市,鞠山
9140058,フクイケン,ツルガシ,ミシマチョウ,福井県,敦賀市,三島町
9140037,フクイケン,ツルガシ,ミチノクチ,福井県,敦賀市,道口
9140133,フクイケン,ツルガシ,ミドリガオカチョウ,福井県,敦賀市,みどりケ丘町
9140079,フクイケン,ツルガシ,ミナトマチ,福井県,敦賀市,港町
9140011,フクイケン,ツルガシ,ミヤマデラ,福井県,敦賀市,深山寺
9140842,フクイケン,ツルガシ,ミョウジンチョウ,福井県,敦賀市,明神町
9140261,フクイケン,ツルガシ,モトヒダ,福井県,敦賀市,元比田
9140076,フクイケン,ツルガシ,モトマチ,福井県,敦賀市,元町
9140134,フクイケン,ツルガシ,ヤマ,福井県,敦賀市,山
9140035,フクイケン,ツルガシ,ヤマシミズ,福井県,敦賀市,山泉
9140306,フクイケン,ツルガシ,ヤマナカ,福井県,敦賀市,山中
9140064,フクイケン,ツルガシ,ユウキチョウ,福井県,敦賀市,結城町
9140263,フクイケン,ツルガシ,ヨコハマ,福井県,敦賀市,横浜
9140016,フクイケン,ツルガシ,ヨザ,福井県,敦賀市,余座
9140024,フクイケン,ツルガシ,ヨシコ,福井県,敦賀市,吉河
9140027,フクイケン,ツルガシ,ワカイズミチョウ,福井県,敦賀市,若泉町
9140125,フクイケン,ツルガシ,ワカバチョウ,福井県,敦賀市,若葉町
9140123,フクイケン,ツルガシ,ワクノ,福井県,敦賀市,和久野
9170000,フクイケン,オバマシ,イカニケイサイガナイバアイ,福井県,小浜市,以下に掲載がない場合
9170037,フクイケン,オバマシ,アイオイ,福井県,小浜市,相生
9170041,フクイケン,オバマシ,アオイ,福井県,小浜市,青井
9170105,フクイケン,オバマシ,アノ,福井県,小浜市,阿納
9170106,フクイケン,オバマシ,アノジリ,福井県,小浜市,阿納尻
9170044,フクイケン,オバマシ,アラキ,福井県,小浜市,荒木
9170238,フクイケン,オバマシ,イケノコウチ,福井県,小浜市,池河内
9170241,フクイケン,オバマシ,イケダ,福井県,小浜市,池田
9170027,フクイケン,オバマシ,イゴモリ,福井県,小浜市,生守
9170027,フクイケン,オバマシ,イゴモリダンチ,福井県,小浜市,生守団地
9170005,フクイケン,オバマシ,イタヤマチ,福井県,小浜市,板屋町
9170241,フクイケン,オバマシ,イチバ,福井県,小浜市,市場
9170071,フクイケン,オバマシ,イチバンチョウ,福井県,小浜市,一番町
9170104,フクイケン,オバマシ,イノクマ,福井県,小浜市,犬熊
9170234,フクイケン,オバマシ,ウエノ,福井県,小浜市,上野
9170113,フクイケン,オバマシ,ウグ,福井県,小浜市,宇久
9170096,フクイケン,オバマシ,ウンピン,福井県,小浜市,雲浜
9170077,フクイケン,オバマシ,エキマエチョウ,福井県,小浜市,駅前町
9170017,フクイケン,オバマシ,エゴガワ,福井県,小浜市,江古川
9170221,フクイケン,オバマシ,オオタニ,福井県,小浜市,大谷
9170078,フクイケン,オバマシ,オオテチョウ,福井県,小浜市,大手町
9170223,フクイケン,オバマシ,オオド,福井県,小浜市,大戸
9170004,フクイケン,オバマシ,オオミナト,福井県,小浜市,大湊
9170034,フクイケン,オバマシ,オクダノ,福井県,小浜市,奥田縄
9170046,フクイケン,オバマシ,オコヅ,福井県,小浜市,岡津
9170032,フクイケン,オバマシ,オザキ,福井県,小浜市,尾崎
9170241,フクイケン,オバマシ,オニュウ,福井県,小浜市,遠敷
9170055,フクイケン,オバマシ,オバマアサマ,福井県,小浜市,小浜浅間
9170057,フクイケン,オバマシ,オバマアスカ,福井県,小浜市,小浜飛鳥
9170085,フクイケン,オバマシ,オバマイクダマ,福井県,小浜市,小浜生玉
9170062,フクイケン,オバマシ,オバマイマミヤ,福井県,小浜市,小浜今宮
9170056,フクイケン,オバマシ,オバマオオハラ,福井県,小浜市,小浜大原
9170053,フクイケン,オバマシ,オバマオオミヤ,福井県,小浜市,小浜大宮
9170052,フクイケン,オバマシ,オバマオトコヤマ,福井県,小浜市,小浜男山
9170067,フクイケン,オバマシ,オバマカシマ,福井県,小浜市,小浜鹿島
9170058,フクイケン,オバマシ,オバマカトリ,福井県,小浜市,小浜香取
9170066,フクイケン,オバマシ,オバマカンダ,福井県,小浜市,小浜神田
9170059,フクイケン,オバマシ,オバマキフネ,福井県,小浜市,小浜貴船
9170083,フクイケン,オバマシ,オバマキヨタキ,福井県,小浜市,小浜清滝
9170063,フクイケン,オバマシ,オバマサカイ,福井県,小浜市,小浜酒井
9170086,フクイケン,オバマシ,オバマシオガマ,福井県,小浜市,小浜塩竈
9170051,フクイケン,オバマシ,オバマシラトリ,福井県,小浜市,小浜白鳥
9170069,フクイケン,オバマシ,オバマシラヒゲ,福井県,小浜市,小浜白鬚
9170087,フクイケン,オバマシ,オバマスズカ,福井県,小浜市,小浜鈴鹿
9170065,フクイケン,オバマシ,オバマスミヨシ,福井県,小浜市,小浜住吉
9170088,フクイケン,オバマシ,オバマタガ,福井県,小浜市,小浜多賀
9170064,フクイケン,オバマシ,オバマタツタ,福井県,小浜市,小浜竜田
9170061,フクイケン,オバマシ,オバマタママエ,福井県,小浜市,小浜玉前
9170082,フクイケン,オバマシ,オバマツシマ,福井県,小浜市,小浜津島
9170068,フクイケン,オバマシ,オバマヒヨシ,福井県,小浜市,小浜日吉
9170084,フクイケン,オバマシ,オバマヒロミネ,福井県,小浜市,小浜広峰
9170357,フクイケン,オバマシ,オヤ,福井県,小浜市,小屋
9170112,フクイケン,オバマシ,カオ,福井県,小浜市,加尾
9170003,フクイケン,オバマシ,ガクエンチョウ,福井県,小浜市,学園町
9170116,フクイケン,オバマシ,カツミ,福井県,小浜市,堅海
9170045,フクイケン,オバマシ,カド,福井県,小浜市,加斗
9170242,フクイケン,オバマシ,カナヤ,福井県,小浜市,金屋
9170045,フクイケン,オバマシ,カミカド,福井県,小浜市,上加斗
9170356,フクイケン,オバマシ,カミタ,福井県,小浜市,上田
9170022,フクイケン,オバマシ,カミタワラ,福井県,小浜市,上竹原
9170036,フクイケン,オバマシ,カミナカイ,福井県,小浜市,上中井
9170248,フクイケン,オバマシ,カミネゴリ,福井県,小浜市,上根来
9170223,フクイケン,オバマシ,カモ,福井県,小浜市,加茂
9170081,フクイケン,オバマシ,カワサキ,福井県,小浜市,川崎
9170025,フクイケン,オバマシ,キザキ,福井県,小浜市,木崎
9170014,フクイケン,オバマシ,キタガワ,福井県,小浜市,北川
9170002,フクイケン,オバマシ,キタナガマチ,福井県,小浜市,北長町
9170002,フクイケン,オバマシ,キタシオヤ,福井県,小浜市,北塩屋
9170035,フクイケン,オバマシ,クチダノ,福井県,小浜市,口田縄
9170012,フクイケン,オバマシ,クマノ,福井県,小浜市,熊野
9170015,フクイケン,オバマシ,クリタ,福井県,小浜市,栗田
9170044,フクイケン,オバマシ,クロコマ,福井県,小浜市,黒駒
9170241,フクイケン,オバマシ,ケンミザカ,福井県,小浜市,検見坂
9170047,フクイケン,オバマシ,コイガワ,福井県,小浜市,鯉川
9170107,フクイケン,オバマシ,コガサキ,福井県,小浜市,甲ケ崎
9170231,フクイケン,オバマシ,コクブ,福井県,小浜市,国分
9170006,フクイケン,オバマシ,コマツバラ,福井県,小浜市,小松原
9170004,フクイケン,オバマシ,コミナト,福井県,小浜市,小湊
9170019,フクイケン,オバマシ,サンノウマエ,福井県,小浜市,山王前
9170236,フクイケン,オバマシ,サンブイチ,福井県,小浜市,三分一
9170103,フクイケン,オバマシ,シツミ,福井県,小浜市,志積
9170235,フクイケン,オバマシ,シブイチ,福井県,小浜市,四分一
9170241,フクイケン,オバマシ,シマ,福井県,小浜市,島
9170355,フクイケン,オバマシ,シモタ,福井県,小浜市,下田
9170045,フクイケン,オバマシ,シモカド,福井県,小浜市,下加斗
9170007,フクイケン,オバマシ,シモダワラ,福井県,小浜市,下竹原
9170036,フクイケン,オバマシ,シモナカイ,福井県,小浜市,下中井
9170246,フクイケン,オバマシ,シモネゴリ,福井県,小浜市,下根来
9170095,フクイケン,オバマシ,ジョウナイ,福井県,小浜市,城内
9170244,フクイケン,オバマシ,ジングウジ,福井県,小浜市,神宮寺
9170008,フクイケン,オバマシ,シンコマツバラ,福井県,小浜市,新小松原
9170036,フクイケン,オバマシ,シンタキ,福井県,小浜市,新滝
9170222,フクイケン,オバマシ,シンボ,福井県,小浜市,新保
9170033,フクイケン,オバマシ,スノ,福井県,小浜市,須縄
9170021,フクイケン,オバマシ,セキ,福井県,小浜市,関
9170233,フクイケン,オバマシ,タイコウジ,福井県,小浜市,太興寺
9170014,フクイケン,オバマシ,タカツカ,福井県,小浜市,高塚
9170036,フクイケン,オバマシ,タキダニ,福井県,小浜市,滝谷
9170351,フクイケン,オバマシ,タモタニ,福井県,小浜市,田茂谷
9170101,フクイケン,オバマシ,タガラス,福井県,小浜市,田烏
9170224,フクイケン,オバマシ,タケナガ,福井県,小浜市,竹長
9170026,フクイケン,オバマシ,タダ,福井県,小浜市,多田
9170013,フクイケン,オバマシ,タラノショウ,福井県,小浜市,太良庄
9170021,フクイケン,オバマシ,タワラ,福井県,小浜市,竹原
9170072,フクイケン,オバマシ,チグサ,福井県,小浜市,千種
9170245,フクイケン,オバマシ,チュウノ,福井県,小浜市,忠野
9170016,フクイケン,オバマシ,ツギヨシ,福井県,小浜市,次吉
9170232,フクイケン,オバマシ,トイチバ,福井県,小浜市,東市場
9170117,フクイケン,オバマシ,トマリ,福井県,小浜市,泊
9170036,フクイケン,オバマシ,ナカイ,福井県,小浜市,中井
9170247,フクイケン,オバマシ,ナカノハタ,福井県,小浜市,中ノ畑
9170242,フクイケン,オバマシ,ナカノミヤ,福井県,小浜市,中の宮
9170241,フクイケン,オバマシ,ナカムラ,福井県,小浜市,中村
9170011,フクイケン,オバマシ,ナゴ,福井県,小浜市,奈胡
9170037,フクイケン,オバマシ,ニシアイオイ,福井県,小浜市,西相生
9170111,フクイケン,オバマシ,ニシオガワ,福井県,小浜市,西小川
9170043,フクイケン,オバマシ,ニシセイ,福井県,小浜市,西勢
9170091,フクイケン,オバマシ,ニシヅ,福井県,小浜市,西津
9170007,フクイケン,オバマシ,ニシナガマチ,福井県,小浜市,西長町
9170028,フクイケン,オバマシ,ノダイ,福井県,小浜市,野代
9170074,フクイケン,オバマシ,ノチセチョウ,福井県,小浜市,後瀬町
9170044,フクイケン,オバマシ,ノリカイ,福井県,小浜市,法海
9170017,フクイケン,オバマシ,ハガ,福井県,小浜市,羽賀
9170044,フクイケン,オバマシ,ハンセイ,福井県,小浜市,飯盛
9170037,フクイケン,オバマシ,ヒガシアイオイ,福井県,小浜市,東相生
9170042,フクイケン,オバマシ,ヒガシセイ,福井県,小浜市,東勢
9170226,フクイケン,オバマシ,ヒラノ,福井県,小浜市,平野
9170352,フクイケン,オバマシ,フカタニ,福井県,小浜市,深谷
9170353,フクイケン,オバマシ,フカノ,福井県,小浜市,深野
9170001,フクイケン,オバマシ,フクタニ,福井県,小浜市,福谷
9170054,フクイケン,オバマシ,フシワラ,福井県,小浜市,伏原
9170023,フクイケン,オバマシ,フチュウ,福井県,小浜市,府中
9170115,フクイケン,オバマシ,ホトケダニ,福井県,小浜市,仏谷
9170097,フクイケン,オバマシ,ホリヤシキ,福井県,小浜市,堀屋敷
9170225,フクイケン,オバマシ,ホンボ,福井県,小浜市,本保
9170018,フクイケン,オバマシ,マツガサキ,福井県,小浜市,松ケ崎
9170094,フクイケン,オバマシ,マルヤマ,福井県,小浜市,丸山
9170093,フクイケン,オバマシ,ミズトリ,福井県,小浜市,水取
9170004,フクイケン,オバマシ,ミナト,福井県,小浜市,湊
9170075,フクイケン,オバマシ,ミナミガワチョウ,福井県,小浜市,南川町
9170249,フクイケン,オバマシ,ミヤノマエ,福井県,小浜市,宮の前
9170237,フクイケン,オバマシ,モンゼン,福井県,小浜市,門前
9170102,フクイケン,オバマシ,ヤシロ,福井県,小浜市,矢代
9170031,フクイケン,オバマシ,ヤタベ,福井県,小浜市,谷田部
9170092,フクイケン,オバマシ,ヤマテ,福井県,小浜市,山手
9170076,フクイケン,オバマシ,ユノオカ,福井県,小浜市,湯岡
9170073,フクイケン,オバマシ,ヨツヤチョウ,福井県,小浜市,四谷町
9170243,フクイケン,オバマシ,リュウゼン,福井県,小浜市,竜前
9170114,フクイケン,オバマシ,ワカサ,福井県,小浜市,若狭
9170024,フクイケン,オバマシ,ワクリ,福井県,小浜市,和久里
9170354,フクイケン,オバマシ,ワダタ,福井県,小浜市,和多田
9120000,フクイケン,オオノシ,イカニケイサイガナイバアイ,福井県,大野市,以下に掲載がない場合
9120068,フクイケン,オオノシ,アカネチョウ,福井県,大野市,茜町
9120205,フクイケン,オオノシ,アサヒ,福井県,大野市,朝日
9120201,フクイケン,オオノシ,アサヒマエサカ,福井県,大野市,朝日前坂
9120063,フクイケン,オオノシ,アドソジトウホウ,福井県,大野市,阿難祖地頭方
9120063,フクイケン,オオノシ,アドソリョウケ,福井県,大野市,阿難祖領家
9120035,フクイケン,オオノシ,アリアケチョウ,福井県,大野市,有明町
9120134,フクイケン,オオノシ,イシタニ,福井県,大野市,石谷
9120086,フクイケン,オオノシ,イズミチョウ,福井県,大野市,泉町
9120206,フクイケン,オオノシ,イタクラ,福井県,大野市,板倉
9120054,フクイケン,オオノシ,イトヨチョウ,福井県,大野市,糸魚町
9120091,フクイケン,オオノシ,イヌヤマ,福井県,大野市,犬山
9120826,フクイケン,オオノシ,イノクチ,福井県,大野市,井ノ口
9120404,フクイケン,オオノシ,イノシマ,福井県,大野市,猪島
9120072,フクイケン,オオノシ,イフリ,福井県,大野市,飯降
9120424,フクイケン,オオノシ,イマイ,福井県,大野市,今井
9120067,フクイケン,オオノシ,ウコンジロウ,福井県,大野市,右近次郎
9120091,フクイケン,オオノシ,ウシガハラ,福井県,大野市,牛ケ原
9120813,フクイケン,オオノシ,ウワノ,福井県,大野市,上野
9120435,フクイケン,オオノシ,エノキ,福井県,大野市,榎
9120005,フクイケン,オオノシ,オオタ,福井県,大野市,太田
9120132,フクイケン,オオノシ,オオツキ,福井県,大野市,大月
9120001,フクイケン,オオノシ,オオヤト,福井県,大野市,大矢戸
9120144,フクイケン,オオノシ,オグロミ,福井県,大野市,小黒見
9120146,フクイケン,オオノシ,オチアイ,福井県,大野市,落合
9120204,フクイケン,オオノシ,カイザラ,福井県,大野市,貝皿
9120416,フクイケン,オオノシ,カイホツ,福井県,大野市,開発
9120147,フクイケン,オオノシ,カキガシマ,福井県,大野市,柿ケ嶋
9120217,フクイケン,オオノシ,カクノ,福井県,大野市,角野
9120202,フクイケン,オオノシ,カクノマエサカ,福井県,大野市,角野前坂
9120053,フクイケン,オオノシ,カスガ,福井県,大野市,春日
9120026,フクイケン,オオノシ,カナメチョウ,福井県,大野市,要町
9120814,フクイケン,オオノシ,カミアソウジマ,福井県,大野市,上麻生嶋
9120074,フクイケン,オオノシ,カミアライ,福井県,大野市,上荒井
9120151,フクイケン,オオノシ,カミウチナミ,福井県,大野市,上打波
9120216,フクイケン,オオノシ,カミオオノウ,福井県,大野市,上大納
9120076,フクイケン,オオノシ,カミクロダニ,福井県,大野市,上黒谷
9120064,フクイケン,オオノシ,カミシタ,福井県,大野市,上舌
9120221,フクイケン,オオノシ,カミハンバラ,福井県,大野市,上半原
9120094,フクイケン,オオノシ,カミヨウロ,福井県,大野市,上丁
9120087,フクイケン,オオノシ,カメヤマ,福井県,大野市,亀山
9120218,フクイケン,オオノシ,カワイ,福井県,大野市,川合
9120814,フクイケン,オオノシ,カワシマ,福井県,大野市,川嶋
9120824,フクイケン,オオノシ,キオトシ,福井県,大野市,木落
9120402,フクイケン,オオノシ,キタミカド,福井県,大野市,北御門
9120143,フクイケン,オオノシ,キンザン,福井県,大野市,金山
9120043,フクイケン,オオノシ,クニトキチョウ,福井県,大野市,国時町
9120071,フクイケン,オオノシ,クワカケ,福井県,大野市,鍬掛
9120412,フクイケン,オオノシ,ゴキュウ,福井県,大野市,御給
9120421,フクイケン,オオノシ,ゴジョウホウ,福井県,大野市,五條方
9120433,フクイケン,オオノシ,コノモト,福井県,大野市,木本
9120002,フクイケン,オオノシ,コヤト,福井県,大野市,小矢戸
9120133,フクイケン,オオノシ,ゴリョウ,福井県,大野市,御領
9120047,フクイケン,オオノシ,サイワイチョウ,福井県,大野市,幸町
9120044,フクイケン,オオノシ,サクラヅカチョウ,福井県,大野市,桜塚町
9120422,フクイケン,オオノシ,サビラキ,福井県,大野市,佐開
9120061,フクイケン,オオノシ,シノクラ,福井県,大野市,篠座
9120061,フクイケン,オオノシ,シノクラチョウ,福井県,大野市,篠座町
9120815,フクイケン,オオノシ,シモアソウジマ,福井県,大野市,下麻生嶋
9120152,フクイケン,オオノシ,シモウチナミ,福井県,大野市,下打波
9120215,フクイケン,オオノシ,シモオオノウ,福井県,大野市,下大納
9120075,フクイケン,オオノシ,シモクロダニ,福井県,大野市,下黒谷
9120432,フクイケン,オオノシ,シモゴウ,福井県,大野市,下郷
9120431,フクイケン,オオノシ,シモシガラミ,福井県,大野市,下据
9120065,フクイケン,オオノシ,シモシタ,福井県,大野市,下舌
9120211,フクイケン,オオノシ,シモハンバラ,福井県,大野市,下半原
9120207,フクイケン,オオノシ,シモヤマ,福井県,大野市,下山
9120822,フクイケン,オオノシ,シモユイノ,福井県,大野市,下唯野
9120095,フクイケン,オオノシ,シモヨウロ,福井県,大野市,下丁
9120423,フクイケン,オオノシ,シモワカゴ,福井県,大野市,下若生子
9120086,フクイケン,オオノシ,ショウズ,福井県,大野市,清水
9120006,フクイケン,オオノシ,ショウバヤシ,福井県,大野市,庄林
9120041,フクイケン,オオノシ,ショウブイケ,福井県,大野市,菖蒲池
9120087,フクイケン,オオノシ,シロマチ,福井県,大野市,城町
9120801,フクイケン,オオノシ,シンカワラ,福井県,大野市,新河原
9120085,フクイケン,オオノシ,シンジョウ,福井県,大野市,新庄
9120825,フクイケン,オオノシ,シンツカバラ,福井県,大野市,新塚原
9120802,フクイケン,オオノシ,シンデン,福井県,大野市,新田
9120027,フクイケン,オオノシ,シンマチ,福井県,大野市,新町
9120046,フクイケン,オオノシ,シンメイ,福井県,大野市,神明
9120046,フクイケン,オオノシ,シンメイチョウ,福井県,大野市,神明町
9120092,フクイケン,オオノシ,セイリュウ,福井県,大野市,清瀧
9120032,フクイケン,オオノシ,セイワチョウ,福井県,大野市,清和町
9120055,フクイケン,オオノシ,タカサゴチョウ,福井県,大野市,高砂町
9120827,フクイケン,オオノシ,タノ,福井県,大野市,田野
9120062,フクイケン,オオノシ,チトセ,福井県,大野市,千歳
9120825,フクイケン,オオノシ,ツカバラ,福井県,大野市,塚原
9120031,フクイケン,オオノシ,ツキミチョウ,福井県,大野市,月美町
9120811,フクイケン,オオノシ,ツチウチ,福井県,大野市,土打
9120805,フクイケン,オオノシ,ツチフゴ,福井県,大野市,土布子
9120084,フクイケン,オオノシ,テンジンチョウ,福井県,大野市,天神町
9120415,フクイケン,オオノシ,トウゴウ,福井県,大野市,稲郷
9120145,フクイケン,オオノシ,ドウジマ,福井県,大野市,堂嶋
9120013,フクイケン,オオノシ,ドウモト,福井県,大野市,堂本
9120803,フクイケン,オオノシ,トビシマ,福井県,大野市,富嶋
9120812,フクイケン,オオノシ,トミヅカ,福井県,大野市,富塚
9120016,フクイケン,オオノシ,トモエ,福井県,大野市,友江
9120411,フクイケン,オオノシ,トモカネ,福井県,大野市,友兼
9120023,フクイケン,オオノシ,ナカアライ,福井県,大野市,中荒井
9120023,フクイケン,オオノシ,ナカアライチョウ,福井県,大野市,中荒井町
9120437,フクイケン,オオノシ,ナカシガラミ,福井県,大野市,中据
9120004,フクイケン,オオノシ,ナカツガワ,福井県,大野市,中津川
9120021,フクイケン,オオノシ,ナカノ,福井県,大野市,中野
9120214,フクイケン,オオノシ,ナガノ,福井県,大野市,長野
9120021,フクイケン,オオノシ,ナカノチョウ,福井県,大野市,中野町
9120015,フクイケン,オオノシ,ナカバサミ,福井県,大野市,中挾
9120014,フクイケン,オオノシ,ナカホ,福井県,大野市,中保
9120093,フクイケン,オオノシ,ナカヨウロ,福井県,大野市,中丁
9120821,フクイケン,オオノシ,ナナイタ,福井県,大野市,七板
9120007,フクイケン,オオノシ,ニシイチ,福井県,大野市,西市
9120003,フクイケン,オオノシ,ニシオオツキ,福井県,大野市,西大月
9120155,フクイケン,オオノシ,ニシカドハラ,福井県,大野市,西勝原
9120024,フクイケン,オオノシ,ニシキチョウ,福井県,大野市,錦町
9120436,フクイケン,オオノシ,ニシシガラミ,福井県,大野市,西据
9120431,フクイケン,オオノシ,ニシサト,福井県,大野市,西里
9120426,フクイケン,オオノシ,ニシヤマ,福井県,大野市,西山
9120213,フクイケン,オオノシ,ノジリ,福井県,大野市,野尻
9120203,フクイケン,オオノシ,ノチノ,福井県,大野市,後野
9120414,フクイケン,オオノシ,ノナカ,福井県,大野市,野中
9120212,フクイケン,オオノシ,ハコガセ,福井県,大野市,箱ケ瀬
9120141,フクイケン,オオノシ,ハシヅメ,福井県,大野市,橋爪
9120138,フクイケン,オオノシ,ハナブサ,福井県,大野市,花房
9120137,フクイケン,オオノシ,ハンガノ,福井県,大野市,萩ケ野
9120222,フクイケン,オオノシ,ヒガシイチヌノ,福井県,大野市,東市布
9120003,フクイケン,オオノシ,ヒガシオオツキ,福井県,大野市,東大月
9120154,フクイケン,オオノシ,ヒガシカドハラ,福井県,大野市,東勝原
9120042,フクイケン,オオノシ,ヒガシナカ,福井県,大野市,東中
9120042,フクイケン,オオノシ,ヒガシナカチョウ,福井県,大野市,東中町
9120017,フクイケン,オオノシ,ヒガシナカノ,福井県,大野市,東中野
9120413,フクイケン,オオノシ,ヒガシヤマ,福井県,大野市,東山
9120051,フクイケン,オオノシ,ヒヨシチョウ,福井県,大野市,日吉町
9120425,フクイケン,オオノシ,ヒラサワ,福井県,大野市,平沢
9120073,フクイケン,オオノシ,フカイ,福井県,大野市,深井
9120149,フクイケン,オオノシ,ブクイシ,福井県,大野市,伏石
9120139,フクイケン,オオノシ,フドウドウ,福井県,大野市,不動堂
9120434,フクイケン,オオノシ,ホウキョウジ,福井県,大野市,宝慶寺
9120153,フクイケン,オオノシ,ホトケバラ,福井県,大野市,仏原
9120025,フクイケン,オオノシ,ホンマチ,福井県,大野市,本町
9120136,フクイケン,オオノシ,マツマル,福井県,大野市,松丸
9120036,フクイケン,オオノシ,ミカワチョウ,福井県,大野市,美川町
9120033,フクイケン,オオノシ,ミサトチョウ,福井県,大野市,美里町
9120088,フクイケン,オオノシ,ミズオトシ,福井県,大野市,水落
9120088,フクイケン,オオノシ,ミズオトシチョウ,福井県,大野市,水落町
9120066,フクイケン,オオノシ,ミナミカスガノ,福井県,大野市,南春日野
9120011,フクイケン,オオノシ,ミナミシンザイケ,福井県,大野市,南新在家
9120131,フクイケン,オオノシ,ミナミロクロシ,福井県,大野市,南六呂師
9120142,フクイケン,オオノシ,ミノミチ,福井県,大野市,蓑道
9120083,フクイケン,オオノシ,メイリンチョウ,福井県,大野市,明倫町
9120081,フクイケン,オオノシ,モトマチ,福井県,大野市,元町
9120405,フクイケン,オオノシ,モリマサジトウ,福井県,大野市,森政地頭
9120403,フクイケン,オオノシ,モリマサリョウケ,福井県,大野市,森政領家
9120804,フクイケン,オオノシ,モリメ,福井県,大野市,森目
9120135,フクイケン,オオノシ,モリモト,福井県,大野市,森本
9120427,フクイケン,オオノシ,モリヤマ,福井県,大野市,森山
9120008,フクイケン,オオノシ,ヤ,福井県,大野市,矢
9120148,フクイケン,オオノシ,ヤマチ,福井県,大野市,八町
9120082,フクイケン,オオノシ,ヤマトチョウ,福井県,大野市,大和町
9120052,フクイケン,オオノシ,ヤヨイチョウ,福井県,大野市,弥生町
9120022,フクイケン,オオノシ,ヨウメイチョウ,福井県,大野市,陽明町
9120012,フクイケン,オオノシ,ヨコマクラ,福井県,大野市,横枕
9120401,フクイケン,オオノシ,ヨシ,福井県,大野市,吉
9120034,フクイケン,オオノシ,ヨシノチョウ,福井県,大野市,吉野町
9120045,フクイケン,オオノシ,ワカスギチョウ,福井県,大野市,若杉町
9120823,フクイケン,オオノシ,ワラビョウ,福井県,大野市,蕨生
9110000,フクイケン,カツヤマシ,イカニケイサイガナイバアイ,福井県,勝山市,以下に掲載がない場合
9110817,フクイケン,カツヤマシ,アサヒケヤチョウ,福井県,勝山市,旭毛屋町
9110803,フクイケン,カツヤマシ,アサヒマチ,福井県,勝山市,旭町
9110045,フクイケン,カツヤマシ,アラドチョウイナミ,福井県,勝山市,荒土町伊波
9110041,フクイケン,カツヤマシ,アラドチョウキタシンザイケ,福井県,勝山市,荒土町北新在家
9110047,フクイケン,カツヤマシ,アラドチョウキタミヤジ,福井県,勝山市,荒土町北宮地
9110048,フクイケン,カツヤマシ,アラドチョウサカイ,福井県,勝山市,荒土町境
9110041,フクイケン,カツヤマシ,アラドチョウシミズシマ,福井県,勝山市,荒土町清水島
9110048,フクイケン,カツヤマシ,アラドチョウシンドウ,福井県,勝山市,荒土町新道
9110043,フクイケン,カツヤマシ,アラドチョウシンボ,福井県,勝山市,荒土町新保
9110042,フクイケン,カツヤマシ,アラドチョウタナベ,福井県,勝山市,荒土町田名部
9110048,フクイケン,カツヤマシ,アラドチョウトクラ,福井県,勝山市,荒土町戸倉
9110046,フクイケン,カツヤマシ,アラドチョウナカシミズ,福井県,勝山市,荒土町中清水
9110048,フクイケン,カツヤマシ,アラドチョウニシガハラ,福井県,勝山市,荒土町西ケ原
9110041,フクイケン,カツヤマシ,アラドチョウヌノイチ,福井県,勝山市,荒土町布市
9110048,フクイケン,カツヤマシ,アラドチョウベッショ,福井県,勝山市,荒土町別所
9110048,フクイケン,カツヤマシ,アラドチョウホソノ,福井県,勝山市,荒土町細野
9110048,フクイケン,カツヤマシ,アラドチョウホソノグチ,福井県,勝山市,荒土町細野口
9110046,フクイケン,カツヤマシ,アラドチョウホリメ,福井県,勝山市,荒土町堀名
9110046,フクイケン,カツヤマシ,アラドチョウホリメナカシミズ,福井県,勝山市,荒土町堀名中清水
9110044,フクイケン,カツヤマシ,アラドチョウマツガサキ,福井県,勝山市,荒土町松ケ崎
9110042,フクイケン,カツヤマシ,アラドチョウマツタ,福井県,勝山市,荒土町松田
9110045,フクイケン,カツヤマシ,アラドチョウミョウキンジマ,福井県,勝山市,荒土町妙金島
9110812,フクイケン,カツヤマシ,イノ,福井県,勝山市,猪野
9110813,フクイケン,カツヤマシ,イノクチ,福井県,勝山市,猪野口
9110816,フクイケン,カツヤマシ,イノケヤ,福井県,勝山市,猪野毛屋
9110834,フクイケン,カツヤマシ,オソワチョウオオブクロ,福井県,勝山市,遅羽町大袋
9110833,フクイケン,カツヤマシ,オソワチョウキタヤマ,福井県,勝山市,遅羽町北山
9110836,フクイケン,カツヤマシ,オソワチョウシモアライ,福井県,勝山市,遅羽町下荒井
9110834,フクイケン,カツヤマシ,オソワチョウシンドウ,福井県,勝山市,遅羽町新道
9110831,フクイケン,カツヤマシ,オソワチョウチヨダ,福井県,勝山市,遅羽町千代田
9110831,フクイケン,カツヤマシ,オソワチョウナカジマ,福井県,勝山市,遅羽町中島
9110831,フクイケン,カツヤマシ,オソワチョウヒシマ,福井県,勝山市,遅羽町比島
9110835,フクイケン,カツヤマシ,オソワチョウホウキ,福井県,勝山市,遅羽町ほう崎
9110832,フクイケン,カツヤマシ,オソワチョウヨモギ,福井県,勝山市,遅羽町蓬生
9110811,フクイケン,カツヤマシ,カタセ,福井県,勝山市,片瀬
9110811,フクイケン,カツヤマシ,カタセチョウ,福井県,勝山市,片瀬町
9110815,フクイケン,カツヤマシ,カミタカジマ,福井県,勝山市,上高島
9110815,フクイケン,カツヤマシ,キタイチ,福井県,勝山市,北市
9110051,フクイケン,カツヤマシ,キタゴウチョウアラマチ,福井県,勝山市,北郷町新町
9110055,フクイケン,カツヤマシ,キタゴウチョウイジチ,福井県,勝山市,北郷町伊知地
9110055,フクイケン,カツヤマシ,キタゴウチョウイワヤ,福井県,勝山市,北郷町岩屋
9110055,フクイケン,カツヤマシ,キタゴウチョウウワノ,福井県,勝山市,北郷町上野
9110053,フクイケン,カツヤマシ,キタゴウチョウカミモリカワ,福井県,勝山市,北郷町上森川
9110053,フクイケン,カツヤマシ,キタゴウチョウシモモリカワ,福井県,勝山市,北郷町下森川
9110051,フクイケン,カツヤマシ,キタゴウチョウシイワラ,福井県,勝山市,北郷町志比原
9110052,フクイケン,カツヤマシ,キタゴウチョウニシミョウキンジマ,福井県,勝山市,北郷町西妙金島
9110056,フクイケン,カツヤマシ,キタゴウチョウバンドウジマ,福井県,勝山市,北郷町坂東島
9110054,フクイケン,カツヤマシ,キタゴウチョウヒガシノ,福井県,勝山市,北郷町東野
9110051,フクイケン,カツヤマシ,キタゴウチョウヒソダニ,福井県,勝山市,北郷町檜曽谷
9110053,フクイケン,カツヤマシ,キタゴウチョウモリカワ,福井県,勝山市,北郷町森川
9110001,フクイケン,カツヤマシ,キタダニチョウオハラ,福井県,勝山市,北谷町小原
9110004,フクイケン,カツヤマシ,キタダニチョウキタロクロシ,福井県,勝山市,北谷町北六呂師
9110002,フクイケン,カツヤマシ,キタダニチョウキネハシ,福井県,勝山市,北谷町木根橋
9110003,フクイケン,カツヤマシ,キタダニチョウコウゴ,福井県,勝山市,北谷町河合
9110005,フクイケン,カツヤマシ,キタダニチョウスギヤマ,福井県,勝山市,北谷町杉山
9110006,フクイケン,カツヤマシ,キタダニチョウタニ,福井県,勝山市,北谷町谷
9110004,フクイケン,カツヤマシ,キタダニチョウナカオ,福井県,勝山市,北谷町中尾
9110816,フクイケン,カツヤマシ,ケヤ,福井県,勝山市,毛屋
9110816,フクイケン,カツヤマシ,ケヤチョウ,福井県,勝山市,毛屋町
9110035,フクイケン,カツヤマシ,コオリマチ,福井県,勝山市,郡町
9110033,フクイケン,カツヤマシ,サカエマチ,福井県,勝山市,栄町
9110801,フクイケン,カツヤマシ,サワマチ,福井県,勝山市,沢町
9110846,フクイケン,カツヤマシ,シカダニチョウキタニシマタ,福井県,勝山市,鹿谷町北西俣
9110847,フクイケン,カツヤマシ,シカダニチョウサイコウジ,福井県,勝山市,鹿谷町西光寺
9110842,フクイケン,カツヤマシ,シカダニチョウシダ,福井県,勝山市,鹿谷町志田
9110843,フクイケン,カツヤマシ,シカダニチョウスギマタ,福井県,勝山市,鹿谷町杉俣
9110848,フクイケン,カツヤマシ,シカダニチョウデムラ,福井県,勝山市,鹿谷町出村
9110844,フクイケン,カツヤマシ,シカダニチョウヒガシオソワグチ,福井県,勝山市,鹿谷町東遅羽口
9110844,フクイケン,カツヤマシ,シカダニチョウニシオソワグチ,福井県,勝山市,鹿谷町西遅羽口
9110848,フクイケン,カツヤマシ,シカダニチョウホタ,福井県,勝山市,鹿谷町保田
9110848,フクイケン,カツヤマシ,シカダニチョウホタデムラ,福井県,勝山市,鹿谷町保田出村
9110841,フクイケン,カツヤマシ,シカダニチョウホッサカ,福井県,勝山市,鹿谷町発坂
9110843,フクイケン,カツヤマシ,シカダニチョウホンゴウ,福井県,勝山市,鹿谷町本郷
9110845,フクイケン,カツヤマシ,シカダニチョウヤトグチ,福井県,勝山市,鹿谷町矢戸口
9110816,フクイケン,カツヤマシ,シモケヤ,福井県,勝山市,下毛屋
9110815,フクイケン,カツヤマシ,シモタカジマ,福井県,勝山市,下高島
9110802,フクイケン,カツヤマシ,ショウワマチ,福井県,勝山市,昭和町
9110815,フクイケン,カツヤマシ,タカジマ,福井県,勝山市,高島
9110034,フクイケン,カツヤマシ,タキナミチョウ,福井県,勝山市,滝波町
9110805,フクイケン,カツヤマシ,タテカワチョウ,福井県,勝山市,立川町
9110031,フクイケン,カツヤマシ,ナガヤマチョウ,福井県,勝山市,長山町
9110815,フクイケン,カツヤマシ,ニシタカジマ,福井県,勝山市,西高島
9110011,フクイケン,カツヤマシ,ノムキチョウウシガタニ,福井県,勝山市,野向町牛ケ谷
9110017,フクイケン,カツヤマシ,ノムキチョウキタノツマタ,福井県,勝山市,野向町北野津又
9110015,フクイケン,カツヤマシ,ノムキチョウタケバヤシ,福井県,勝山市,野向町竹林
9110014,フクイケン,カツヤマシ,ノムキチョウヒジリマル,福井県,勝山市,野向町聖丸
9110013,フクイケン,カツヤマシ,ノムキチョウフカダニ,福井県,勝山市,野向町深谷
9110012,フクイケン,カツヤマシ,ノムキチョウヤクシガミヤ,福井県,勝山市,野向町薬師神谷
9110017,フクイケン,カツヤマシ,ノムキチョウヨコクラ,福井県,勝山市,野向町横倉
9110016,フクイケン,カツヤマシ,ノムキチョウリュウダニ,福井県,勝山市,野向町龍谷
9110823,フクイケン,カツヤマシ,ヘイセンジチョウアカオ,福井県,勝山市,平泉寺町赤尾
9110824,フクイケン,カツヤマシ,ヘイセンジチョウイケガハラ,福井県,勝山市,平泉寺町池ケ原
9110825,フクイケン,カツヤマシ,ヘイセンジチョウイワガノ,福井県,勝山市,平泉寺町岩ケ野
9110825,フクイケン,カツヤマシ,ヘイセンジチョウウエノ,福井県,勝山市,平泉寺町上野
9110824,フクイケン,カツヤマシ,ヘイセンジチョウオオヤダニ,福井県,勝山市,平泉寺町大矢谷
9110828,フクイケン,カツヤマシ,ヘイセンジチョウオオワタリ,福井県,勝山市,平泉寺町大渡
9110821,フクイケン,カツヤマシ,ヘイセンジチョウオカヨコエ,福井県,勝山市,平泉寺町岡横江
9110826,フクイケン,カツヤマシ,ヘイセンジチョウカベクラ,福井県,勝山市,平泉寺町壁倉
9110828,フクイケン,カツヤマシ,ヘイセンジチョウキョウヅカ,福井県,勝山市,平泉寺町経塚
9110824,フクイケン,カツヤマシ,ヘイセンジチョウコヤダニ,福井県,勝山市,平泉寺町小矢谷
9110827,フクイケン,カツヤマシ,ヘイセンジチョウササオ,福井県,勝山市,平泉寺町笹尾
9110822,フクイケン,カツヤマシ,ヘイセンジチョウシンノ,福井県,勝山市,平泉寺町神野
9110822,フクイケン,カツヤマシ,ヘイセンジチョウヘイセンジ,福井県,勝山市,平泉寺町平泉寺
9110806,フクイケン,カツヤマシ,ホンマチ,福井県,勝山市,本町
9110022,フクイケン,カツヤマシ,ムロコチョウクレミ,福井県,勝山市,村岡町暮見
9110026,フクイケン,カツヤマシ,ムロコチョウクロハラ,福井県,勝山市,村岡町黒原
9110025,フクイケン,カツヤマシ,ムロコチョウゴホンジ,福井県,勝山市,村岡町五本寺
9110024,フクイケン,カツヤマシ,ムロコチョウジョウドジ,福井県,勝山市,村岡町浄土寺
9110023,フクイケン,カツヤマシ,ムロコチョウテラオ,福井県,勝山市,村岡町寺尾
9110021,フクイケン,カツヤマシ,ムロコチョウトチガミヤ,福井県,勝山市,村岡町栃神谷
9110804,フクイケン,カツヤマシ,モトマチ,福井県,勝山市,元町
9110022,フクイケン,カツヤマシ,ヨシノガハラ,福井県,勝山市,芳野ケ原
9110032,フクイケン,カツヤマシ,ヨシノチョウ,福井県,勝山市,芳野町
9110814,フクイケン,カツヤマシ,ワカイノ,福井県,勝山市,若猪野
9160000,フクイケン,サバエシ,イカニケイサイガナイバアイ,福井県,鯖江市,以下に掲載がない場合
9160025,フクイケン,サバエシ,アサヒマチ,福井県,鯖江市,旭町
9161224,フクイケン,サバエシ,アゾウダチョウ,福井県,鯖江市,莇生田町
9160057,フクイケン,サバエシ,アリサダチョウ,福井県,鯖江市,有定町
9160083,フクイケン,サバエシ,イシダカミチョウ,福井県,鯖江市,石田上町
9160082,フクイケン,サバエシ,イシダナカチョウ,福井県,鯖江市,石田中町
9160081,フクイケン,サバエシ,イシダシモチョウ,福井県,鯖江市,石田下町
9160076,フクイケン,サバエシ,イショウダニチョウ,福井県,鯖江市,石生谷町
9161114,フクイケン,サバエシ,イソベチョウ,福井県,鯖江市,磯部町
9160008,フクイケン,サバエシ,イリチョウ,福井県,鯖江市,入町
9160075,フクイケン,サバエシ,ウルシハラチョウ,福井県,鯖江市,漆原町
9160085,フクイケン,サバエシ,オオクラチョウ,福井県,鯖江市,大倉町
9161102,フクイケン,サバエシ,オオノチョウ,福井県,鯖江市,大野町
9161115,フクイケン,サバエシ,オチイチョウ,福井県,鯖江市,落井町
9161104,フクイケン,サバエシ,オツサカコンボクチョウ,福井県,鯖江市,乙坂今北町
9161233,フクイケン,サバエシ,オバナチョウ,福井県,鯖江市,尾花町
9161223,フクイケン,サバエシ,カタヤマチョウ,福井県,鯖江市,片山町
9161231,フクイケン,サバエシ,カナダニチョウ,福井県,鯖江市,金谷町
9160066,フクイケン,サバエシ,カミウズエチョウ,福井県,鯖江市,上氏家町
9161235,フクイケン,サバエシ,カミコウチチョウ,福井県,鯖江市,上河内町
9160037,フクイケン,サバエシ,カミコウバタチョウ,福井県,鯖江市,上河端町
9160055,フクイケン,サバエシ,カミサバエ,福井県,鯖江市,上鯖江
9160055,フクイケン,サバエシ,カミサバエチョウ,福井県,鯖江市,上鯖江町
9161111,フクイケン,サバエシ,カミトノクチチョウ,福井県,鯖江市,上戸口町
9160016,フクイケン,サバエシ,カミナカチョウ,福井県,鯖江市,神中町
9160074,フクイケン,サバエシ,カミノダチョウ,福井県,鯖江市,上野田町
9160088,フクイケン,サバエシ,カワサリチョウ,福井県,鯖江市,川去町
9161116,フクイケン,サバエシ,カワシマチョウ,福井県,鯖江市,川島町
9161222,フクイケン,サバエシ,カワダチョウ,福井県,鯖江市,河和田町
9161237,フクイケン,サバエシ,キタナカチョウ,福井県,鯖江市,北中町
9160029,フクイケン,サバエシ,キタノチョウ,福井県,鯖江市,北野町
9160062,フクイケン,サバエシ,クマダチョウ,福井県,鯖江市,熊田町
9160064,フクイケン,サバエシ,ゲシチョウ,福井県,鯖江市,下司町
9160084,フクイケン,サバエシ,コイズミチョウ,福井県,鯖江市,小泉町
9160028,フクイケン,サバエシ,コグロマチ,福井県,鯖江市,小黒町
9160044,フクイケン,サバエシ,ゴロウマルチョウ,福井県,鯖江市,五郎丸町
9160018,フクイケン,サバエシ,サイワイチョウ,福井県,鯖江市,幸町
9160027,フクイケン,サバエシ,サクラマチ,福井県,鯖江市,桜町
9160043,フクイケン,サバエシ,サダツギチョウ,福井県,鯖江市,定次町
9161234,フクイケン,サバエシ,サワチョウ,福井県,鯖江市,沢町
9160021,フクイケン,サバエシ,サンロクチョウ,福井県,鯖江市,三六町
9161232,フクイケン,サバエシ,ジチュウチョウ,福井県,鯖江市,寺中町
9161106,フクイケン,サバエシ,シホウダニチョウ,福井県,鯖江市,四方谷町
9160071,フクイケン,サバエシ,ジミョウジチョウ,福井県,鯖江市,持明寺町
9160067,フクイケン,サバエシ,シモウズエチョウ,福井県,鯖江市,下氏家町
9160038,フクイケン,サバエシ,シモコウバタチョウ,福井県,鯖江市,下河端町
9160034,フクイケン,サバエシ,シモシンジョウチョウ,福井県,鯖江市,下新庄町
9160073,フクイケン,サバエシ,シモノダチョウ,福井県,鯖江市,下野田町
9160035,フクイケン,サバエシ,シンマチ,福井県,鯖江市,新町
9160017,フクイケン,サバエシ,シンメイチョウ,福井県,鯖江市,神明町
9160042,フクイケン,サバエシ,シンヨコエ,福井県,鯖江市,新横江
9160005,フクイケン,サバエシ,スギモトチョウ,福井県,鯖江市,杉本町
9160056,フクイケン,サバエシ,スミヨシチョウ,福井県,鯖江市,住吉町
9161101,フクイケン,サバエシ,ダイショウジチョウ,福井県,鯖江市,大正寺町
9160004,フクイケン,サバエシ,タダスチョウ,福井県,鯖江市,糺町
9160003,フクイケン,サバエシ,タドコロチョウ,福井県,鯖江市,田所町
9160087,フクイケン,サバエシ,タムラチョウ,福井県,鯖江市,田村町
9160024,フクイケン,サバエシ,チョウセンジチョウ,福井県,鯖江市,長泉寺町
9160011,フクイケン,サバエシ,ツツジガオカチョウ,福井県,鯖江市,つつじケ丘町
9160065,フクイケン,サバエシ,トウデチョウ,福井県,鯖江市,当田町
9161113,フクイケン,サバエシ,トノクチチョウ,福井県,鯖江市,戸口町
9160013,フクイケン,サバエシ,トバ,福井県,鯖江市,鳥羽
9160014,フクイケン,サバエシ,トバチョウ,福井県,鯖江市,鳥羽町
9160063,フクイケン,サバエシ,トリイチョウ,福井県,鯖江市,鳥井町
9161107,フクイケン,サバエシ,ナオイチョウ,福井県,鯖江市,南井町
9161112,フクイケン,サバエシ,ナカトノクチチョウ,福井県,鯖江市,中戸口町
9160033,フクイケン,サバエシ,ナカノチョウ,福井県,鯖江市,中野町
9161133,フクイケン,サバエシ,ナカノマツナリ,福井県,鯖江市,中野松成
9160078,フクイケン,サバエシ,ニシオオイチョウ,福井県,鯖江市,西大井町
9160006,フクイケン,サバエシ,ニシバンチョウ,福井県,鯖江市,西番町
9161221,フクイケン,サバエシ,ニシブクロチョウ,福井県,鯖江市,西袋町
9160023,フクイケン,サバエシ,ニシヤマチョウ,福井県,鯖江市,西山町
9160068,フクイケン,サバエシ,ニチョガケチョウ,福井県,鯖江市,二丁掛町
9160031,フクイケン,サバエシ,ハシタテチョウ,福井県,鯖江市,橋立町
9160041,フクイケン,サバエシ,ヒガシサバエ,福井県,鯖江市,東鯖江
9161236,フクイケン,サバエシ,ヒガシシミズチョウ,福井県,鯖江市,東清水町
9160012,フクイケン,サバエシ,ヒガシヨネオカ,福井県,鯖江市,東米岡
9160053,フクイケン,サバエシ,ヒノデチョウ,福井県,鯖江市,日の出町
9160061,フクイケン,サバエシ,ヒライチョウ,福井県,鯖江市,平井町
9160052,フクイケン,サバエシ,フカエチョウ,福井県,鯖江市,深江町
9160072,フクイケン,サバエシ,フジマチョウ,福井県,鯖江市,冬島町
9160032,フクイケン,サバエシ,フナエダチョウ,福井県,鯖江市,舟枝町
9160054,フクイケン,サバエシ,フナツチョウ,福井県,鯖江市,舟津町
9161225,フクイケン,サバエシ,ベッシチョウ,福井県,鯖江市,別司町
9161103,フクイケン,サバエシ,ベッショチョウ,福井県,鯖江市,別所町
9160026,フクイケン,サバエシ,ホンマチ,福井県,鯖江市,本町
9161118,フクイケン,サバエシ,マツナリチョウ,福井県,鯖江市,松成町
9160019,フクイケン,サバエシ,マルヤマチョウ,福井県,鯖江市,丸山町
9160007,フクイケン,サバエシ,ミオノシュツサクチョウ,福井県,鯖江市,三尾野出作町
9160022,フクイケン,サバエシ,ミズオチチョウ,福井県,鯖江市,水落町
9160045,フクイケン,サバエシ,ミヤマエ,福井県,鯖江市,宮前
9160015,フクイケン,サバエシ,ミユキチョウ,福井県,鯖江市,御幸町
9160051,フクイケン,サバエシ,ヤカタチョウ,福井県,鯖江市,屋形町
9160047,フクイケン,サバエシ,ヤナギマチ,福井県,鯖江市,柳町
9160046,フクイケン,サバエシ,ヨコエチョウ,福井県,鯖江市,横江町
9160036,フクイケン,サバエシ,ヨコゴシチョウ,福井県,鯖江市,横越町
9160001,フクイケン,サバエシ,ヨシエチョウ,福井県,鯖江市,吉江町
9161105,フクイケン,サバエシ,ヨシタニチョウ,福井県,鯖江市,吉谷町
9160086,フクイケン,サバエシ,ヨシダチョウ,福井県,鯖江市,吉田町
9160002,フクイケン,サバエシ,ヨネオカチョウ,福井県,鯖江市,米岡町
9160077,フクイケン,サバエシ,ワダチョウ,福井県,鯖江市,和田町
9190600,フクイケン,アワラシ,イカニケイサイガナイバアイ,福井県,あわら市,以下に掲載がない場合
9190814,フクイケン,アワラシ,アオノキ,福井県,あわら市,青ノ木
9104273,フクイケン,アワラシ,アカオ,福井県,あわら市,赤尾
9104102,フクイケン,アワラシ,アシヅル,福井県,あわら市,芦鶴
9190614,フクイケン,アワラシ,イイ,福井県,あわら市,伊井
9104112,フクイケン,アワラシ,イエヨシ,福井県,あわら市,井江葭
9190615,フクイケン,アワラシ,イケグチ,福井県,あわら市,池口
9190621,フクイケン,アワラシ,イチヒメ,福井県,あわら市,市姫
9190623,フクイケン,アワラシ,イナゴエ,福井県,あわら市,稲越
9190721,フクイケン,アワラシ,ウシノヤ,福井県,あわら市,牛ノ谷
9104111,フクイケン,アワラシ,ウシヤマ,福井県,あわら市,牛山
9190735,フクイケン,アワラシ,ウシロヤマ,福井県,あわら市,後山
9190722,フクイケン,アワラシ,ウネイチノノ,福井県,あわら市,畝市野々
9190742,フクイケン,アワラシ,ウリュウ,福井県,あわら市,瓜生
9190724,フクイケン,アワラシ,ウワノ,福井県,あわら市,上野
9190628,フクイケン,アワラシ,オオミゾ,福井県,あわら市,大溝
9104104,フクイケン,アワラシ,オンセン,福井県,あわら市,温泉
9190812,フクイケン,アワラシ,カキバラ,福井県,あわら市,柿原
9190732,フクイケン,アワラシ,カマダニ,福井県,あわら市,鎌谷
9104134,フクイケン,アワラシ,カミバン,福井県,あわら市,上番
9190616,フクイケン,アワラシ,カワライデ,福井県,あわら市,河原井手
9190749,フクイケン,アワラシ,キタ,福井県,あわら市,北
9104272,フクイケン,アワラシ,キタガタ,福井県,あわら市,北潟
9190634,フクイケン,アワラシ,キタカナヅ,福井県,あわら市,北金津
9190748,フクイケン,アワラシ,キタノ,福井県,あわら市,北野
9190744,フクイケン,アワラシ,キタヒキダ,福井県,あわら市,北疋田
9104146,フクイケン,アワラシ,キタホンドウ,福井県,あわら市,北本堂
9190733,フクイケン,アワラシ,キヨタキ,福井県,あわら市,清滝
9104115,フクイケン,アワラシ,クニカゲ,福井県,あわら市,国影
9190736,フクイケン,アワラシ,クヌギ,福井県,あわら市,椚
9190723,フクイケン,アワラシ,クマサカ,福井県,あわら市,熊坂
9104147,フクイケン,アワラシ,クモン,福井県,あわら市,公文
9190612,フクイケン,アワラシ,クワバラ,福井県,あわら市,桑原
9104142,フクイケン,アワラシ,コウマ,福井県,あわら市,河間
9190737,フクイケン,アワラシ,ゴンゼ,福井県,あわら市,権世
9190731,フクイケン,アワラシ,ゴンゼイチノノ,福井県,あわら市,権世市野々
9190817,フクイケン,アワラシ,サカグチ,福井県,あわら市,坂口
9190726,フクイケン,アワラシ,ササオカ,福井県,あわら市,笹岡
9190804,フクイケン,アワラシ,サワ,福井県,あわら市,沢
9104122,フクイケン,アワラシ,シゲヨシ,福井県,あわら市,重義
9190727,フクイケン,アワラシ,シモカナヤ,福井県,あわら市,下金屋
9104138,フクイケン,アワラシ,シモバン,福井県,あわら市,下番
9190604,フクイケン,アワラシ,ジユウガオカ,福井県,あわら市,自由ケ丘
9104276,フクイケン,アワラシ,ジュウソウ（ジョウ）,福井県,あわら市,十三（城）
9104276,フクイケン,アワラシ,ジョウ,福井県,あわら市,城
9104275,フクイケン,アワラシ,ジョウシンデン,福井県,あわら市,城新田
9190745,フクイケン,アワラシ,ジロウマル,福井県,あわら市,次郎丸
9190602,フクイケン,アワラシ,スガノ,福井県,あわら市,菅野
9104145,フクイケン,アワラシ,スミヤ,福井県,あわら市,角屋
9190815,フクイケン,アワラシ,セイオウ,福井県,あわら市,清王
9190611,フクイケン,アワラシ,セイマ,福井県,あわら市,清間
9190631,フクイケン,アワラシ,タカツカ,福井県,あわら市,高塚
9190805,フクイケン,アワラシ,タキ,福井県,あわら市,滝
9104124,フクイケン,アワラシ,タナカナカ,福井県,あわら市,田中々
9104141,フクイケン,アワラシ,タマキ,福井県,あわら市,玉木
9104132,フクイケン,アワラシ,タンバク,福井県,あわら市,谷畠
9104131,フクイケン,アワラシ,トウゼンジ,福井県,あわら市,東善寺
9104133,フクイケン,アワラシ,トドロキ,福井県,あわら市,轟木
9104272,フクイケン,アワラシ,トミツ（キタガタ）,福井県,あわら市,富津（北潟）
9190741,フクイケン,アワラシ,ナカガワ,福井県,あわら市,中川
9104144,フクイケン,アワラシ,ナカノハマ,福井県,あわら市,中浜
9104137,フクイケン,アワラシ,ナカバン,福井県,あわら市,中番
9104277,フクイケン,アワラシ,ナミマツ,福井県,あわら市,波松
9104127,フクイケン,アワラシ,ニシオンセン,福井県,あわら市,西温泉
9104126,フクイケン,アワラシ,ヌノメ,福井県,あわら市,布目
9190802,フクイケン,アワラシ,ハシヤ,福井県,あわら市,橋屋
9190811,フクイケン,アワラシ,ハスガウラ,福井県,あわら市,蓮ケ浦
9190633,フクイケン,アワラシ,ハナノモリ,福井県,あわら市,花乃杜
9104271,フクイケン,アワラシ,ハマサカ,福井県,あわら市,浜坂
9190632,フクイケン,アワラシ,ハルミヤ,福井県,あわら市,春宮
9104123,フクイケン,アワラシ,バンデン,福井県,あわら市,番田
9104274,フクイケン,アワラシ,バンドノ,福井県,あわら市,番堂野
9104121,フクイケン,アワラシ,ヒガシオンセン,福井県,あわら市,東温泉
9190746,フクイケン,アワラシ,ヒガシタナカ,福井県,あわら市,東田中
9190734,フクイケン,アワラシ,ヒガシヤマ,福井県,あわら市,東山
9190803,フクイケン,アワラシ,ヒヤマ,福井県,あわら市,樋山
9104103,フクイケン,アワラシ,フタオモテ,福井県,あわら市,二面
9104105,フクイケン,アワラシ,フナツ,福井県,あわら市,舟津
9190613,フクイケン,アワラシ,フルヤイシヅカ,福井県,あわら市,古屋石塚
9190801,フクイケン,アワラシ,ホソロギ,福井県,あわら市,細呂木
9104125,フクイケン,アワラシ,ホリエジュウラク,福井県,あわら市,堀江十楽
9190725,フクイケン,アワラシ,マエダニ,福井県,あわら市,前谷
9190747,フクイケン,アワラシ,ミスノオ,福井県,あわら市,御簾尾
9190743,フクイケン,アワラシ,ミナミヒキダ,福井県,あわら市,南疋田
9190806,フクイケン,アワラシ,ミヤダニ,福井県,あわら市,宮谷
9104147,フクイケン,アワラシ,ミヤマエ,福井県,あわら市,宮前
9190603,フクイケン,アワラシ,ヤチ,福井県,あわら市,矢地
9190813,フクイケン,アワラシ,ヤマサイホウジ,福井県,あわら市,山西方寺
9190816,フクイケン,アワラシ,ヤマジュウラク,福井県,あわら市,山十楽
9190601,フクイケン,アワラシ,ヤマムロ,福井県,あわら市,山室
9190807,フクイケン,アワラシ,ユビナカ,福井県,あわら市,指中
9104113,フクイケン,アワラシ,ヨコガキ,福井県,あわら市,横垣
9220679,フクイケン,アワラシ,ヨシザキ,福井県,あわら市,吉崎
9150000,フクイケン,エチゼンシ,イカニケイサイガナイバアイ,福井県,越前市,以下に掲載がない場合
9150202,フクイケン,エチゼンシ,アイノキチョウ,福井県,越前市,相木町
9150064,フクイケン,エチゼンシ,アオバチョウ,福井県,越前市,あおば町
9150256,フクイケン,エチゼンシ,アカサカチョウ,福井県,越前市,赤坂町
9150214,フクイケン,エチゼンシ,アカタニチョウ,福井県,越前市,赤谷町
9150025,フクイケン,エチゼンシ,アジマノチョウ,福井県,越前市,味真野町
9150069,フクイケン,エチゼンシ,アヅマチョウ,福井県,越前市,吾妻町
9150045,フクイケン,エチゼンシ,アラタニチョウ,福井県,越前市,荒谷町
9150242,フクイケン,エチゼンシ,アワタベチョウ,福井県,越前市,粟田部町
9150241,フクイケン,エチゼンシ,アワタベチョウチュウオウ,福井県,越前市,粟田部町中央
9151242,フクイケン,エチゼンシ,アワノチョウ,福井県,越前市,粟野町
9151201,フクイケン,エチゼンシ,アンヨウジチョウ,福井県,越前市,安養寺町
9150801,フクイケン,エチゼンシ,イエヒサチョウ,福井県,越前市,家久町
9150023,フクイケン,エチゼンシ,イケイズミチョウ,福井県,越前市,池泉町
9150873,フクイケン,エチゼンシ,イケノカミチョウ,福井県,越前市,池ノ上町
9150216,フクイケン,エチゼンシ,イチノノチョウ,福井県,越前市,市野々町
9150095,フクイケン,エチゼンシ,イナヨセチョウ,福井県,越前市,稲寄町
9150861,フクイケン,エチゼンシ,イマジュクチョウ,福井県,越前市,今宿町
9150035,フクイケン,エチゼンシ,イリタニチョウ,福井県,越前市,入谷町
9150016,フクイケン,エチゼンシ,イワウチチョウ,福井県,越前市,岩内町
9150233,フクイケン,エチゼンシ,イワモトチョウ,福井県,越前市,岩本町
9150096,フクイケン,エチゼンシ,ウリュウチョウ,福井県,越前市,瓜生町
9150865,フクイケン,エチゼンシ,ウリュウノチョウ,福井県,越前市,瓜生野町
9150235,フクイケン,エチゼンシ,オイズチョウ,福井県,越前市,不老町
9150863,フクイケン,エチゼンシ,オオシオチョウ,福井県,越前市,大塩町
9150234,フクイケン,エチゼンシ,オオタキチョウ,福井県,越前市,大滝町
9150218,フクイケン,エチゼンシ,オオタニチョウ,福井県,越前市,大谷町
9150015,フクイケン,エチゼンシ,オオデチョウ,福井県,越前市,大手町
9150228,フクイケン,エチゼンシ,オオヒラチョウ,福井県,越前市,大平町
9150885,フクイケン,エチゼンシ,オオムシチョウ,福井県,越前市,大虫町
9150884,フクイケン,エチゼンシ,オオムシホンチョウ,福井県,越前市,大虫本町
9150042,フクイケン,エチゼンシ,オオヤチョウ,福井県,越前市,大屋町
9150835,フクイケン,エチゼンシ,オカモトチョウ,福井県,越前市,岡本町
9150083,フクイケン,エチゼンシ,オシダ,福井県,越前市,押田
9150054,フクイケン,エチゼンシ,オノダニチョウ,福井県,越前市,小野谷町
9150877,フクイケン,エチゼンシ,カスガノチョウ,福井県,越前市,春日野町
9150893,フクイケン,エチゼンシ,カタヤチョウ,福井県,越前市,片屋町
9150812,フクイケン,エチゼンシ,カツラチョウ,福井県,越前市,桂町
9150011,フクイケン,エチゼンシ,カナヤチョウ,福井県,越前市,金屋町
9150882,フクイケン,エチゼンシ,カミオオダチョウ,福井県,越前市,上太田町
9150024,フクイケン,エチゼンシ,カミオオツボチョウ,福井県,越前市,上大坪町
9150864,フクイケン,エチゼンシ,カミコマツチョウ,福井県,越前市,上小松町
9150886,フクイケン,エチゼンシ,カミシメチョウ,福井県,越前市,上四目町
9151203,フクイケン,エチゼンシ,カミスギモトチョウ,福井県,越前市,上杉本町
9150011,フクイケン,エチゼンシ,カミマカラチョウ,福井県,越前市,上真柄町
9150013,フクイケン,エチゼンシ,カミマカラミヤダニイリアイチ,福井県,越前市,上真柄宮谷入会地
9150037,フクイケン,エチゼンシ,カヤダニチョウ,福井県,越前市,萱谷町
9150021,フクイケン,エチゼンシ,キタオヤマチョウ,福井県,越前市,北小山町
9150802,フクイケン,エチゼンシ,キタゴ,福井県,越前市,北府
9150802,フクイケン,エチゼンシ,キタゴホンマチ,福井県,越前市,北府本町
9150219,フクイケン,エチゼンシ,キタサカシタチョウ,福井県,越前市,北坂下町
9150834,フクイケン,エチゼンシ,キタセンプクチョウ,福井県,越前市,北千福町
9150004,フクイケン,エチゼンシ,キタチョウ,福井県,越前市,北町
9150897,フクイケン,エチゼンシ,キタヤマチョウ,福井県,越前市,北山町
9150813,フクイケン,エチゼンシ,キョウマチ,福井県,越前市,京町
9150203,フクイケン,エチゼンシ,キヨネチョウ,福井県,越前市,清根町
9150041,フクイケン,エチゼンシ,クズオカチョウ,福井県,越前市,葛岡町
9150261,フクイケン,エチゼンシ,クダシチョウ,福井県,越前市,朽飯町
9150862,フクイケン,エチゼンシ,クニカネチョウ,福井県,越前市,国兼町
9150082,フクイケン,エチゼンシ,クニタカ,福井県,越前市,国高
9150254,フクイケン,エチゼンシ,クニナカチョウ,福井県,越前市,国中町
9151202,フクイケン,エチゼンシ,クロカワチョウ,福井県,越前市,黒川町
9151221,フクイケン,エチゼンシ,コウトウガハラチョウ,福井県,越前市,勾当原町
9150874,フクイケン,エチゼンシ,コウヨウチョウ,福井県,越前市,向陽町
9150076,フクイケン,エチゼンシ,コクフ,福井県,越前市,国府
9151243,フクイケン,エチゼンシ,コスギチョウ,福井県,越前市,小杉町
9151234,フクイケン,エチゼンシ,コダニチョウ,福井県,越前市,小谷町
9151215,フクイケン,エチゼンシ,コノチョウ,福井県,越前市,小野町
9150026,フクイケン,エチゼンシ,ゴブイチチョウ,福井県,越前市,五分市町
9150816,フクイケン,エチゼンシ,コマツ,福井県,越前市,小松
9151212,フクイケン,エチゼンシ,コメグチチョウ,福井県,越前市,米口町
9150075,フクイケン,エチゼンシ,サイワイチョウ,福井県,越前市,幸町
9150231,フクイケン,エチゼンシ,サダトモチョウ,福井県,越前市,定友町
9150833,フクイケン,エチゼンシ,サワチョウ,福井県,越前市,沢町
9150805,フクイケン,エチゼンシ,シバハラ,福井県,越前市,芝原
9150223,フクイケン,エチゼンシ,シマチョウ,福井県,越前市,島町
9150012,フクイケン,エチゼンシ,シミズガシラチョウ,福井県,越前市,清水頭町
9150881,フクイケン,エチゼンシ,シモオオダチョウ,福井県,越前市,下太田町
9150887,フクイケン,エチゼンシ,シモシメチョウ,福井県,越前市,下四目町
9151222,フクイケン,エチゼンシ,シモナカツハラチョウ,福井県,越前市,下中津原町
9150855,フクイケン,エチゼンシ,シモヒラブキチョウ,福井県,越前市,下平吹町
9151224,フクイケン,エチゼンシ,シモベッシヨチョウ,福井県,越前市,下別所町
9150093,フクイケン,エチゼンシ,ショウチョウ,福井県,越前市,庄町
9150043,フクイケン,エチゼンシ,ショウデンチョウ,福井県,越前市,庄田町
9151233,フクイケン,エチゼンシ,ショウブダニチョウ,福井県,越前市,菖蒲谷町
9151214,フクイケン,エチゼンシ,ショウレンゲチョウ,福井県,越前市,勝蓮花町
9150857,フクイケン,エチゼンシ,シロウマルチョウ,福井県,越前市,四郎丸町
9150876,フクイケン,エチゼンシ,シロサキチョウ,福井県,越前市,白崎町
9150232,フクイケン,エチゼンシ,シンザイケチョウ,福井県,越前市,新在家町
9150883,フクイケン,エチゼンシ,シンチョウ,福井県,越前市,新町
9150255,フクイケン,エチゼンシ,シンドウチョウ,福井県,越前市,新堂町
9150804,フクイケン,エチゼンシ,シンボ,福井県,越前市,新保
9150804,フクイケン,エチゼンシ,シンボチョウ,福井県,越前市,新保町
9150066,フクイケン,エチゼンシ,シンメイチョウ,福井県,越前市,神明町
9150221,フクイケン,エチゼンシ,スギオチョウ,福井県,越前市,杉尾町
9150006,フクイケン,エチゼンシ,スギサキチョウ,福井県,越前市,杉崎町
9151235,フクイケン,エチゼンシ,スゲチョウ,福井県,越前市,菅町
9150067,フクイケン,エチゼンシ,スミヨシチョウ,福井県,越前市,住吉町
9151231,フクイケン,エチゼンシ,センゴウダニチョウ,福井県,越前市,千合谷町
9150846,フクイケン,エチゼンシ,センプクチョウ,福井県,越前市,千福町
9151241,フクイケン,エチゼンシ,ソハラチョウ,福井県,越前市,曽原町
9150262,フクイケン,エチゼンシ,タカオカチョウ,福井県,越前市,高岡町
9150091,フクイケン,エチゼンシ,タカギチョウ,福井県,越前市,高木町
9150832,フクイケン,エチゼンシ,タカセ,福井県,越前市,高瀬
9150888,フクイケン,エチゼンシ,タカモリチョウ,福井県,越前市,高森町
9150824,フクイケン,エチゼンシ,タケフヤナギチョウ,福井県,越前市,武生柳町
9150243,フクイケン,エチゼンシ,チハラチョウ,福井県,越前市,千原町
9150814,フクイケン,エチゼンシ,チュウオウ,福井県,越前市,中央
9150223,フクイケン,エチゼンシ,チョウゴチョウ,福井県,越前市,長五町
9150092,フクイケン,エチゼンシ,ツカチョウ,福井県,越前市,塚町
9150875,フクイケン,エチゼンシ,ツカバラチョウ,福井県,越前市,塚原町
9150843,フクイケン,エチゼンシ,ツキミチョウ,福井県,越前市,月見町
9151234,フクイケン,エチゼンシ,ツチヤマチョウ,福井県,越前市,土山町
9150842,フクイケン,エチゼンシ,ツネヒサチョウ,福井県,越前市,常久町
9150204,フクイケン,エチゼンシ,テラジチョウ,福井県,越前市,寺地町
9150068,フクイケン,エチゼンシ,テンノウチョウ,福井県,越前市,天王町
9150003,フクイケン,エチゼンシ,トタニチョウ,福井県,越前市,戸谷町
9150222,フクイケン,エチゼンシ,トドロイチョウ,福井県,越前市,轟井町
9150219,フクイケン,エチゼンシ,トノチョウ,福井県,越前市,殿町
9151204,フクイケン,エチゼンシ,トベチョウ,福井県,越前市,都辺町
9150053,フクイケン,エチゼンシ,トンヤマチ,福井県,越前市,問屋町
9150034,フクイケン,エチゼンシ,ナカイチョウ,福井県,越前市,中居町
9150227,フクイケン,エチゼンシ,ナカインチョウ,福井県,越前市,中印町
9150002,フクイケン,エチゼンシ,ナガオチョウ,福井県,越前市,長尾町
9150001,フクイケン,エチゼンシ,ナカシンジョウチョウ,福井県,越前市,中新庄町
9150212,フクイケン,エチゼンシ,ナガタニチョウ,福井県,越前市,長谷町
9151223,フクイケン,エチゼンシ,ナカツハラチョウ,福井県,越前市,中津原町
9150253,フクイケン,エチゼンシ,ナカツヤマチョウ,福井県,越前市,中津山町
9150097,フクイケン,エチゼンシ,ナガトロチョウ,福井県,越前市,長土呂町
9151246,フクイケン,エチゼンシ,ナカノチョウ,福井県,越前市,中野町
9150856,フクイケン,エチゼンシ,ナカヒラブキチョウ,福井県,越前市,中平吹町
9150265,フクイケン,エチゼンシ,ナカヤマ,福井県,越前市,仲山
9151226,フクイケン,エチゼンシ,ナカヤマチョウ,福井県,越前市,中山町
9150205,フクイケン,エチゼンシ,ナミガキチョウ,福井県,越前市,波垣町
9150851,フクイケン,エチゼンシ,ナワテチョウ,福井県,越前市,畷町
9151232,フクイケン,エチゼンシ,ニカイドウチョウ,福井県,越前市,二階堂町
9150014,フクイケン,エチゼンシ,ニシオチョウ,福井県,越前市,西尾町
9150244,フクイケン,エチゼンシ,ニシカシオチョウ,福井県,越前市,西樫尾町
9150073,フクイケン,エチゼンシ,ニシキチョウ,福井県,越前市,錦町
9150201,フクイケン,エチゼンシ,ニシコウチチョウ,福井県,越前市,西河内町
9150252,フクイケン,エチゼンシ,ニシショウザカイチョウ,福井県,越前市,西庄境町
9150046,フクイケン,エチゼンシ,ニシタニチョウ,福井県,越前市,西谷町
9150894,フクイケン,エチゼンシ,ニュウノゴウチョウ,福井県,越前市,丹生郷町
9150264,フクイケン,エチゼンシ,ノオカチョウ,福井県,越前市,野岡町
9150836,フクイケン,エチゼンシ,ノガミマチ,福井県,越前市,野上町
9151205,フクイケン,エチゼンシ,ハギワラチョウ,福井県,越前市,萩原町
9150891,フクイケン,エチゼンシ,ハグリチョウ,福井県,越前市,余田町
9150081,フクイケン,エチゼンシ,バジョウメチョウ,福井県,越前市,馬上免町
9150055,フクイケン,エチゼンシ,ハタチョウ,福井県,越前市,畑町
9150224,フクイケン,エチゼンシ,ハチコクチョウ,福井県,越前市,八石町
9150085,フクイケン,エチゼンシ,ハチマン,福井県,越前市,八幡
9150206,フクイケン,エチゼンシ,ハルヤマチョウ,福井県,越前市,春山町
9150072,フクイケン,エチゼンシ,バンダイチョウ,福井県,越前市,万代町
9150032,フクイケン,エチゼンシ,ヒオダニチョウ,福井県,越前市,檜尾谷町
9150207,フクイケン,エチゼンシ,ヒガシカシオチョウ,福井県,越前市,東樫尾町
9150251,フクイケン,エチゼンシ,ヒガシショウザカイチョウ,福井県,越前市,東庄境町
9150847,フクイケン,エチゼンシ,ヒガシセンプクチョウ,福井県,越前市,東千福町
9150892,フクイケン,エチゼンシ,ヒサカチョウ,福井県,越前市,氷坂町
9150831,フクイケン,エチゼンシ,ヒノミ,福井県,越前市,日野美
9150062,フクイケン,エチゼンシ,ヒメカワ,福井県,越前市,姫川
9150803,フクイケン,エチゼンシ,ヒライデ,福井県,越前市,平出
9150044,フクイケン,エチゼンシ,ヒラバヤシチョウ,福井県,越前市,平林町
9150872,フクイケン,エチゼンシ,ヒロセチョウ,福井県,越前市,広瀬町
9150815,フクイケン,エチゼンシ,フカクサ,福井県,越前市,深草
9150209,フクイケン,エチゼンシ,フジノキチョウ,福井県,越前市,藤木町
9150854,フクイケン,エチゼンシ,フジミガオカ,福井県,越前市,富士見が丘
9150071,フクイケン,エチゼンシ,フチュウ,福井県,越前市,府中
9150036,フクイケン,エチゼンシ,フムロチョウ,福井県,越前市,文室町
9150841,フクイケン,エチゼンシ,ブンキョウ,福井県,越前市,文京
9150827,フクイケン,エチゼンシ,ヘイワチョウ,福井県,越前市,平和町
9150225,フクイケン,エチゼンシ,ベツインチョウ,福井県,越前市,別印町
9150074,フクイケン,エチゼンシ,ホウライチョウ,福井県,越前市,蓬莱町
9151212,フクイケン,エチゼンシ,ホトケダニチョウ,福井県,越前市,仏谷町
9150051,フクイケン,エチゼンシ,ホヤマチョウ,福井県,越前市,帆山町
9150061,フクイケン,エチゼンシ,ホリカワチョウ,福井県,越前市,堀川町
9151211,フクイケン,エチゼンシ,ホリチョウ,福井県,越前市,堀町
9150811,フクイケン,エチゼンシ,ホンダ,福井県,越前市,本多
9150806,フクイケン,エチゼンシ,ホンボチョウ,福井県,越前市,本保町
9150823,フクイケン,エチゼンシ,ホンマチ,福井県,越前市,本町
9150005,フクイケン,エチゼンシ,マカラチョウ,福井県,越前市,真柄町
9151244,フクイケン,エチゼンシ,マキチョウ,福井県,越前市,牧町
9150852,フクイケン,エチゼンシ,マツモリチョウ,福井県,越前市,松森町
9151213,フクイケン,エチゼンシ,マルカチョウ,福井県,越前市,丸岡町
9150217,フクイケン,エチゼンシ,ミズマチョウ,福井県,越前市,水間町
9150845,フクイケン,エチゼンシ,ミツクチチョウ,福井県,越前市,三ツ口町
9150895,フクイケン,エチゼンシ,ミツマタチョウ,福井県,越前市,三ツ俣町
9150007,フクイケン,エチゼンシ,ミツヤチョウ,福井県,越前市,三ツ屋町
9150825,フクイケン,エチゼンシ,ミナミ,福井県,越前市,南
9150022,フクイケン,エチゼンシ,ミナミオヤマチョウ,福井県,越前市,南小山町
9150226,フクイケン,エチゼンシ,ミナミサカシタチョウ,福井県,越前市,南坂下町
9150213,フクイケン,エチゼンシ,ミナミナカチョウ,福井県,越前市,南中町
9150033,フクイケン,エチゼンシ,ミノワキチョウ,福井県,越前市,蓑脇町
9150013,フクイケン,エチゼンシ,ミヤダニチョウ,福井県,越前市,宮谷町
9150826,フクイケン,エチゼンシ,ミユキチョウ,福井県,越前市,御幸町
9150844,フクイケン,エチゼンシ,ミョウホウジチョウ,福井県,越前市,妙法寺町
9150871,フクイケン,エチゼンシ,ムカイガオカチョウ,福井県,越前市,向が丘町
9150056,フクイケン,エチゼンシ,ムカイシンボチョウ,福井県,越前市,向新保町
9150084,フクイケン,エチゼンシ,ムラクニ,福井県,越前市,村国
9150211,フクイケン,エチゼンシ,ムロタニチョウ,福井県,越前市,室谷町
9150822,フクイケン,エチゼンシ,モトマチ,福井県,越前市,元町
9150865,フクイケン,エチゼンシ,モリヒサチョウ,福井県,越前市,森久町
9151235,フクイケン,エチゼンシ,ヤスドチョウ,福井県,越前市,安戸町
9150215,フクイケン,エチゼンシ,ヤナギモトマチ,福井県,越前市,柳元町
9150052,フクイケン,エチゼンシ,ヤハナシチョウ,福井県,越前市,矢放町
9150057,フクイケン,エチゼンシ,ヤフネチョウ,福井県,越前市,矢船町
9150263,フクイケン,エチゼンシ,ヤマムロチョウ,福井県,越前市,山室町
9150853,フクイケン,エチゼンシ,ユキマツチョウ,福井県,越前市,行松町
9150065,フクイケン,エチゼンシ,ユタカチョウ,福井県,越前市,豊町
9151225,フクイケン,エチゼンシ,ユヤチョウ,福井県,越前市,湯谷町
9150031,フクイケン,エチゼンシ,ヨカワチョウ,福井県,越前市,余川町
9150094,フクイケン,エチゼンシ,ヨコイチチョウ,福井県,越前市,横市町
9150203,フクイケン,エチゼンシ,ヨコズミチョウ,福井県,越前市,横住町
9150896,フクイケン,エチゼンシ,ヨコネチョウ,福井県,越前市,横根町
9150208,フクイケン,エチゼンシ,リョウケチョウ,福井県,越前市,領家町
9151245,フクイケン,エチゼンシ,ワガスチョウ,福井県,越前市,若須町
9150063,フクイケン,エチゼンシ,ワカタケチョウ,福井県,越前市,若竹町
9150821,フクイケン,エチゼンシ,ワカマツチョウ,福井県,越前市,若松町
9100200,フクイケン,サカイシ,イカニケイサイガナイバアイ,福井県,坂井市,以下に掲載がない場合
9190517,フクイケン,サカイシ,サカイチョウアサヒ,福井県,坂井市,坂井町朝日
9190531,フクイケン,サカイシ,サカイチョウイマイ,福井県,坂井市,坂井町今井
9190547,フクイケン,サカイシ,サカイチョウオオミ,福井県,坂井市,坂井町大味
9190537,フクイケン,サカイシ,サカイチョウオリト,福井県,坂井市,坂井町折戸
9190522,フクイケン,サカイシ,サカイチョウカミシンジョウ,福井県,坂井市,坂井町上新庄
9190502,フクイケン,サカイシ,サカイチョウカミゼキ,福井県,坂井市,坂井町上関
9190526,フクイケン,サカイシ,サカイチョウカミヒョウゴ,福井県,坂井市,坂井町上兵庫
9190505,フクイケン,サカイシ,サカイチョウカワダ,福井県,坂井市,坂井町河和田
9190536,フクイケン,サカイシ,サカイチョウキベシンボ,福井県,坂井市,坂井町木部新保
9190533,フクイケン,サカイシ,サカイチョウキベヒガシ,福井県,坂井市,坂井町木部東
9190534,フクイケン,サカイシ,サカイチョウキヨナガ,福井県,坂井市,坂井町清永
9190542,フクイケン,サカイシ,サカイチョウクラガイチ,福井県,坂井市,坂井町蔵垣内
9190507,フクイケン,サカイシ,サカイチョウゴホン,福井県,坂井市,坂井町五本
9190504,フクイケン,サカイシ,サカイチョウゴユウデン,福井県,坂井市,坂井町御油田
9190506,フクイケン,サカイシ,サカイチョウサダムネ,福井県,坂井市,坂井町定旨
9190535,フクイケン,サカイシ,サカイチョウシマ,福井県,坂井市,坂井町島
9190521,フクイケン,サカイシ,サカイチョウシモシンジョウ,福井県,坂井市,坂井町下新庄
9190501,フクイケン,サカイシ,サカイチョウシモゼキ,福井県,坂井市,坂井町下関
9190527,フクイケン,サカイシ,サカイチョウシモヒョウゴ,福井県,坂井市,坂井町下兵庫
9190523,フクイケン,サカイシ,サカイチョウシンジョウ,福井県,坂井市,坂井町新庄
9190532,フクイケン,サカイシ,サカイチョウタカヤナギ,福井県,坂井市,坂井町高柳
9190546,フクイケン,サカイシ,サカイチョウタコ,福井県,坂井市,坂井町蛸
9190513,フクイケン,サカイシ,サカイチョウタジマ,福井県,坂井市,坂井町田島
9190514,フクイケン,サカイシ,サカイチョウタジマクボ,福井県,坂井市,坂井町田島窪
9190525,フクイケン,サカイシ,サカイチョウトクブンデン,福井県,坂井市,坂井町徳分田
9190511,フクイケン,サカイシ,サカイチョウナガバタケ,福井県,坂井市,坂井町長畑
9190503,フクイケン,サカイシ,サカイチョウナガヤ,福井県,坂井市,坂井町長屋
9190543,フクイケン,サカイシ,サカイチョウニシ,福井県,坂井市,坂井町西
9190541,フクイケン,サカイシ,サカイチョウヒガシ,福井県,坂井市,坂井町東
9190545,フクイケン,サカイシ,サカイチョウヒガシアライ,福井県,坂井市,坂井町東荒井
9190524,フクイケン,サカイシ,サカイチョウヒガシナガタ,福井県,坂井市,坂井町東長田
9190544,フクイケン,サカイシ,サカイチョウヒガシナカノ,福井県,坂井市,坂井町東中野
9190516,フクイケン,サカイシ,サカイチョウフクシマ,福井県,坂井市,坂井町福島
9190512,フクイケン,サカイシ,サカイチョウミヤリョウ,福井県,坂井市,坂井町宮領
9190515,フクイケン,サカイシ,サカイチョウワカミヤ,福井県,坂井市,坂井町若宮
9190483,フクイケン,サカイシ,ハルエチョウイシヅカ,福井県,坂井市,春江町石塚
9190423,フクイケン,サカイシ,ハルエチョウイシボトケ,福井県,坂井市,春江町石仏
9190424,フクイケン,サカイシ,ハルエチョウイチイノ,福井県,坂井市,春江町いちい野
9190425,フクイケン,サカイシ,ハルエチョウイチイノキタ,福井県,坂井市,春江町いちい野北
9190426,フクイケン,サカイシ,ハルエチョウイチイノチュウオウ,福井県,坂井市,春江町いちい野中央
9190403,フクイケン,サカイシ,ハルエチョウイノムカイ,福井県,坂井市,春江町井向
9190455,フクイケン,サカイシ,ハルエチョウエドメカミ,福井県,坂井市,春江町江留上
9190451,フクイケン,サカイシ,ハルエチョウエドメカミアサヒ,福井県,坂井市,春江町江留上旭
9190463,フクイケン,サカイシ,ハルエチョウエドメカミショウワ,福井県,坂井市,春江町江留上昭和
9190465,フクイケン,サカイシ,ハルエチョウエドメカミシンマチ,福井県,坂井市,春江町江留上新町
9190453,フクイケン,サカイシ,ハルエチョウエドメカミチュウオウ,福井県,坂井市,春江町江留上中央
9190464,フクイケン,サカイシ,ハルエチョウエドメカミニシキ,福井県,坂井市,春江町江留上錦
9190454,フクイケン,サカイシ,ハルエチョウエドメカミヒノデ,福井県,坂井市,春江町江留上日の出
9190452,フクイケン,サカイシ,ハルエチョウエドメカミホンマチ,福井県,坂井市,春江町江留上本町
9190461,フクイケン,サカイシ,ハルエチョウエドメカミミドリ,福井県,坂井市,春江町江留上緑
9190462,フクイケン,サカイシ,ハルエチョウエドメカミヤマト,福井県,坂井市,春江町江留上大和
9190415,フクイケン,サカイシ,ハルエチョウエドメシモ,福井県,坂井市,春江町江留下
9190417,フクイケン,サカイシ,ハルエチョウエドメシモアイデン,福井県,坂井市,春江町江留下相田
9190416,フクイケン,サカイシ,ハルエチョウエドメシモウワエ,福井県,坂井市,春江町江留下宇和江
9190418,フクイケン,サカイシ,ハルエチョウエドメシモタカミチ,福井県,坂井市,春江町江留下高道
9190414,フクイケン,サカイシ,ハルエチョウエドメシモヤシキ,福井県,坂井市,春江町江留下屋敷
9190412,フクイケン,サカイシ,ハルエチョウエドメナカ,福井県,坂井市,春江町江留中
9190421,フクイケン,サカイシ,ハルエチョウオオバリ,福井県,坂井市,春江町大針
9190402,フクイケン,サカイシ,ハルエチョウオオマキ,福井県,坂井市,春江町大牧
9190422,フクイケン,サカイシ,ハルエチョウオキヌノメ,福井県,坂井市,春江町沖布目
9190405,フクイケン,サカイシ,ハルエチョウカミコモリ,福井県,坂井市,春江町上小森
9190408,フクイケン,サカイシ,ハルエチョウキベサイホウジ,福井県,坂井市,春江町木部西方寺
9190471,フクイケン,サカイシ,ハルエチョウコンゴウジ,福井県,坂井市,春江町金剛寺
9190434,フクイケン,サカイシ,ハルエチョウサカイ,福井県,坂井市,春江町境
9190434,フクイケン,サカイシ,ハルエチョウサカイカミチョウ,福井県,坂井市,春江町境上町
9190434,フクイケン,サカイシ,ハルエチョウサカイモトマチ,福井県,坂井市,春江町境元町
9190441,フクイケン,サカイシ,ハルエチョウサダシゲ,福井県,坂井市,春江町定重
9190409,フクイケン,サカイシ,ハルエチョウサダヒロ,福井県,坂井市,春江町定広
9190406,フクイケン,サカイシ,ハルエチョウシモコモリ,福井県,坂井市,春江町下小森
9190487,フクイケン,サカイシ,ハルエチョウショウゼン,福井県,坂井市,春江町正善
9190443,フクイケン,サカイシ,ハルエチョウショウレンゲ,福井県,坂井市,春江町正蓮花
9190413,フクイケン,サカイシ,ハルエチョウズイオウジ,福井県,坂井市,春江町随応寺
9190419,フクイケン,サカイシ,ハルエチョウズイオウジヒガシ,福井県,坂井市,春江町随応寺東
9190481,フクイケン,サカイシ,ハルエチョウセンボウジ,福井県,坂井市,春江町千歩寺
9190479,フクイケン,サカイシ,ハルエチョウタカエ,福井県,坂井市,春江町高江
9190477,フクイケン,サカイシ,ハルエチョウタバタ,福井県,坂井市,春江町田端
9190431,フクイケン,サカイシ,ハルエチョウタメクニ,福井県,坂井市,春江町為国
9190432,フクイケン,サカイシ,ハルエチョウタメクニカメガクボ,福井県,坂井市,春江町為国亀ケ久保
9190435,フクイケン,サカイシ,ハルエチョウタメクニサイワイ,福井県,坂井市,春江町為国幸
9190436,フクイケン,サカイシ,ハルエチョウタメクニナカク,福井県,坂井市,春江町為国中区
9190437,フクイケン,サカイシ,ハルエチョウタメクニニシノミヤ,福井県,坂井市,春江町為国西の宮
9190433,フクイケン,サカイシ,ハルエチョウタメクニヘイセイ,福井県,坂井市,春江町為国平成
9190407,フクイケン,サカイシ,ハルエチョウツジ,福井県,坂井市,春江町辻
9190485,フクイケン,サカイシ,ハルエチョウトリツギ,福井県,坂井市,春江町取次
9190449,フクイケン,サカイシ,ハルエチョウナカスジ,福井県,坂井市,春江町中筋
9190447,フクイケン,サカイシ,ハルエチョウナカスジオオテ,福井県,坂井市,春江町中筋大手
9190446,フクイケン,サカイシ,ハルエチョウナカスジカスガ,福井県,坂井市,春江町中筋春日
9190448,フクイケン,サカイシ,ハルエチョウナカスジキタウラ,福井県,坂井市,春江町中筋北浦
9190445,フクイケン,サカイシ,ハルエチョウナカスジタカダ,福井県,坂井市,春江町中筋高田
9190444,フクイケン,サカイシ,ハルエチョウナカスジミツヤ,福井県,坂井市,春江町中筋三ツ屋
9190482,フクイケン,サカイシ,ハルエチョウナカノショウ,福井県,坂井市,春江町中庄
9190474,フクイケン,サカイシ,ハルエチョウニシタロウマル,福井県,坂井市,春江町西太郎丸
9190404,フクイケン,サカイシ,ハルエチョウニシナガタ,福井県,坂井市,春江町西長田
9190476,フクイケン,サカイシ,ハルエチョウハリバラ,福井県,坂井市,春江町針原
9190475,フクイケン,サカイシ,ハルエチョウヒガシタロウマル,福井県,坂井市,春江町東太郎丸
9190488,フクイケン,サカイシ,ハルエチョウヒメオウ,福井県,坂井市,春江町姫王
9190411,フクイケン,サカイシ,ハルエチョウフジワシヅカ,福井県,坂井市,春江町藤鷲塚
9190486,フクイケン,サカイシ,ハルエチョウフセダシン,福井県,坂井市,春江町布施田新
9190401,フクイケン,サカイシ,ハルエチョウホリコシ,福井県,坂井市,春江町堀越
9190473,フクイケン,サカイシ,ハルエチョウホンドウ,福井県,坂井市,春江町本堂
9190472,フクイケン,サカイシ,ハルエチョウマツキ,福井県,坂井市,春江町松木
9190484,フクイケン,サカイシ,ハルエチョウヤスザワ,福井県,坂井市,春江町安沢
9190442,フクイケン,サカイシ,ハルエチョウヨリヤス,福井県,坂井市,春江町寄安
9100212,フクイケン,サカイシ,マルオカチョウアカサカ,福井県,坂井市,丸岡町赤坂
9100265,フクイケン,サカイシ,マルオカチョウアサヒ,福井県,坂井市,丸岡町朝陽
9100301,フクイケン,サカイシ,マルオカチョウアタゴ,福井県,坂井市,丸岡町愛宕
9100324,フクイケン,サカイシ,マルオカチョウアブラタメトウ,福井県,坂井市,丸岡町油為頭
9100227,フクイケン,サカイシ,マルオカチョウアラマチ,福井県,坂井市,丸岡町荒町
9100317,フクイケン,サカイシ,マルオカチョウイシガミ,福井県,坂井市,丸岡町石上
9100243,フクイケン,サカイシ,マルオカチョウイシキドチョウ,福井県,坂井市,丸岡町石城戸町
9100346,フクイケン,サカイシ,マルオカチョウイソベシマ,福井県,坂井市,丸岡町磯部島
9100368,フクイケン,サカイシ,マルオカチョウイソベシンボ,福井県,坂井市,丸岡町磯部新保
9100365,フクイケン,サカイシ,マルオカチョウイソベフクショ,福井県,坂井市,丸岡町磯部福庄
9100325,フクイケン,サカイシ,マルオカチョウイタクラ,福井県,坂井市,丸岡町板倉
9100254,フクイケン,サカイシ,マルオカチョウイッポンデン,福井県,坂井市,丸岡町一本田
9100253,フクイケン,サカイシ,マルオカチョウイッポンデンナカ,福井県,坂井市,丸岡町一本田中
9100251,フクイケン,サカイシ,マルオカチョウイッポンデンフクショ,福井県,坂井市,丸岡町一本田福所
9100237,フクイケン,サカイシ,マルオカチョウイヌイ,福井県,坂井市,丸岡町乾
9100264,フクイケン,サカイシ,マルオカチョウイヌイシモダ,福井県,坂井市,丸岡町乾下田
9100303,フクイケン,サカイシ,マルオカチョウイノツメ,福井県,坂井市,丸岡町猪爪
9100234,フクイケン,サカイシ,マルオカチョウイマイチ,福井県,坂井市,丸岡町今市
9100304,フクイケン,サカイシ,マルオカチョウイマフク,福井県,坂井市,丸岡町今福
9100348,フクイケン,サカイシ,マルオカチョウイママチ,福井県,坂井市,丸岡町今町
9100263,フクイケン,サカイシ,マルオカチョウウエダマチ,福井県,坂井市,丸岡町上田町
9100356,フクイケン,サカイシ,マルオカチョウウシガシマ,福井県,坂井市,丸岡町牛ケ島
9100366,フクイケン,サカイシ,マルオカチョウウズイ,福井県,坂井市,丸岡町宇随
9100275,フクイケン,サカイシ,マルオカチョウウダ,福井県,坂井市,丸岡町宇田
9100313,フクイケン,サカイシ,マルオカチョウウチダ,福井県,坂井市,丸岡町内田
9100322,フクイケン,サカイシ,マルオカチョウオオモリ,福井県,坂井市,丸岡町大森
9100315,フクイケン,サカイシ,マルオカチョウオグロ,福井県,坂井市,丸岡町小黒
9100211,フクイケン,サカイシ,マルオカチョウオナガタニ,福井県,坂井市,丸岡町女形谷
9100232,フクイケン,サカイシ,マルオカチョウカスミガオカ,福井県,坂井市,丸岡町霞ケ丘
9100231,フクイケン,サカイシ,マルオカチョウカスミチョウ,福井県,坂井市,丸岡町霞町
9100333,フクイケン,サカイシ,マルオカチョウカネモト,福井県,坂井市,丸岡町金元
9100335,フクイケン,サカイシ,マルオカチョウカミカナヤ,福井県,坂井市,丸岡町上金屋
9100331,フクイケン,サカイシ,マルオカチョウカミクメダ,福井県,坂井市,丸岡町上久米田
9100202,フクイケン,サカイシ,マルオカチョウカミタケダ（オカ）,福井県,坂井市,丸岡町上竹田（岡）
9100201,フクイケン,サカイシ,マルオカチョウカミタケダ（ソタニ）,福井県,坂井市,丸岡町上竹田（曽谷）
9100205,フクイケン,サカイシ,マルオカチョウカミタケダ（ソノタ）,福井県,坂井市,丸岡町上竹田（その他）
9100362,フクイケン,サカイシ,マルオカチョウカミヤスタ,福井県,坂井市,丸岡町上安田
9100206,フクイケン,サカイシ,マルオカチョウカワカミ,福井県,坂井市,丸岡町川上
9100374,フクイケン,サカイシ,マルオカチョウキタヨコジ,福井県,坂井市,丸岡町北横地
9100357,フクイケン,サカイシ,マルオカチョウギマ,福井県,坂井市,丸岡町儀間
9100347,フクイケン,サカイシ,マルオカチョウクマンドウ,福井県,坂井市,丸岡町熊堂
9100276,フクイケン,サカイシ,マルオカチョウゲンニョ,福井県,坂井市,丸岡町玄女
9100262,フクイケン,サカイシ,マルオカチョウサカエ,福井県,坂井市,丸岡町栄
9100382,フクイケン,サカイシ,マルオカチョウササワダ,福井県,坂井市,丸岡町笹和田
9100277,フクイケン,サカイシ,マルオカチョウサトタケダ,福井県,坂井市,丸岡町里竹田
9100302,フクイケン,サカイシ,マルオカチョウサトマルオカ,福井県,坂井市,丸岡町里丸岡
9100223,フクイケン,サカイシ,マルオカチョウサンボンギ,福井県,坂井市,丸岡町三本木
9100316,フクイケン,サカイシ,マルオカチョウシノオカ,福井県,坂井市,丸岡町篠岡
9100332,フクイケン,サカイシ,マルオカチョウシモクメダ,福井県,坂井市,丸岡町下久米田
9100363,フクイケン,サカイシ,マルオカチョウシモヤスタ,福井県,坂井市,丸岡町下安田
9100221,フクイケン,サカイシ,マルオカチョウジョウホク,福井県,坂井市,丸岡町城北
9100345,フクイケン,サカイシ,マルオカチョウシロウマル,福井県,坂井市,丸岡町四郎丸
9100369,フクイケン,サカイシ,マルオカチョウシンクズリュウ,福井県,坂井市,丸岡町新九頭竜
9100337,フクイケン,サカイシ,マルオカチョウシンナルカ,福井県,坂井市,丸岡町新鳴鹿
9100352,フクイケン,サカイシ,マルオカチョウシンマ,福井県,坂井市,丸岡町新間
9100326,フクイケン,サカイシ,マルオカチョウスエマサ,福井県,坂井市,丸岡町末政
9100274,フクイケン,サカイシ,マルオカチョウセンダ,福井県,坂井市,丸岡町千田
9100312,フクイケン,サカイシ,マルオカチョウソソキ,福井県,坂井市,丸岡町曽々木
9100355,フクイケン,サカイシ,マルオカチョウタカセ,福井県,坂井市,丸岡町高瀬
9100342,フクイケン,サカイシ,マルオカチョウタカダ,福井県,坂井市,丸岡町高田
9100373,フクイケン,サカイシ,マルオカチョウタカヤナギ,福井県,坂井市,丸岡町高柳
9100235,フクイケン,サカイシ,マルオカチョウタツミチョウ,福井県,坂井市,丸岡町巽町
9100245,フクイケン,サカイシ,マルオカチョウタニマチ,福井県,坂井市,丸岡町谷町
9100338,フクイケン,サカイシ,マルオカチョウタメヤス,福井県,坂井市,丸岡町為安
9100213,フクイケン,サカイシ,マルオカチョウタヤ,福井県,坂井市,丸岡町田屋
9100349,フクイケン,サカイシ,マルオカチョウタンボ,福井県,坂井市,丸岡町反保
9100353,フクイケン,サカイシ,マルオカチョウチクゴショウズ,福井県,坂井市,丸岡町筑後清水
9100208,フクイケン,サカイシ,マルオカチョウツボエ,福井県,坂井市,丸岡町坪江
9100343,フクイケン,サカイシ,マルオカチョウツボノウチ,福井県,坂井市,丸岡町坪ノ内
9100233,フクイケン,サカイシ,マルオカチョウトウヨウ,福井県,坂井市,丸岡町東陽
9100244,フクイケン,サカイシ,マルオカチョウトミタマチ,福井県,坂井市,丸岡町富田町
9100344,フクイケン,サカイシ,マルオカチョウトモスエ,福井県,坂井市,丸岡町友末
9100311,フクイケン,サカイシ,マルオカチョウトヨハラ,福井県,坂井市,丸岡町豊原
9100354,フクイケン,サカイシ,マルオカチョウトヨハラタカセ,福井県,坂井市,丸岡町豊原高瀬
9100351,フクイケン,サカイシ,マルオカチョウトラクニ,福井県,坂井市,丸岡町寅国
9100383,フクイケン,サカイシ,マルオカチョウナガサキ,福井県,坂井市,丸岡町長崎
9100246,フクイケン,サカイシ,マルオカチョウニシウリヤ,福井県,坂井市,丸岡町西瓜屋
9100242,フクイケン,サカイシ,マルオカチョウニシサトマルオカ,福井県,坂井市,丸岡町西里丸岡
9100273,フクイケン,サカイシ,マルオカチョウノウネ,福井県,坂井市,丸岡町長畝
9100323,フクイケン,サカイシ,マルオカチョウノナカサンノウ,福井県,坂井市,丸岡町野中山王
9100272,フクイケン,サカイシ,マルオカチョウノリカネ,福井県,坂井市,丸岡町乗兼
9100367,フクイケン,サカイシ,マルオカチョウハサキ,福井県,坂井市,丸岡町羽崎
9100214,フクイケン,サカイシ,マルオカチョウハタケナカ,福井県,坂井市,丸岡町畑中
9100305,フクイケン,サカイシ,マルオカチョウハチマンチョウ,福井県,坂井市,丸岡町八幡町
9100224,フクイケン,サカイシ,マルオカチョウハッカゴウ,福井県,坂井市,丸岡町八ケ郷
9100364,フクイケン,サカイシ,マルオカチョウハッチョウ,福井県,坂井市,丸岡町八丁
9100261,フクイケン,サカイシ,マルオカチョウハリノキ,福井県,坂井市,丸岡町針ノ木
9100334,フクイケン,サカイシ,マルオカチョウヒガシフタツヤ,福井県,坂井市,丸岡町東二ツ屋
9100222,フクイケン,サカイシ,マルオカチョウフセヤ,福井県,坂井市,丸岡町伏屋
9100381,フクイケン,サカイシ,マルオカチョウフナヨセ,福井県,坂井市,丸岡町舟寄
9100271,フクイケン,サカイシ,マルオカチョウホリミズ,福井県,坂井市,丸岡町堀水
9100236,フクイケン,サカイシ,マルオカチョウホンマチ,福井県,坂井市,丸岡町本町
9100314,フクイケン,サカイシ,マルオカチョウマスタ,福井県,坂井市,丸岡町舛田
9100225,フクイケン,サカイシ,マルオカチョウマツカワ,福井県,坂井市,丸岡町松川
9100226,フクイケン,サカイシ,マルオカチョウマツカワチョウ,福井県,坂井市,丸岡町松川町
9100350,フクイケン,サカイシ,マルオカチョウミナミイマイチ,福井県,坂井市,丸岡町南今市
9100375,フクイケン,サカイシ,マルオカチョウミナミヨコジ,福井県,坂井市,丸岡町南横地
9100252,フクイケン,サカイシ,マルオカチョウミユキ,福井県,坂井市,丸岡町御幸
9100361,フクイケン,サカイシ,マルオカチョウヤスタシン,福井県,坂井市,丸岡町安田新
9100371,フクイケン,サカイシ,マルオカチョウヤツクチ,福井県,坂井市,丸岡町八ツ口
9100241,フクイケン,サカイシ,マルオカチョウヤナギマチ,福井県,坂井市,丸岡町柳町
9100203,フクイケン,サカイシ,マルオカチョウヤマグチ,福井県,坂井市,丸岡町山口
9100207,フクイケン,サカイシ,マルオカチョウヤマクボ,福井県,坂井市,丸岡町山久保
9100321,フクイケン,サカイシ,マルオカチョウヤマサキサンガ,福井県,坂井市,丸岡町山崎三ケ
9100204,フクイケン,サカイシ,マルオカチョウヤマタケダ,福井県,坂井市,丸岡町山竹田
9100215,フクイケン,サカイシ,マルオカチョウヨカワ,福井県,坂井市,丸岡町与河
9100372,フクイケン,サカイシ,マルオカチョウヨシマサ,福井県,坂井市,丸岡町吉政
9100384,フクイケン,サカイシ,マルオカチョウヨツヤ,福井県,坂井市,丸岡町四ツ屋
9100341,フクイケン,サカイシ,マルオカチョウヨツヤナギ,福井県,坂井市,丸岡町四ツ柳
9100339,フクイケン,サカイシ,マルオカチョウヨリナガ,福井県,坂井市,丸岡町寄永
9100336,フクイケン,サカイシ,マルオカチョウラクマ,福井県,坂井市,丸岡町楽間
9130053,フクイケン,サカイシ,ミクニチョウアオバダイ,福井県,坂井市,三国町青葉台
9130022,フクイケン,サカイシ,ミクニチョウアブラヤ,福井県,坂井市,三国町油屋
9130063,フクイケン,サカイシ,ミクニチョウアントウ（トウジンボウ）,福井県,坂井市,三国町安島（東尋坊）
9130064,フクイケン,サカイシ,ミクニチョウアントウ（ソノタ）,福井県,坂井市,三国町安島（その他）
9130001,フクイケン,サカイシ,ミクニチョウイケガミ,福井県,坂井市,三国町池上
9130024,フクイケン,サカイシ,ミクニチョウイケミ,福井県,坂井市,三国町池見
9130023,フクイケン,サカイシ,ミクニチョウイシマル,福井県,坂井市,三国町石丸
9130052,フクイケン,サカイシ,ミクニチョウウンドウコウエン,福井県,坂井市,三国町運動公園
9130035,フクイケン,サカイシ,ミクニチョウオキノノ,福井県,坂井市,三国町沖野々
9130041,フクイケン,サカイシ,ミクニチョウカクゼン,福井県,坂井市,三国町覚善
9130061,フクイケン,サカイシ,ミクニチョウカジ,福井県,坂井市,三国町梶
9130002,フクイケン,サカイシ,ミクニチョウカド,福井県,坂井市,三国町加戸
9130025,フクイケン,サカイシ,ミクニチョウカワサキ,福井県,坂井市,三国町川崎
9130046,フクイケン,サカイシ,ミクニチョウキタホンマチ,福井県,坂井市,三国町北本町
9130038,フクイケン,サカイシ,ミクニチョウクロメ（テクノポート）,福井県,坂井市,三国町黒目（テクノポート）
9130037,フクイケン,サカイシ,ミクニチョウクロメ（ソノタ）,福井県,坂井市,三国町黒目（その他）
9130057,フクイケン,サカイシ,ミクニチョウコメガワキ,福井県,坂井市,三国町米ケ脇
9130065,フクイケン,サカイシ,ミクニチョウサキ,福井県,坂井市,三国町崎
9130044,フクイケン,サカイシ,ミクニチョウサンノウ,福井県,坂井市,三国町山王
9130027,フクイケン,サカイシ,ミクニチョウシオミ,福井県,坂井市,三国町汐見
9130033,フクイケン,サカイシ,ミクニチョウシモノ,福井県,坂井市,三国町下野
9130056,フクイケン,サカイシ,ミクニチョウシュク,福井県,坂井市,三国町宿
9130062,フクイケン,サカイシ,ミクニチョウジンガオカ,福井県,坂井市,三国町陣ケ岡
9130058,フクイケン,サカイシ,ミクニチョウシンシュク,福井県,坂井市,三国町新宿
9130038,フクイケン,サカイシ,ミクニチョウシンボ（テクノポート）,福井県,坂井市,三国町新保（テクノポート）
9130031,フクイケン,サカイシ,ミクニチョウシンボ（ソノタ）,福井県,坂井市,三国町新保（その他）
9130047,フクイケン,サカイシ,ミクニチョウシンメイ,福井県,坂井市,三国町神明
9130054,フクイケン,サカイシ,ミクニチョウタキダニ,福井県,坂井市,三国町滝谷
9130051,フクイケン,サカイシ,ミクニチョウダケ,福井県,坂井市,三国町嵩
9130017,フクイケン,サカイシ,ミクニチョウタケマツ,福井県,坂井市,三国町竹松
9130042,フクイケン,サカイシ,ミクニチョウチュウオウ,福井県,坂井市,三国町中央
9130055,フクイケン,サカイシ,ミクニチョウツツジガオカ,福井県,坂井市,三国町つつじが丘
9130014,フクイケン,サカイシ,ミクニチョウトウノエ,福井県,坂井市,三国町玉江
9130026,フクイケン,サカイシ,ミクニチョウトノシマ,福井県,坂井市,三国町殿島
9130012,フクイケン,サカイシ,ミクニチョウニシイマイチ,福井県,坂井市,三国町西今市
9130043,フクイケン,サカイシ,ミクニチョウニシキ,福井県,坂井市,三国町錦
9130003,フクイケン,サカイシ,ミクニチョウニシタニ,福井県,坂井市,三国町西谷
9130034,フクイケン,サカイシ,ミクニチョウニシノナカ,福井県,坂井市,三国町西野中
9130015,フクイケン,サカイシ,ミクニチョウノナカ,福井県,坂井市,三国町野中
9130005,フクイケン,サカイシ,ミクニチョウハマジ,福井県,坂井市,三国町浜地
9130004,フクイケン,サカイシ,ミクニチョウヒラヤマ,福井県,坂井市,三国町平山
9130013,フクイケン,サカイシ,ミクニチョウフジサワ,福井県,坂井市,三国町藤沢
9130016,フクイケン,サカイシ,ミクニチョウミクニヒガシ,福井県,坂井市,三国町三国東
9130011,フクイケン,サカイシ,ミクニチョウミズイ,福井県,坂井市,三国町水居
9130048,フクイケン,サカイシ,ミクニチョウミドリガオカ,福井県,坂井市,三国町緑ケ丘
9130045,フクイケン,サカイシ,ミクニチョウミナミホンマチ,福井県,坂井市,三国町南本町
9130038,フクイケン,サカイシ,ミクニチョウヤマギシ（テクノポート）,福井県,坂井市,三国町山岸（テクノポート）
9130032,フクイケン,サカイシ,ミクニチョウヤマギシ（ソノタ）,福井県,坂井市,三国町山岸（その他）
9130035,フクイケン,サカイシ,ミクニチョウヨコゴシ,福井県,坂井市,三国町横越
9130038,フクイケン,サカイシ,ミクニチョウヨノヅ（テクノポート）,福井県,坂井市,三国町米納津（テクノポート）
9130036,フクイケン,サカイシ,ミクニチョウヨノヅ（ソノタ）,福井県,坂井市,三国町米納津（その他）
9130021,フクイケン,サカイシ,ミクニチョウラクエン,福井県,坂井市,三国町楽円
9101100,フクイケン,ヨシダグンエイヘイジチョウ,イカニケイサイガナイバアイ,福井県,吉田郡永平寺町,以下に掲載がない場合
9101323,フクイケン,ヨシダグンエイヘイジチョウ,アザミ,福井県,吉田郡永平寺町,浅見
9101227,フクイケン,ヨシダグンエイヘイジチョウ,アラタニ,福井県,吉田郡永平寺町,荒谷
9101217,フクイケン,ヨシダグンエイヘイジチョウ,イイジマ,福井県,吉田郡永平寺町,飯島
9101313,フクイケン,ヨシダグンエイヘイジチョウ,イシガミ,福井県,吉田郡永平寺町,石上
9101302,フクイケン,ヨシダグンエイヘイジチョウ,イチアラカワ,福井県,吉田郡永平寺町,市荒川
9101316,フクイケン,ヨシダグンエイヘイジチョウ,イチウエモンジマ,福井県,吉田郡永平寺町,市右エ門島
9101226,フクイケン,ヨシダグンエイヘイジチョウ,イチノノ,福井県,吉田郡永平寺町,市野々
9101204,フクイケン,ヨシダグンエイヘイジチョウ,イワノ,福井県,吉田郡永平寺町,岩野
9101322,フクイケン,ヨシダグンエイヘイジチョウ,オオツキ,福井県,吉田郡永平寺町,大月
9101311,フクイケン,ヨシダグンエイヘイジチョウ,オオノジマ,福井県,吉田郡永平寺町,大野島
9101203,フクイケン,ヨシダグンエイヘイジチョウ,カミジョホウジ,福井県,吉田郡永平寺町,上浄法寺
9101325,フクイケン,ヨシダグンエイヘイジチョウ,キタジマ,福井県,吉田郡永平寺町,北島
9101225,フクイケン,ヨシダグンエイヘイジチョウ,キョウゼン,福井県,吉田郡永平寺町,京善
9101314,フクイケン,ヨシダグンエイヘイジチョウ,クリスナミ,福井県,吉田郡永平寺町,栗住波
9101223,フクイケン,ヨシダグンエイヘイジチョウ,ケヤキダイ,福井県,吉田郡永平寺町,けやき台
9101216,フクイケン,ヨシダグンエイヘイジチョウ,コウミョウジ,福井県,吉田郡永平寺町,光明寺
9101321,フクイケン,ヨシダグンエイヘイジチョウ,サンノウ,福井県,吉田郡永平寺町,山王
9101228,フクイケン,ヨシダグンエイヘイジチョウ,シヒ,福井県,吉田郡永平寺町,志比
9101312,フクイケン,ヨシダグンエイヘイジチョウ,シミズ,福井県,吉田郡永平寺町,清水
9101202,フクイケン,ヨシダグンエイヘイジチョウ,シモジョホウジ,福井県,吉田郡永平寺町,下浄法寺
9101222,フクイケン,ヨシダグンエイヘイジチョウ,スワマ,福井県,吉田郡永平寺町,諏訪間
9101315,フクイケン,ヨシダグンエイヘイジチョウ,セセラギ,福井県,吉田郡永平寺町,せせらぎ
9101213,フクイケン,ヨシダグンエイヘイジチョウ,タカハシ,福井県,吉田郡永平寺町,高橋
9101305,フクイケン,ヨシダグンエイヘイジチョウ,タケハラ,福井県,吉田郡永平寺町,竹原
9101214,フクイケン,ヨシダグンエイヘイジチョウ,タニグチ,福井県,吉田郡永平寺町,谷口
9101224,フクイケン,ヨシダグンエイヘイジチョウ,テラモト,福井県,吉田郡永平寺町,寺本
9101206,フクイケン,ヨシダグンエイヘイジチョウ,トチハラ,福井県,吉田郡永平寺町,栃原
9101218,フクイケン,ヨシダグンエイヘイジチョウ,ドメキ,福井県,吉田郡永平寺町,轟
9101301,フクイケン,ヨシダグンエイヘイジチョウ,ナカジマ,福井県,吉田郡永平寺町,中島
9101201,フクイケン,ヨシダグンエイヘイジチョウ,ナルカサンガ,福井県,吉田郡永平寺町,鳴鹿山鹿
9101324,フクイケン,ヨシダグンエイヘイジチョウ,ノナカ,福井県,吉田郡永平寺町,野中
9101215,フクイケン,ヨシダグンエイヘイジチョウ,ハナダニ,福井県,吉田郡永平寺町,花谷
9101212,フクイケン,ヨシダグンエイヘイジチョウ,ヒガシフルイチ,福井県,吉田郡永平寺町,東古市
9101303,フクイケン,ヨシダグンエイヘイジチョウ,フジマキ,福井県,吉田郡永平寺町,藤巻
9101211,フクイケン,ヨシダグンエイヘイジチョウ,ホウジオカ,福井県,吉田郡永平寺町,法寺岡
9101326,フクイケン,ヨシダグンエイヘイジチョウ,マキフクシマ,福井県,吉田郡永平寺町,牧福島
9101132,フクイケン,ヨシダグンエイヘイジチョウ,マツオカアオイ,福井県,吉田郡永平寺町,松岡葵
9101115,フクイケン,ヨシダグンエイヘイジチョウ,マツオカイシフネ,福井県,吉田郡永平寺町,松岡石舟
9101126,フクイケン,ヨシダグンエイヘイジチョウ,マツオカオバタ,福井県,吉田郡永平寺町,松岡小畑
9101102,フクイケン,ヨシダグンエイヘイジチョウ,マツオカガクエン,福井県,吉田郡永平寺町,松岡学園
9101133,フクイケン,ヨシダグンエイヘイジチョウ,マツオカカスガ,福井県,吉田郡永平寺町,松岡春日
9101103,フクイケン,ヨシダグンエイヘイジチョウ,マツオカカミアイヅキ,福井県,吉田郡永平寺町,松岡上合月
9101124,フクイケン,ヨシダグンエイヘイジチョウ,マツオカカミヨシノ,福井県,吉田郡永平寺町,松岡上吉野
9101137,フクイケン,ヨシダグンエイヘイジチョウ,マツオカカンノン,福井県,吉田郡永平寺町,松岡観音
9101131,フクイケン,ヨシダグンエイヘイジチョウ,マツオカクヌギ,福井県,吉田郡永平寺町,松岡椚
9101136,フクイケン,ヨシダグンエイヘイジチョウ,マツオカクボ,福井県,吉田郡永平寺町,松岡窪
9101142,フクイケン,ヨシダグンエイヘイジチョウ,マツオカケンジョウジマ,福井県,吉田郡永平寺町,松岡兼定島
9101112,フクイケン,ヨシダグンエイヘイジチョウ,マツオカコイサカ,福井県,吉田郡永平寺町,松岡越坂
9101106,フクイケン,ヨシダグンエイヘイジチョウ,マツオカゴクリョウ,福井県,吉田郡永平寺町,松岡御公領
9101139,フクイケン,ヨシダグンエイヘイジチョウ,マツオカコノシタ,福井県,吉田郡永平寺町,松岡木ノ下
9101134,フクイケン,ヨシダグンエイヘイジチョウ,マツオカシバハラ,福井県,吉田郡永平寺町,松岡芝原
9101111,フクイケン,ヨシダグンエイヘイジチョウ,マツオカシヒザカイ,福井県,吉田郡永平寺町,松岡志比堺
9101116,フクイケン,ヨシダグンエイヘイジチョウ,マツオカシミズ,福井県,吉田郡永平寺町,松岡清水
9101104,フクイケン,ヨシダグンエイヘイジチョウ,マツオカシモアイヅキ,福井県,吉田郡永平寺町,松岡下合月
9101114,フクイケン,ヨシダグンエイヘイジチョウ,マツオカジョウトウ,福井県,吉田郡永平寺町,松岡城東
9101117,フクイケン,ヨシダグンエイヘイジチョウ,マツオカシンメイ,福井県,吉田郡永平寺町,松岡神明
9101105,フクイケン,ヨシダグンエイヘイジチョウ,マツオカスエマサ,福井県,吉田郡永平寺町,松岡末政
9101125,フクイケン,ヨシダグンエイヘイジチョウ,マツオカニシノナカ,福井県,吉田郡永平寺町,松岡西野中
9101101,フクイケン,ヨシダグンエイヘイジチョウ,マツオカヒヅメ,福井県,吉田郡永平寺町,松岡樋爪
9101144,フクイケン,ヨシダグンエイヘイジチョウ,マツオカヘイセイ,福井県,吉田郡永平寺町,松岡平成
9101113,フクイケン,ヨシダグンエイヘイジチョウ,マツオカマツガオカ,福井県,吉田郡永平寺町,松岡松ケ丘
9101138,フクイケン,ヨシダグンエイヘイジチョウ,マツオカマツガハラ,福井県,吉田郡永平寺町,松岡松ケ原
9101122,フクイケン,ヨシダグンエイヘイジチョウ,マツオカミヤシゲ,福井県,吉田郡永平寺町,松岡宮重
9101135,フクイケン,ヨシダグンエイヘイジチョウ,マツオカムロ,福井県,吉田郡永平寺町,松岡室
9101118,フクイケン,ヨシダグンエイヘイジチョウ,マツオカヤクシ,福井県,吉田郡永平寺町,松岡薬師
9101123,フクイケン,ヨシダグンエイヘイジチョウ,マツオカユダニ,福井県,吉田郡永平寺町,松岡湯谷
9101121,フクイケン,ヨシダグンエイヘイジチョウ,マツオカヨシノ,福井県,吉田郡永平寺町,松岡吉野
9101127,フクイケン,ヨシダグンエイヘイジチョウ,マツオカヨシノザカイ,福井県,吉田郡永平寺町,松岡吉野堺
9101141,フクイケン,ヨシダグンエイヘイジチョウ,マツオカリョウケ,福井県,吉田郡永平寺町,松岡領家
9101143,フクイケン,ヨシダグンエイヘイジチョウ,マツオカワタリシンデン,福井県,吉田郡永平寺町,松岡渡新田
9101221,フクイケン,ヨシダグンエイヘイジチョウ,ヤマ,福井県,吉田郡永平寺町,山
9101205,フクイケン,ヨシダグンエイヘイジチョウ,ヨシナミ,福井県,吉田郡永平寺町,吉波
9101304,フクイケン,ヨシダグンエイヘイジチョウ,ヨシミネ,福井県,吉田郡永平寺町,吉峰
9102500,フクイケン,イマダテグンイケダチョウ,イカニケイサイガナイバアイ,福井県,今立郡池田町,以下に掲載がない場合
9102504,フクイケン,イマダテグンイケダチョウ,アンゼンジ,福井県,今立郡池田町,安善寺
9102515,フクイケン,イマダテグンイケダチョウ,イケダ,福井県,今立郡池田町,池田
9102527,フクイケン,イマダテグンイケダチョウ,イタガキ,福井県,今立郡池田町,板垣
9102525,フクイケン,イマダテグンイケダチョウ,イチ,福井県,今立郡池田町,市
9102512,フクイケン,イマダテグンイケダチョウ,イナリ,福井県,今立郡池田町,稲荷
9102534,フクイケン,イマダテグンイケダチョウ,ウオミ,福井県,今立郡池田町,魚見
9102552,フクイケン,イマダテグンイケダチョウ,オオモト,福井県,今立郡池田町,大本
9102551,フクイケン,イマダテグンイケダチョウ,オダルミ,福井県,今立郡池田町,尾緩
9102557,フクイケン,イマダテグンイケダチョウ,オバタケ,福井県,今立郡池田町,小畑
9102508,フクイケン,イマダテグンイケダチョウ,カキガハラ,福井県,今立郡池田町,柿ケ原
9102514,フクイケン,イマダテグンイケダチョウ,ガクエン,福井県,今立郡池田町,学園
9102553,フクイケン,イマダテグンイケダチョウ,カゴカケ,福井県,今立郡池田町,籠掛
9102554,フクイケン,イマダテグンイケダチョウ,カナミダニ,福井県,今立郡池田町,金見谷
9102526,フクイケン,イマダテグンイケダチョウ,カミアラタニ,福井県,今立郡池田町,上荒谷
9102523,フクイケン,イマダテグンイケダチョウ,コウチ,福井県,今立郡池田町,河内
9102537,フクイケン,イマダテグンイケダチョウ,サダカタ,福井県,今立郡池田町,定方
9102523,フクイケン,イマダテグンイケダチョウ,シヅハラ,福井県,今立郡池田町,志津原
9102507,フクイケン,イマダテグンイケダチョウ,シミズタニ,福井県,今立郡池田町,清水谷
9102556,フクイケン,イマダテグンイケダチョウ,シラワ,福井県,今立郡池田町,白粟
9102532,フクイケン,イマダテグンイケダチョウ,シンボ,福井県,今立郡池田町,新保
9102535,フクイケン,イマダテグンイケダチョウ,スゴウ,福井県,今立郡池田町,菅生
9102503,フクイケン,イマダテグンイケダチョウ,タニグチ,福井県,今立郡池田町,谷口
9102555,フクイケン,イマダテグンイケダチョウ,チヨダニ,福井県,今立郡池田町,千代谷
9102522,フクイケン,イマダテグンイケダチョウ,ツキガセ,福井県,今立郡池田町,月ケ瀬
9102521,フクイケン,イマダテグンイケダチョウ,ツネヤス,福井県,今立郡池田町,常安
9102513,フクイケン,イマダテグンイケダチョウ,テラジマ,福井県,今立郡池田町,寺島
9102517,フクイケン,イマダテグンイケダチョウ,テラダニ,福井県,今立郡池田町,寺谷
9102524,フクイケン,イマダテグンイケダチョウ,ドアイサラオ,福井県,今立郡池田町,土合皿尾
9102536,フクイケン,イマダテグンイケダチョウ,ニシカクマ,福井県,今立郡池田町,西角間
9102502,フクイケン,イマダテグンイケダチョウ,ノジリ,福井県,今立郡池田町,野尻
9102531,フクイケン,イマダテグンイケダチョウ,ヒガシカクマ,福井県,今立郡池田町,東角間
9102533,フクイケン,イマダテグンイケダチョウ,ヒガシマタ,福井県,今立郡池田町,東俣
9102506,フクイケン,イマダテグンイケダチョウ,ヒロセ,福井県,今立郡池田町,広瀬
9102556,フクイケン,イマダテグンイケダチョウ,マツガタニ,福井県,今立郡池田町,松ケ谷
9102505,フクイケン,イマダテグンイケダチョウ,ミズウミ,福井県,今立郡池田町,水海
9102501,フクイケン,イマダテグンイケダチョウ,モチコシ,福井県,今立郡池田町,持越
9102511,フクイケン,イマダテグンイケダチョウ,ヤブタ,福井県,今立郡池田町,薮田
9102516,フクイケン,イマダテグンイケダチョウ,ヤマダ,福井県,今立郡池田町,山田
9190200,フクイケン,ナンジョウグンミナミエチゼンチョウ,イカニケイサイガナイバアイ,福井県,南条郡南越前町,以下に掲載がない場合
9190121,フクイケン,ナンジョウグンミナミエチゼンチョウ,アイバ,福井県,南条郡南越前町,合波
9151105,フクイケン,ナンジョウグンミナミエチゼンチョウ,アカハギ,福井県,南条郡南越前町,赤萩
9190213,フクイケン,ナンジョウグンミナミエチゼンチョウ,アクワ,福井県,南条郡南越前町,阿久和
9190123,フクイケン,ナンジョウグンミナミエチゼンチョウ,アライ,福井県,南条郡南越前町,荒井
9190128,フクイケン,ナンジョウグンミナミエチゼンチョウ,イタドリ,福井県,南条郡南越前町,板取
9151112,フクイケン,ナンジョウグンミナミエチゼンチョウ,イマイズミ,福井県,南条郡南越前町,今泉
9190131,フクイケン,ナンジョウグンミナミエチゼンチョウ,イマジョウ,福井県,南条郡南越前町,今庄
9190202,フクイケン,ナンジョウグンミナミエチゼンチョウ,イモノシ,福井県,南条郡南越前町,鋳物師
9190204,フクイケン,ナンジョウグンミナミエチゼンチョウ,ウエノ,福井県,南条郡南越前町,上野
9190125,フクイケン,ナンジョウグンミナミエチゼンチョウ,ウツオ,福井県,南条郡南越前町,宇津尾
9190136,フクイケン,ナンジョウグンミナミエチゼンチョウ,オオギリ,福井県,南条郡南越前町,大桐
9151103,フクイケン,ナンジョウグンミナミエチゼンチョウ,オオタニ,福井県,南条郡南越前町,大谷
9190215,フクイケン,ナンジョウグンミナミエチゼンチョウ,オクノノ,福井県,南条郡南越前町,奥野々
9190114,フクイケン,ナンジョウグンミナミエチゼンチョウ,オグラタニ,福井県,南条郡南越前町,小倉谷
9190206,フクイケン,ナンジョウグンミナミエチゼンチョウ,カネガス,福井県,南条郡南越前町,金粕
9151113,フクイケン,ナンジョウグンミナミエチゼンチョウ,カブラキ,福井県,南条郡南越前町,甲楽城
9190115,フクイケン,ナンジョウグンミナミエチゼンチョウ,カミヌクダニ,福井県,南条郡南越前町,上温谷
9190201,フクイケン,ナンジョウグンミナミエチゼンチョウ,カミヒラブキ,福井県,南条郡南越前町,上平吹
9190216,フクイケン,ナンジョウグンミナミエチゼンチョウ,カミベッショ,福井県,南条郡南越前町,上別所
9190119,フクイケン,ナンジョウグンミナミエチゼンチョウ,クキ,福井県,南条郡南越前町,久喜
9151101,フクイケン,ナンジョウグンミナミエチゼンチョウ,グダニ,福井県,南条郡南越前町,具谷
9151106,フクイケン,ナンジョウグンミナミエチゼンチョウ,コウチ,福井県,南条郡南越前町,河内
9151111,フクイケン,ナンジョウグンミナミエチゼンチョウ,コウノ,福井県,南条郡南越前町,河野
9190212,フクイケン,ナンジョウグンミナミエチゼンチョウ,サバナミ,福井県,南条郡南越前町,鯖波
9190221,フクイケン,ナンジョウグンミナミエチゼンチョウ,シマ,福井県,南条郡南越前町,島
9190226,フクイケン,ナンジョウグンミナミエチゼンチョウ,シミズ,福井県,南条郡南越前町,清水
9190133,フクイケン,ナンジョウグンミナミエチゼンチョウ,シンドウ,福井県,南条郡南越前町,新道
9190111,フクイケン,ナンジョウグンミナミエチゼンチョウ,スギタニ,福井県,南条郡南越前町,杉谷
9151102,フクイケン,ナンジョウグンミナミエチゼンチョウ,スゲノタニ,福井県,南条郡南越前町,菅谷
9190211,フクイケン,ナンジョウグンミナミエチゼンチョウ,セキガハナ,福井県,南条郡南越前町,関ケ鼻
9190113,フクイケン,ナンジョウグンミナミエチゼンチョウ,セト,福井県,南条郡南越前町,瀬戸
9190112,フクイケン,ナンジョウグンミナミエチゼンチョウ,ソマキマタ,福井県,南条郡南越前町,杣木俣
9190217,フクイケン,ナンジョウグンミナミエチゼンチョウ,ソマヤマ,福井県,南条郡南越前町,杣山
9190122,フクイケン,ナンジョウグンミナミエチゼンチョウ,ダイモン,福井県,南条郡南越前町,大門
9151104,フクイケン,ナンジョウグンミナミエチゼンチョウ,ダイラ,福井県,南条郡南越前町,大良
9190205,フクイケン,ナンジョウグンミナミエチゼンチョウ,ドウミヤ,福井県,南条郡南越前町,堂宮
9190214,フクイケン,ナンジョウグンミナミエチゼンチョウ,ナカゴヤ,福井県,南条郡南越前町,中小屋
9190118,フクイケン,ナンジョウグンミナミエチゼンチョウ,ナガサワ,福井県,南条郡南越前町,長沢
9190224,フクイケン,ナンジョウグンミナミエチゼンチョウ,ニシダイドウ,福井県,南条郡南越前町,西大道
9151114,フクイケン,ナンジョウグンミナミエチゼンチョウ,ヌカ,福井県,南条郡南越前町,糠
9151114,フクイケン,ナンジョウグンミナミエチゼンチョウ,ヌカ（ジンド）,福井県,南条郡南越前町,糠（神土）
9151114,フクイケン,ナンジョウグンミナミエチゼンチョウ,ヌカ（スギヤマ）,福井県,南条郡南越前町,糠（杉山）
9190126,フクイケン,ナンジョウグンミナミエチゼンチョウ,ハシタテ,福井県,南条郡南越前町,橋立
9190117,フクイケン,ナンジョウグンミナミエチゼンチョウ,バジョウメン,福井県,南条郡南越前町,馬上免
9151114,フクイケン,ナンジョウグンミナミエチゼンチョウ,ハッタ,福井県,南条郡南越前町,八田
9190104,フクイケン,ナンジョウグンミナミエチゼンチョウ,ヒウチ,福井県,南条郡南越前町,燧
9190223,フクイケン,ナンジョウグンミナミエチゼンチョウ,ヒガシダイドウ,福井県,南条郡南越前町,東大道
9190225,フクイケン,ナンジョウグンミナミエチゼンチョウ,ヒガシダニ,福井県,南条郡南越前町,東谷
9190222,フクイケン,ナンジョウグンミナミエチゼンチョウ,ヒノ,福井県,南条郡南越前町,日野
9190127,フクイケン,ナンジョウグンミナミエチゼンチョウ,ヒロノ,福井県,南条郡南越前町,広野
9190135,フクイケン,ナンジョウグンミナミエチゼンチョウ,フタツヤ,福井県,南条郡南越前町,二ツ屋
9190116,フクイケン,ナンジョウグンミナミエチゼンチョウ,フルキ,福井県,南条郡南越前町,古木
9190203,フクイケン,ナンジョウグンミナミエチゼンチョウ,マキダニ,福井県,南条郡南越前町,牧谷
9190129,フクイケン,ナンジョウグンミナミエチゼンチョウ,マゴタニ,福井県,南条郡南越前町,孫谷
9190132,フクイケン,ナンジョウグンミナミエチゼンチョウ,ミナミイマジョウ,福井県,南条郡南越前町,南今庄
9190124,フクイケン,ナンジョウグンミナミエチゼンチョウ,ヤイ,福井県,南条郡南越前町,八飯
9190102,フクイケン,ナンジョウグンミナミエチゼンチョウ,ヤオトメ,福井県,南条郡南越前町,八乙女
9190103,フクイケン,ナンジョウグンミナミエチゼンチョウ,ヤシロダニ,福井県,南条郡南越前町,社谷
9190101,フクイケン,ナンジョウグンミナミエチゼンチョウ,ユノオ,福井県,南条郡南越前町,湯尾
9190227,フクイケン,ナンジョウグンミナミエチゼンチョウ,ワキモト,福井県,南条郡南越前町,脇本
9160200,フクイケン,ニュウグンエチゼンチョウ,イカニケイサイガナイバアイ,福井県,丹生郡越前町,以下に掲載がない場合
9160152,フクイケン,ニュウグンエチゼンチョウ,アオノ,福井県,丹生郡越前町,青野
9160205,フクイケン,ニュウグンエチゼンチョウ,アカイダニ,福井県,丹生郡越前町,赤井谷
9160146,フクイケン,ニュウグンエチゼンチョウ,アサヒ,福井県,丹生郡越前町,朝日
9160101,フクイケン,ニュウグンエチゼンチョウ,アマダニ,福井県,丹生郡越前町,天谷
9160106,フクイケン,ニュウグンエチゼンチョウ,イカダマ,福井県,丹生郡越前町,大玉
9160135,フクイケン,ニュウグンエチゼンチョウ,イチ,福井県,丹生郡越前町,市
9160201,フクイケン,ニュウグンエチゼンチョウ,イリオ,福井県,丹生郡越前町,入尾
9160145,フクイケン,ニュウグンエチゼンチョウ,イワカイ,福井県,丹生郡越前町,岩開
9160212,フクイケン,ニュウグンエチゼンチョウ,イワクラ,福井県,丹生郡越前町,岩倉
9160126,フクイケン,ニュウグンエチゼンチョウ,ウシゴエ,福井県,丹生郡越前町,牛越
9160262,フクイケン,ニュウグンエチゼンチョウ,ウスオ,福井県,丹生郡越前町,宇須尾
9160143,フクイケン,ニュウグンエチゼンチョウ,ウダ,福井県,丹生郡越前町,宇田
9160147,フクイケン,ニュウグンエチゼンチョウ,ウチゴオリ,福井県,丹生郡越前町,内郡
9160216,フクイケン,ニュウグンエチゼンチョウ,ウチコシ,福井県,丹生郡越前町,打越
9160311,フクイケン,ニュウグンエチゼンチョウ,ウメウラ,福井県,丹生郡越前町,梅浦
9160143,フクイケン,ニュウグンエチゼンチョウ,ウルシモト,福井県,丹生郡越前町,漆本
9160214,フクイケン,ニュウグンエチゼンチョウ,ウワド,福井県,丹生郡越前町,上戸
9160267,フクイケン,ニュウグンエチゼンチョウ,ウワノ,福井県,丹生郡越前町,上野
9160255,フクイケン,ニュウグンエチゼンチョウ,エナミ,福井県,丹生郡越前町,江波
9160263,フクイケン,ニュウグンエチゼンチョウ,エンマ,福井県,丹生郡越前町,円満
9160206,フクイケン,ニュウグンエチゼンチョウ,オイマツ,福井県,丹生郡越前町,笈松
9160251,フクイケン,ニュウグンエチゼンチョウ,オオタニ,福井県,丹生郡越前町,大谷
9160117,フクイケン,ニュウグンエチゼンチョウ,オオタンジ,福井県,丹生郡越前町,大谷寺
9160121,フクイケン,ニュウグンエチゼンチョウ,オオバタ,福井県,丹生郡越前町,大畑
9160108,フクイケン,ニュウグンエチゼンチョウ,オガワ,福井県,丹生郡越前町,小川
9160111,フクイケン,ニュウグンエチゼンチョウ,オグラ,福井県,丹生郡越前町,小倉
9160316,フクイケン,ニュウグンエチゼンチョウ,オコノギ,福井県,丹生郡越前町,大樟
9160273,フクイケン,ニュウグンエチゼンチョウ,オゾワラ,福井県,丹生郡越前町,小曽原
9160215,フクイケン,ニュウグンエチゼンチョウ,オタ,福井県,丹生郡越前町,織田
9160131,フクイケン,ニュウグンエチゼンチョウ,オツサカ,福井県,丹生郡越前町,乙坂
9160272,フクイケン,ニュウグンエチゼンチョウ,カシヅ,福井県,丹生郡越前町,樫津
9160153,フクイケン,ニュウグンエチゼンチョウ,カシラダニ,福井県,丹生郡越前町,頭谷
9160112,フクイケン,ニュウグンエチゼンチョウ,カズラノ,福井県,丹生郡越前町,葛野
9160253,フクイケン,ニュウグンエチゼンチョウ,カダンジ,福井県,丹生郡越前町,蚊谷寺
9160151,フクイケン,ニュウグンエチゼンチョウ,カナヤ,福井県,丹生郡越前町,金谷
9160107,フクイケン,ニュウグンエチゼンチョウ,カミイトウ,福井県,丹生郡越前町,上糸生
9160142,フクイケン,ニュウグンエチゼンチョウ,カミカワサリ,福井県,丹生郡越前町,上川去
9160225,フクイケン,ニュウグンエチゼンチョウ,カミヤマナカ,福井県,丹生郡越前町,上山中
9160133,フクイケン,ニュウグンエチゼンチョウ,キヒショウ,福井県,丹生郡越前町,気比庄
9160275,フクイケン,ニュウグンエチゼンチョウ,クマダニ,福井県,丹生郡越前町,熊谷
9160155,フクイケン,ニュウグンエチゼンチョウ,グミワラ,福井県,丹生郡越前町,茱原
9160422,フクイケン,ニュウグンエチゼンチョウ,クリヤ,福井県,丹生郡越前町,厨
9160315,フクイケン,ニュウグンエチゼンチョウ,ココノギ,福井県,丹生郡越前町,小樟
9160428,フクイケン,ニュウグンエチゼンチョウ,ゴボウガダイラ,福井県,丹生郡越前町,午房ケ平
9160426,フクイケン,ニュウグンエチゼンチョウ,コメノ,福井県,丹生郡越前町,米ノ
9160154,フクイケン,ニュウグンエチゼンチョウ,サカイノ,福井県,丹生郡越前町,境野
9160213,フクイケン,ニュウグンエチゼンチョウ,サクラダニ,福井県,丹生郡越前町,桜谷
9160211,フクイケン,ニュウグンエチゼンチョウ,ササガワ,福井県,丹生郡越前町,笹川
9160144,フクイケン,ニュウグンエチゼンチョウ,サソウ,福井県,丹生郡越前町,佐々生
9160114,フクイケン,ニュウグンエチゼンチョウ,シモイトウ,福井県,丹生郡越前町,下糸生
9160223,フクイケン,ニュウグンエチゼンチョウ,シモガワラ,福井県,丹生郡越前町,下河原
9160226,フクイケン,ニュウグンエチゼンチョウ,シモヤマナカ,福井県,丹生郡越前町,下山中
9160312,フクイケン,ニュウグンエチゼンチョウ,シュク,福井県,丹生郡越前町,宿
9160314,フクイケン,ニュウグンエチゼンチョウ,ジョウガタニ,福井県,丹生郡越前町,城ケ谷
9160105,フクイケン,ニュウグンエチゼンチョウ,ショウズ,福井県,丹生郡越前町,清水
9160424,フクイケン,ニュウグンエチゼンチョウ,シラハマ,福井県,丹生郡越前町,白浜
9160134,フクイケン,ニュウグンエチゼンチョウ,シンショウ,福井県,丹生郡越前町,新庄
9160313,フクイケン,ニュウグンエチゼンチョウ,シンボ,福井県,丹生郡越前町,新保
9160268,フクイケン,ニュウグンエチゼンチョウ,スエノタニ,福井県,丹生郡越前町,陶の谷
9160252,フクイケン,ニュウグンエチゼンチョウ,セミグチ,福井県,丹生郡越前町,蝉口
9160302,フクイケン,ニュウグンエチゼンチョウ,ソウ,福井県,丹生郡越前町,左右
9160222,フクイケン,ニュウグンエチゼンチョウ,ダイオウマル,福井県,丹生郡越前町,大王丸
9160224,フクイケン,ニュウグンエチゼンチョウ,タイラ,福井県,丹生郡越前町,平等
9160425,フクイケン,ニュウグンエチゼンチョウ,タカサ,福井県,丹生郡越前町,高佐
9160132,フクイケン,ニュウグンエチゼンチョウ,タナカ,福井県,丹生郡越前町,田中
9160304,フクイケン,ニュウグンエチゼンチョウ,タマガワ,福井県,丹生郡越前町,玉川
9160303,フクイケン,ニュウグンエチゼンチョウ,チガダイラ,福井県,丹生郡越前町,血ケ平
9160103,フクイケン,ニュウグンエチゼンチョウ,ツエタテ,福井県,丹生郡越前町,杖立
9160266,フクイケン,ニュウグンエチゼンチョウ,テラ,福井県,丹生郡越前町,寺
9160122,フクイケン,ニュウグンエチゼンチョウ,テンノウ,福井県,丹生郡越前町,天王
9160123,フクイケン,ニュウグンエチゼンチョウ,テンポウ,福井県,丹生郡越前町,天宝
9160136,フクイケン,ニュウグンエチゼンチョウ,トチカワ,福井県,丹生郡越前町,栃川
9160204,フクイケン,ニュウグンエチゼンチョウ,ナカ,福井県,丹生郡越前町,中
9160116,フクイケン,ニュウグンエチゼンチョウ,ナカノ,福井県,丹生郡越前町,中野
9160301,フクイケン,ニュウグンエチゼンチョウ,ナシガダイラ,福井県,丹生郡越前町,梨子ヶ平
9160219,フクイケン,ニュウグンエチゼンチョウ,ニシガオカ,福井県,丹生郡越前町,西ケ丘
9160141,フクイケン,ニュウグンエチゼンチョウ,ニシタナカ,福井県,丹生郡越前町,西田中
9160261,フクイケン,ニュウグンエチゼンチョウ,ノ,福井県,丹生郡越前町,野
9160127,フクイケン,ニュウグンエチゼンチョウ,ノズエ,福井県,丹生郡越前町,野末
9160113,フクイケン,ニュウグンエチゼンチョウ,ノダ,福井県,丹生郡越前町,野田
9160218,フクイケン,ニュウグンエチゼンチョウ,ハギノ,福井県,丹生郡越前町,萩野
9160264,フクイケン,ニュウグンエチゼンチョウ,ハッタ,福井県,丹生郡越前町,八田
9160265,フクイケン,ニュウグンエチゼンチョウ,ハッタシンボ,福井県,丹生郡越前町,八田新保
9160156,フクイケン,ニュウグンエチゼンチョウ,ヒガシウチゴオリ,福井県,丹生郡越前町,東内郡
9160254,フクイケン,ニュウグンエチゼンチョウ,ヒロノ,福井県,丹生郡越前町,広野
9160271,フクイケン,ニュウグンエチゼンチョウ,フナバ,福井県,丹生郡越前町,舟場
9160276,フクイケン,ニュウグンエチゼンチョウ,フルヤ,福井県,丹生郡越前町,古屋
9160124,フクイケン,ニュウグンエチゼンチョウ,ホウセンジ,福井県,丹生郡越前町,宝泉寺
9160202,フクイケン,ニュウグンエチゼンチョウ,ホソノ,福井県,丹生郡越前町,細野
9160102,フクイケン,ニュウグンエチゼンチョウ,マキ,福井県,丹生郡越前町,真木
9160274,フクイケン,ニュウグンエチゼンチョウ,マスタニ,福井県,丹生郡越前町,増谷
9160217,フクイケン,ニュウグンエチゼンチョウ,マルヤマ,福井県,丹生郡越前町,丸山
9160221,フクイケン,ニュウグンエチゼンチョウ,ミサキ,福井県,丹生郡越前町,三崎
9160421,フクイケン,ニュウグンエチゼンチョウ,ミチグチ,福井県,丹生郡越前町,道口
9160137,フクイケン,ニュウグンエチゼンチョウ,ミヤノニシダンチ,福井県,丹生郡越前町,宮の西団地
9160423,フクイケン,ニュウグンエチゼンチョウ,モハラ,福井県,丹生郡越前町,茂原
9160104,フクイケン,ニュウグンエチゼンチョウ,モリ,福井県,丹生郡越前町,森
9160203,フクイケン,ニュウグンエチゼンチョウ,ヤマダ,福井県,丹生郡越前町,山田
9160125,フクイケン,ニュウグンエチゼンチョウ,ヨコヤマ,福井県,丹生郡越前町,横山
9160227,フクイケン,ニュウグンエチゼンチョウ,ヨツスギ,福井県,丹生郡越前町,四ツ杉
9160427,フクイケン,ニュウグンエチゼンチョウ,ロクロシ,福井県,丹生郡越前町,六呂師
9160115,フクイケン,ニュウグンエチゼンチョウ,ワキ,福井県,丹生郡越前町,脇
9191100,フクイケン,ミカタグンミハマチョウ,イカニケイサイガナイバアイ,福井県,三方郡美浜町,以下に掲載がない場合
9191133,フクイケン,ミカタグンミハマチョウ,アソ,福井県,三方郡美浜町,麻生
9191135,フクイケン,ミカタグンミハマチョウ,イサダニ,福井県,三方郡美浜町,五十谷
9191206,フクイケン,ミカタグンミハマチョウ,オオタ,福井県,三方郡美浜町,太田
9191146,フクイケン,ミカタグンミハマチョウ,オオヤブ,福井県,三方郡美浜町,大薮
9191145,フクイケン,ミカタグンミハマチョウ,カナヤマ,福井県,三方郡美浜町,金山
9191138,フクイケン,ミカタグンミハマチョウ,カワライチ,福井県,三方郡美浜町,河原市
9191204,フクイケン,ミカタグンミハマチョウ,キタダ,福井県,三方郡美浜町,北田
9191131,フクイケン,ミカタグンミハマチョウ,キノ,福井県,三方郡美浜町,木野
9191147,フクイケン,ミカタグンミハマチョウ,キヤマ,福井県,三方郡美浜町,気山
9191123,フクイケン,ミカタグンミハマチョウ,クグシ,福井県,三方郡美浜町,久々子
9191141,フクイケン,ミカタグンミハマチョウ,ゴイチ,福井県,三方郡美浜町,郷市
9191142,フクイケン,ミカタグンミハマチョウ,コウドウジ,福井県,三方郡美浜町,興道寺
9191208,フクイケン,ミカタグンミハマチョウ,サカジリ,福井県,三方郡美浜町,坂尻
9191132,フクイケン,ミカタグンミハマチョウ,サガキ,福井県,三方郡美浜町,佐柿
9191125,フクイケン,ミカタグンミハマチョウ,ササダ,福井県,三方郡美浜町,笹田
9191205,フクイケン,ミカタグンミハマチョウ,サタ,福井県,三方郡美浜町,佐田
9191143,フクイケン,ミカタグンミハマチョウ,サノ,福井県,三方郡美浜町,佐野
9191144,フクイケン,ミカタグンミハマチョウ,シンジョウ,福井県,三方郡美浜町,新庄
9191203,フクイケン,ミカタグンミハマチョウ,スガハマ,福井県,三方郡美浜町,菅浜
9191202,フクイケン,ミカタグンミハマチョウ,タケナミ,福井県,三方郡美浜町,竹波
9191136,フクイケン,ミカタグンミハマチョウ,ナカデラ,福井県,三方郡美浜町,中寺
9191201,フクイケン,ミカタグンミハマチョウ,ニュウ,福井県,三方郡美浜町,丹生
9191124,フクイケン,ミカタグンミハマチョウ,ハヤセ,福井県,三方郡美浜町,早瀬
9191126,フクイケン,ミカタグンミハマチョウ,ヒルガ,福井県,三方郡美浜町,日向
9191122,フクイケン,ミカタグンミハマチョウ,マツバラ,福井県,三方郡美浜町,松原
9191137,フクイケン,ミカタグンミハマチョウ,ミナミイチ,福井県,三方郡美浜町,南市
9191134,フクイケン,ミカタグンミハマチョウ,ミヤシロ,福井県,三方郡美浜町,宮代
9191135,フクイケン,ミカタグンミハマチョウ,ヤスエ,福井県,三方郡美浜町,安江
9191207,フクイケン,ミカタグンミハマチョウ,ヤマガミ,福井県,三方郡美浜町,山上
9191135,フクイケン,ミカタグンミハマチョウ,ヨリト,福井県,三方郡美浜町,寄戸
9191121,フクイケン,ミカタグンミハマチョウ,ワダ,福井県,三方郡美浜町,和田
9192200,フクイケン,オオイグンタカハマチョウ,イカニケイサイガナイバアイ,福井県,大飯郡高浜町,以下に掲載がない場合
9192384,フクイケン,オオイグンタカハマチョウ,アオ,福井県,大飯郡高浜町,青
9192204,フクイケン,オオイグンタカハマチョウ,アオト,福井県,大飯郡高浜町,青戸
9192375,フクイケン,オオイグンタカハマチョウ,アサヒガオカ,福井県,大飯郡高浜町,旭ケ丘
9192202,フクイケン,オオイグンタカハマチョウ,アヅチ,福井県,大飯郡高浜町,安土
9192376,フクイケン,オオイグンタカハマチョウ,イマデラ,福井県,大飯郡高浜町,今寺
9192222,フクイケン,オオイグンタカハマチョウ,イワガミ,福井県,大飯郡高浜町,岩神
9192356,フクイケン,オオイグンタカハマチョウ,ウワセ,福井県,大飯郡高浜町,上瀬
9192363,フクイケン,オオイグンタカハマチョウ,オグルイ,福井県,大飯郡高浜町,小黒飯
9192361,フクイケン,オオイグンタカハマチョウ,オトミ,福井県,大飯郡高浜町,音海
9192216,フクイケン,オオイグンタカハマチョウ,カサハラ,福井県,大飯郡高浜町,笠原
9192212,フクイケン,オオイグンタカハマチョウ,カネヨリ,福井県,大飯郡高浜町,鐘寄
9192352,フクイケン,オオイグンタカハマチョウ,カマクラ,福井県,大飯郡高浜町,鎌倉
9192206,フクイケン,オオイグンタカハマチョウ,カミクラモチ,福井県,大飯郡高浜町,上車持
9192365,フクイケン,オオイグンタカハマチョウ,コウノ,福井県,大飯郡高浜町,神野
9192366,フクイケン,オオイグンタカハマチョウ,コウノウラ,福井県,大飯郡高浜町,神野浦
9192221,フクイケン,オオイグンタカハマチョウ,コトシロ,福井県,大飯郡高浜町,事代
9192216,フクイケン,オオイグンタカハマチョウ,コビ,福井県,大飯郡高浜町,子生
9192373,フクイケン,オオイグンタカハマチョウ,コワダ,福井県,大飯郡高浜町,小和田
9192216,フクイケン,オオイグンタカハマチョウ,サカタ,福井県,大飯郡高浜町,坂田
9192229,フクイケン,オオイグンタカハマチョウ,サンメイ,福井県,大飯郡高浜町,三明
9192228,フクイケン,オオイグンタカハマチョウ,シオド,福井県,大飯郡高浜町,塩土
9192223,フクイケン,オオイグンタカハマチョウ,シスイガオカ,福井県,大飯郡高浜町,紫水ケ丘
9192353,フクイケン,オオイグンタカハマチョウ,シモ,福井県,大飯郡高浜町,下
9192205,フクイケン,オオイグンタカハマチョウ,シモクラモチ,福井県,大飯郡高浜町,下車持
9192203,フクイケン,オオイグンタカハマチョウ,スイメイ,福井県,大飯郡高浜町,水明
9192386,フクイケン,オオイグンタカハマチョウ,セキヤ,福井県,大飯郡高浜町,関屋
9192224,フクイケン,オオイグンタカハマチョウ,ソノベ,福井県,大飯郡高浜町,薗部
9192374,フクイケン,オオイグンタカハマチョウ,タカノ,福井県,大飯郡高浜町,高野
9192372,フクイケン,オオイグンタカハマチョウ,タカヤ,福井県,大飯郡高浜町,高屋
9192226,フクイケン,オオイグンタカハマチョウ,タテイシ,福井県,大飯郡高浜町,立石
9192362,フクイケン,オオイグンタカハマチョウ,タノウラ,福井県,大飯郡高浜町,田ノ浦
9192211,フクイケン,オオイグンタカハマチョウ,ナカツミ,福井県,大飯郡高浜町,中津海
9192371,フクイケン,オオイグンタカハマチョウ,ナカヤマ,福井県,大飯郡高浜町,中山
9192364,フクイケン,オオイグンタカハマチョウ,ナバエ,福井県,大飯郡高浜町,難波江
9192381,フクイケン,オオイグンタカハマチョウ,ニシミツマツ,福井県,大飯郡高浜町,西三松
9192213,フクイケン,オオイグンタカハマチョウ,ハタ,福井県,大飯郡高浜町,畑
9192382,フクイケン,オオイグンタカハマチョウ,ヒガシミツマツ,福井県,大飯郡高浜町,東三松
9192383,フクイケン,オオイグンタカハマチョウ,ヒキ,福井県,大飯郡高浜町,日置
9192355,フクイケン,オオイグンタカハマチョウ,ヒビキ,福井県,大飯郡高浜町,日引
9192375,フクイケン,オオイグンタカハマチョウ,ヒルバタケ,福井県,大飯郡高浜町,蒜畠
9192207,フクイケン,オオイグンタカハマチョウ,マゴジ,福井県,大飯郡高浜町,馬居寺
9192372,フクイケン,オオイグンタカハマチョウ,ミドリガオカ,福井県,大飯郡高浜町,緑ケ丘
9192215,フクイケン,オオイグンタカハマチョウ,ミナミダンチ,福井県,大飯郡高浜町,南団地
9192354,フクイケン,オオイグンタカハマチョウ,ミヤオ,福井県,大飯郡高浜町,宮尾
9192225,フクイケン,オオイグンタカハマチョウ,ミヤザキ,福井県,大飯郡高浜町,宮崎
9192351,フクイケン,オオイグンタカハマチョウ,ヤマナカ,福井県,大飯郡高浜町,山中
9192214,フクイケン,オオイグンタカハマチョウ,ユタニ,福井県,大飯郡高浜町,湯谷
9192385,フクイケン,オオイグンタカハマチョウ,ヨコツミ,福井県,大飯郡高浜町,横津海
9192387,フクイケン,オオイグンタカハマチョウ,ロクロダニ,福井県,大飯郡高浜町,六路谷
9192227,フクイケン,オオイグンタカハマチョウ,ワカミヤ,福井県,大飯郡高浜町,若宮
9192201,フクイケン,オオイグンタカハマチョウ,ワダ,福井県,大飯郡高浜町,和田
9192100,フクイケン,オオイグンオオイチョウ,イカニケイサイガナイバアイ,福井県,大飯郡おおい町,以下に掲載がない場合
9192125,フクイケン,オオイグンオオイチョウ,イシヤマ,福井県,大飯郡おおい町,石山
9192106,フクイケン,オオイグンオオイチョウ,イヌミ,福井県,大飯郡おおい町,犬見
9192101,フクイケン,オオイグンオオイチョウ,オオシマ,福井県,大飯郡おおい町,大島
9192116,フクイケン,オオイグンオオイチョウ,オカタ,福井県,大飯郡おおい町,岡田
9192128,フクイケン,オオイグンオオイチョウ,オカヤス,福井県,大飯郡おおい町,岡安
9192103,フクイケン,オオイグンオオイチョウ,オナイ,福井県,大飯郡おおい町,尾内
9192134,フクイケン,オオイグンオオイチョウ,カワカミ,福井県,大飯郡おおい町,川上
9192133,フクイケン,オオイグンオオイチョウ,クボ,福井県,大飯郡おおい町,久保
9192122,フクイケン,オオイグンオオイチョウ,コウザキ,福井県,大飯郡おおい町,神崎
9192124,フクイケン,オオイグンオオイチョウ,コシヤタ,福井県,大飯郡おおい町,小車田
9192105,フクイケン,オオイグンオオイチョウ,コホリ,福井県,大飯郡おおい町,小堀
9192127,フクイケン,オオイグンオオイチョウ,ササダニ,福井県,大飯郡おおい町,笹谷
9192126,フクイケン,オオイグンオオイチョウ,サバタ,福井県,大飯郡おおい町,佐畑
9192123,フクイケン,オオイグンオオイチョウ,シカノ,福井県,大飯郡おおい町,鹿野
9192113,フクイケン,オオイグンオオイチョウ,シバサキ,福井県,大飯郡おおい町,芝崎
9192104,フクイケン,オオイグンオオイチョウ,セイワ,福井県,大飯郡おおい町,成和
9192115,フクイケン,オオイグンオオイチョウ,チチシ,福井県,大飯郡おおい町,父子
9192102,フクイケン,オオイグンオオイチョウ,ナガイ,福井県,大飯郡おおい町,長井
9170363,フクイケン,オオイグンオオイチョウ,ナタショウアゲノ,福井県,大飯郡おおい町,名田庄挙野
9170361,フクイケン,オオイグンオオイチョウ,ナタショウアゲハラ,福井県,大飯郡おおい町,名田庄挙原
9170385,フクイケン,オオイグンオオイチョウ,ナタショウイガミ,福井県,大飯郡おおい町,名田庄井上
9170387,フクイケン,オオイグンオオイチョウ,ナタショウオクサカモト,福井県,大飯郡おおい町,名田庄奥坂本
9170371,フクイケン,オオイグンオオイチョウ,ナタショウオグラ,福井県,大飯郡おおい町,名田庄小倉
9170365,フクイケン,オオイグンオオイチョウ,ナタショウオグラハタ,福井県,大飯郡おおい町,名田庄小倉畑
9170361,フクイケン,オオイグンオオイチョウ,ナタショウキダニ,福井県,大飯郡おおい町,名田庄木谷
9170386,フクイケン,オオイグンオオイチョウ,ナタショウクチサカモト,福井県,大飯郡おおい町,名田庄口坂本
9170383,フクイケン,オオイグンオオイチョウ,ナタショウシモ,福井県,大飯郡おおい町,名田庄下
9170373,フクイケン,オオイグンオオイチョウ,ナタショウソメガタニ,福井県,大飯郡おおい町,名田庄染ケ谷
9170361,フクイケン,オオイグンオオイチョウ,ナタショウデアイ,福井県,大飯郡おおい町,名田庄出合
9170372,フクイケン,オオイグンオオイチョウ,ナタショウドウモト,福井県,大飯郡おおい町,名田庄堂本
9170374,フクイケン,オオイグンオオイチョウ,ナタショウナカ,福井県,大飯郡おおい町,名田庄中
9170362,フクイケン,オオイグンオオイチョウ,ナタショウナガタニ,福井県,大飯郡おおい町,名田庄永谷
9170384,フクイケン,オオイグンオオイチョウ,ナタショウニシダニ,福井県,大飯郡おおい町,名田庄西谷
9170375,フクイケン,オオイグンオオイチョウ,ナタショウノタオイ,福井県,大飯郡おおい町,名田庄納田終
9170382,フクイケン,オオイグンオオイチョウ,ナタショウヒササカ,福井県,大飯郡おおい町,名田庄久坂
9170373,フクイケン,オオイグンオオイチョウ,ナタショウマキダニ,福井県,大飯郡おおい町,名田庄槇谷
9170381,フクイケン,オオイグンオオイチョウ,ナタショウミエ,福井県,大飯郡おおい町,名田庄三重
9170364,フクイケン,オオイグンオオイチョウ,ナタショウムシガノ,福井県,大飯郡おおい町,名田庄虫鹿野
9170361,フクイケン,オオイグンオオイチョウ,ナタショウムシダニ,福井県,大飯郡おおい町,名田庄虫谷
9192107,フクイケン,オオイグンオオイチョウ,ナルミ,福井県,大飯郡おおい町,成海
9192114,フクイケン,オオイグンオオイチョウ,ノジリ,福井県,大飯郡おおい町,野尻
9192129,フクイケン,オオイグンオオイチョウ,ヒロオカ,福井県,大飯郡おおい町,広岡
9192131,フクイケン,オオイグンオオイチョウ,フクタニ,福井県,大飯郡おおい町,福谷
9192111,フクイケン,オオイグンオオイチョウ,ホンゴウ,福井県,大飯郡おおい町,本郷
9192121,フクイケン,オオイグンオオイチョウ,マンガンジ,福井県,大飯郡おおい町,万願寺
9192135,フクイケン,オオイグンオオイチョウ,ミツモリ,福井県,大飯郡おおい町,三森
9192132,フクイケン,オオイグンオオイチョウ,ヤスカワ,福井県,大飯郡おおい町,安川
9192112,フクイケン,オオイグンオオイチョウ,ヤマダ,福井県,大飯郡おおい町,山田
9191300,フクイケン,ミカタカミナカグンワカサチョウ,イカニケイサイガナイバアイ,福井県,三方上中郡若狭町,以下に掲載がない場合
9191312,フクイケン,ミカタカミナカグンワカサチョウ,アイダ,福井県,三方上中郡若狭町,相田
9191523,フクイケン,ミカタカミナカグンワカサチョウ,アガリ,福井県,三方上中郡若狭町,安賀里
9191502,フクイケン,ミカタカミナカグンワカサチョウ,アソノ,福井県,三方上中郡若狭町,麻生野
9191501,フクイケン,ミカタカミナカグンワカサチョウ,アマサカ,福井県,三方上中郡若狭町,海士坂
9191507,フクイケン,ミカタカミナカグンワカサチョウ,アリダ,福井県,三方上中郡若狭町,有田
9191304,フクイケン,ミカタカミナカグンワカサチョウ,イクラ,福井県,三方上中郡若狭町,生倉
9191316,フクイケン,ミカタカミナカグンワカサチョウ,イザキ,福井県,三方上中郡若狭町,井崎
9191541,フクイケン,ミカタカミナカグンワカサチョウ,イチバ,福井県,三方上中郡若狭町,市場
9191542,フクイケン,ミカタカミナカグンワカサチョウ,イノクチ,福井県,三方上中郡若狭町,井ノ口
9191325,フクイケン,ミカタカミナカグンワカサチョウ,イワヤ,福井県,三方上中郡若狭町,岩屋
9191321,フクイケン,ミカタカミナカグンワカサチョウ,ウエノ,福井県,三方上中郡若狭町,上野
9191461,フクイケン,ミカタカミナカグンワカサチョウ,ウミヤマ,福井県,三方上中郡若狭町,海山
9191525,フクイケン,ミカタカミナカグンワカサチョウ,ウリュウ,福井県,三方上中郡若狭町,瓜生
9191302,フクイケン,ミカタカミナカグンワカサチョウ,ウワセ,福井県,三方上中郡若狭町,上瀬
9191504,フクイケン,ミカタカミナカグンワカサチョウ,オオトバ,福井県,三方上中郡若狭町,大鳥羽
9191453,フクイケン,ミカタカミナカグンワカサチョウ,オガワ,福井県,三方上中郡若狭町,小川
9191514,フクイケン,ミカタカミナカグンワカサチョウ,オハラ,福井県,三方上中郡若狭町,小原
9191554,フクイケン,ミカタカミナカグンワカサチョウ,カネダ,福井県,三方上中郡若狭町,兼田
9191503,フクイケン,ミカタカミナカグンワカサチョウ,カミクロダ,福井県,三方上中郡若狭町,上黒田
9191557,フクイケン,ミカタカミナカグンワカサチョウ,カミノギ,福井県,三方上中郡若狭町,上野木
9191527,フクイケン,ミカタカミナカグンワカサチョウ,カミヨシダ,福井県,三方上中郡若狭町,上吉田
9191534,フクイケン,ミカタカミナカグンワカサチョウ,カリヤ,福井県,三方上中郡若狭町,仮屋
9191305,フクイケン,ミカタカミナカグンワカサチョウ,キタマエガワ,福井県,三方上中郡若狭町,北前川
9191301,フクイケン,ミカタカミナカグンワカサチョウ,キヤマ,福井県,三方上中郡若狭町,気山
9191532,フクイケン,ミカタカミナカグンワカサチョウ,クマガワ,福井県,三方上中郡若狭町,熊川
9191323,フクイケン,ミカタカミナカグンワカサチョウ,クラミ,福井県,三方上中郡若狭町,倉見
9191544,フクイケン,ミカタカミナカグンワカサチョウ,コウダニ,福井県,三方上中郡若狭町,神谷
9191533,フクイケン,ミカタカミナカグンワカサチョウ,コウチ,福井県,三方上中郡若狭町,河内
9191512,フクイケン,ミカタカミナカグンワカサチョウ,サカナシ,福井県,三方上中郡若狭町,無悪
9191335,フクイケン,ミカタカミナカグンワカサチョウ,サコ,福井県,三方上中郡若狭町,佐古
9191521,フクイケン,ミカタカミナカグンワカサチョウ,シタナカ,福井県,三方上中郡若狭町,下タ中
9191462,フクイケン,ミカタカミナカグンワカサチョウ,シマノウチ,福井県,三方上中郡若狭町,島の内
9191559,フクイケン,ミカタカミナカグンワカサチョウ,シモノギ,福井県,三方上中郡若狭町,下野木
9191528,フクイケン,ミカタカミナカグンワカサチョウ,シモヨシダ,福井県,三方上中郡若狭町,下吉田
9191455,フクイケン,ミカタカミナカグンワカサチョウ,シャクシ,福井県,三方上中郡若狭町,塩坂越
9191322,フクイケン,ミカタカミナカグンワカサチョウ,ジョウガンジ,福井県,三方上中郡若狭町,成願寺
9191324,フクイケン,ミカタカミナカグンワカサチョウ,シロヤ,福井県,三方上中郡若狭町,白屋
9191531,フクイケン,ミカタカミナカグンワカサチョウ,シンドウ,福井県,三方上中郡若狭町,新道
9191522,フクイケン,ミカタカミナカグンワカサチョウ,スエノ,福井県,三方上中郡若狭町,末野
9191551,フクイケン,ミカタカミナカグンワカサチョウ,スギヤマ,福井県,三方上中郡若狭町,杉山
9191526,フクイケン,ミカタカミナカグンワカサチョウ,セキ,福井県,三方上中郡若狭町,関
9191464,フクイケン,ミカタカミナカグンワカサチョウ,セクミ,福井県,三方上中郡若狭町,世久見
9191462,フクイケン,ミカタカミナカグンワカサチョウ,タイ,福井県,三方上中郡若狭町,田井
9191315,フクイケン,ミカタカミナカグンワカサチョウ,タカギシ,福井県,三方上中郡若狭町,高岸
9191326,フクイケン,ミカタカミナカグンワカサチョウ,タガミ,福井県,三方上中郡若狭町,田上
9191332,フクイケン,ミカタカミナカグンワカサチョウ,タチカワ,福井県,三方上中郡若狭町,館川
9191334,フクイケン,ミカタカミナカグンワカサチョウ,タナ,福井県,三方上中郡若狭町,田名
9191556,フクイケン,ミカタカミナカグンワカサチョウ,タマキ,福井県,三方上中郡若狭町,玉置
9191333,フクイケン,ミカタカミナカグンワカサチョウ,チュウオウ,福井県,三方上中郡若狭町,中央
9191553,フクイケン,ミカタカミナカグンワカサチョウ,ツツミ,福井県,三方上中郡若狭町,堤
9191451,フクイケン,ミカタカミナカグンワカサチョウ,ツネカミ,福井県,三方上中郡若狭町,常神
9191543,フクイケン,ミカタカミナカグンワカサチョウ,テントクジ,福井県,三方上中郡若狭町,天徳寺
9191331,フクイケン,ミカタカミナカグンワカサチョウ,トリハマ,福井県,三方上中郡若狭町,鳥浜
9191505,フクイケン,ミカタカミナカグンワカサチョウ,ナガエ,福井県,三方上中郡若狭町,長江
9191558,フクイケン,ミカタカミナカグンワカサチョウ,ナカノギ,福井県,三方上中郡若狭町,中野木
9191463,フクイケン,ミカタカミナカグンワカサチョウ,ナルデ,福井県,三方上中郡若狭町,成出
9191314,フクイケン,ミカタカミナカグンワカサチョウ,ノトノ,福井県,三方上中郡若狭町,能登野
9191545,フクイケン,ミカタカミナカグンワカサチョウ,ヒカサ,福井県,三方上中郡若狭町,日笠
9191327,フクイケン,ミカタカミナカグンワカサチョウ,ヒガシクロタ,福井県,三方上中郡若狭町,東黒田
9191311,フクイケン,ミカタカミナカグンワカサチョウ,フジイ,福井県,三方上中郡若狭町,藤井
9191303,フクイケン,ミカタカミナカグンワカサチョウ,ミカタ,福井県,三方上中郡若狭町,三方
9191452,フクイケン,ミカタカミナカグンワカサチョウ,ミコ,福井県,三方上中郡若狭町,神子
9191511,フクイケン,ミカタカミナカグンワカサチョウ,ミショウノ,福井県,三方上中郡若狭町,三生野
9191328,フクイケン,ミカタカミナカグンワカサチョウ,ミソミダンチ,福井県,三方上中郡若狭町,三十三団地
9191513,フクイケン,ミカタカミナカグンワカサチョウ,ミタ,福井県,三方上中郡若狭町,三田
9191515,フクイケン,ミカタカミナカグンワカサチョウ,ミナミ,福井県,三方上中郡若狭町,南
9191306,フクイケン,ミカタカミナカグンワカサチョウ,ミナミマエガワ,福井県,三方上中郡若狭町,南前川
9191536,フクイケン,ミカタカミナカグンワカサチョウ,ミヤケ,福井県,三方上中郡若狭町,三宅
9191336,フクイケン,ミカタカミナカグンワカサチョウ,ムカサ,福井県,三方上中郡若狭町,向笠
9191555,フクイケン,ミカタカミナカグンワカサチョウ,ムシュウ,福井県,三方上中郡若狭町,武生
9191506,フクイケン,ミカタカミナカグンワカサチョウ,モチダ,福井県,三方上中郡若狭町,持田
9191516,フクイケン,ミカタカミナカグンワカサチョウ,ヤマウチ,福井県,三方上中郡若狭町,山内
9191454,フクイケン,ミカタカミナカグンワカサチョウ,ユウシ,福井県,三方上中郡若狭町,遊子
9191313,フクイケン,ミカタカミナカグンワカサチョウ,ヨコワタリ,福井県,三方上中郡若狭町,横渡
9191535,フクイケン,ミカタカミナカグンワカサチョウ,ワカオウジ,福井県,三方上中郡若狭町,若王子
9191552,フクイケン,ミカタカミナカグンワカサチョウ,ワカサテクノバレー,福井県,三方上中郡若狭町,若狭テクノバレー
9191524,フクイケン,ミカタカミナカグンワカサチョウ,ワキブクロ,福井県,三方上中郡若狭町,脇袋
