0100000,アキタケン,アキタシ,イカニケイサイガナイバアイ,秋田県,秋田市,以下に掲載がない場合
0100831,アキタケン,アキタシ,アサヒカワキヨスミマチ,秋田県,秋田市,旭川清澄町
0100833,アキタケン,アキタシ,アサヒカワシントウダヒガシマチ,秋田県,秋田市,旭川新藤田東町
0100832,アキタケン,アキタシ,アサヒカワシントウダニシマチ,秋田県,秋田市,旭川新藤田西町
0100834,アキタケン,アキタシ,アサヒカワミナミマチ,秋田県,秋田市,旭川南町
0101613,アキタケン,アキタシ,アラヤアサヒマチ,秋田県,秋田市,新屋朝日町
0101632,アキタケン,アキタシ,アラヤオオカワマチ,秋田県,秋田市,新屋大川町
0101637,アキタケン,アキタシ,アラヤオオギマチ,秋田県,秋田市,新屋扇町
0101634,アキタケン,アキタシ,アラヤオキタマチ,秋田県,秋田市,新屋沖田町
0101638,アキタケン,アキタシ,アラヤオモテマチ,秋田県,秋田市,新屋表町
0101603,アキタケン,アキタシ,アラヤカツヒラダイ,秋田県,秋田市,新屋勝平台
0101605,アキタケン,アキタシ,アラヤカツヒラマチ,秋田県,秋田市,新屋勝平町
0101608,アキタケン,アキタシ,アラヤキタハマチョウ,秋田県,秋田市,新屋北浜町
0101621,アキタケン,アキタシ,アラヤクリタマチ,秋田県,秋田市,新屋栗田町
0101606,アキタケン,アキタシ,アラヤコトブキマチ,秋田県,秋田市,新屋寿町
0101602,アキタケン,アキタシ,アラヤシタカワラマチ,秋田県,秋田市,新屋下川原町
0101642,アキタケン,アキタシ,アラヤシブヤマチ,秋田県,秋田市,新屋渋谷町
0101641,アキタケン,アキタシ,アラヤタカミマチ,秋田県,秋田市,新屋高美町
0101644,アキタケン,アキタシ,アラヤタジリザワナカマチ,秋田県,秋田市,新屋田尻沢中町
0101643,アキタケン,アキタシ,アラヤタジリザワヒガシマチ,秋田県,秋田市,新屋田尻沢東町
0101645,アキタケン,アキタシ,アラヤタジリザワニシマチ,秋田県,秋田市,新屋田尻沢西町
0101611,アキタケン,アキタシ,アラヤテンビンノ,秋田県,秋田市,新屋天秤野
0101633,アキタケン,アキタシ,アラヤトリキマチ,秋田県,秋田市,新屋鳥木町
0101636,アキタケン,アキタシ,アラヤヒナイマチ,秋田県,秋田市,新屋比内町
0101622,アキタケン,アキタシ,アラヤヒヨシマチ,秋田県,秋田市,新屋日吉町
0101615,アキタケン,アキタシ,アラヤフナバマチ,秋田県,秋田市,新屋船場町
0101635,アキタケン,アキタシ,アラヤマエノマチ,秋田県,秋田市,新屋前野町
0101617,アキタケン,アキタシ,アラヤマツミガオカヒガシチョウ,秋田県,秋田市,新屋松美ガ丘東町
0101616,アキタケン,アキタシ,アラヤマツミガオカミナミチョウ,秋田県,秋田市,新屋松美ガ丘南町
0101618,アキタケン,アキタシ,アラヤマツミガオカキタチョウ,秋田県,秋田市,新屋松美ガ丘北町
0101604,アキタケン,アキタシ,アラヤマツミマチ,秋田県,秋田市,新屋松美町
0101607,アキタケン,アキタシ,アラヤミナミハママチ,秋田県,秋田市,新屋南浜町
0101631,アキタケン,アキタシ,アラヤモトマチ,秋田県,秋田市,新屋元町
0101612,アキタケン,アキタシ,アラヤユタカマチ,秋田県,秋田市,新屋豊町
0101614,アキタケン,アキタシ,アラヤワリヤママチ,秋田県,秋田市,新屋割山町
0101623,アキタケン,アキタシ,アラヤマチ,秋田県,秋田市,新屋町
0110911,アキタケン,アキタシ,イイジマ,秋田県,秋田市,飯島
0110949,アキタケン,アキタシ,イイジマイイダ,秋田県,秋田市,飯島飯田
0110912,アキタケン,アキタシ,イイジマカワバタ,秋田県,秋田市,飯島川端
0110916,アキタケン,アキタシ,イイジマコクチョウ,秋田県,秋田市,飯島穀丁
0110947,アキタケン,アキタシ,イイジマシンチョウ,秋田県,秋田市,飯島新町
0110928,アキタケン,アキタシ,イイジマナガノカミチョウ,秋田県,秋田市,飯島長野上町
0110925,アキタケン,アキタシ,イイジマナガノナカチョウ,秋田県,秋田市,飯島長野中町
0110924,アキタケン,アキタシ,イイジマナガノホンチョウ,秋田県,秋田市,飯島長野本町
0110948,アキタケン,アキタシ,イイジマニシブクロ,秋田県,秋田市,飯島西袋
0110913,アキタケン,アキタシ,イイジマネズミタ,秋田県,秋田市,飯島鼠田
0110923,アキタケン,アキタシ,イイジマブンキョウチョウ,秋田県,秋田市,飯島文京町
0110922,アキタケン,アキタシ,イイジママツネヒガシチョウ,秋田県,秋田市,飯島松根東町
0110921,アキタケン,アキタシ,イイジママツネニシチョウ,秋田県,秋田市,飯島松根西町
0110914,アキタケン,アキタシ,イイジマミサゴチョウ,秋田県,秋田市,飯島美砂町
0110917,アキタケン,アキタシ,イイジマミチヒガシ,秋田県,秋田市,飯島道東
0110915,アキタケン,アキタシ,イイジマミドリガオカチョウ,秋田県,秋田市,飯島緑丘町
0100816,アキタケン,アキタシ,イズミ,秋田県,秋田市,泉
0100813,アキタケン,アキタシ,イズミイチノツボ,秋田県,秋田市,泉一ノ坪
0100811,アキタケン,アキタシ,イズミカマノマチ,秋田県,秋田市,泉釜ノ町
0100916,アキタケン,アキタシ,イズミキタ,秋田県,秋田市,泉北
0100817,アキタケン,アキタシ,イズミスガノ（チョウメ）,秋田県,秋田市,泉菅野（丁目）
0100917,アキタケン,アキタシ,イズミチュウオウ,秋田県,秋田市,泉中央
0100815,アキタケン,アキタシ,イズミババ,秋田県,秋田市,泉馬場
0100814,アキタケン,アキタシ,イズミヒガシマチ,秋田県,秋田市,泉東町
0100812,アキタケン,アキタシ,イズミミタケネ,秋田県,秋田市,泉三嶽根
0100918,アキタケン,アキタシ,イズミミナミ,秋田県,秋田市,泉南
0100064,アキタケン,アキタシ,ウシジマ,秋田県,秋田市,牛島
0100062,アキタケン,アキタシ,ウシジマヒガシ,秋田県,秋田市,牛島東
0100063,アキタケン,アキタシ,ウシジマニシ,秋田県,秋田市,牛島西
0100066,アキタケン,アキタシ,ウシジマミナミ,秋田県,秋田市,牛島南
0101436,アキタケン,アキタシ,オオスミ,秋田県,秋田市,大住
0101420,アキタケン,アキタシ,オオスミミナミ,秋田県,秋田市,大住南
0100921,アキタケン,アキタシ,オオマチ,秋田県,秋田市,大町
0101428,アキタケン,アキタシ,オオヒラダイ,秋田県,秋田市,大平台
0101424,アキタケン,アキタシ,オノバ,秋田県,秋田市,御野場
0101425,アキタケン,アキタシ,オノバシンマチ,秋田県,秋田市,御野場新町
0100061,アキタケン,アキタシ,オロシマチ,秋田県,秋田市,卸町
0100111,アキタケン,アキタシ,カナアシイワセ,秋田県,秋田市,金足岩瀬
0100113,アキタケン,アキタシ,カナアシウラヤマ,秋田県,秋田市,金足浦山
0100126,アキタケン,アキタシ,カナアシオイワケ,秋田県,秋田市,金足追分
0100115,アキタケン,アキタシ,カナアシオオシミズ,秋田県,秋田市,金足大清水
0100123,アキタケン,アキタシ,カナアシカタダ,秋田県,秋田市,金足片田
0100121,アキタケン,アキタシ,カナアシクロカワ,秋田県,秋田市,金足黒川
0100116,アキタケン,アキタシ,カナアシコイズミ,秋田県,秋田市,金足小泉
0100114,アキタケン,アキタシ,カナアシシタカリ,秋田県,秋田市,金足下刈
0100125,アキタケン,アキタシ,カナアシタカオカ,秋田県,秋田市,金足高岡
0100124,アキタケン,アキタシ,カナアシニオザキ,秋田県,秋田市,金足鳰崎
0100112,アキタケン,アキタシ,カナアシホリウチ,秋田県,秋田市,金足堀内
0100122,アキタケン,アキタシ,カナアシヨシダ,秋田県,秋田市,金足吉田
0101403,アキタケン,アキタシ,カミキタテアラマキ,秋田県,秋田市,上北手荒巻
0101401,アキタケン,アキタシ,カミキタテオオスギサワ,秋田県,秋田市,上北手大杉沢
0101408,アキタケン,アキタシ,カミキタテオオド,秋田県,秋田市,上北手大戸
0101405,アキタケン,アキタシ,カミキタテオオヤマダ,秋田県,秋田市,上北手大山田
0101402,アキタケン,アキタシ,カミキタテオヤマダ,秋田県,秋田市,上北手小山田
0101404,アキタケン,アキタシ,カミキタテコノ,秋田県,秋田市,上北手古野
0101411,アキタケン,アキタシ,カミキタテゴショノ,秋田県,秋田市,上北手御所野
0101406,アキタケン,アキタシ,カミキタテサルタ,秋田県,秋田市,上北手猿田
0101407,アキタケン,アキタシ,カミキタテモモザキ,秋田県,秋田市,上北手百崎
0100137,アキタケン,アキタシ,カミシンジョウイシナザカ,秋田県,秋田市,上新城石名坂
0100132,アキタケン,アキタシ,カミシンジョウオマタ,秋田県,秋田市,上新城小又
0100135,アキタケン,アキタシ,カミシンジョウゴジッチョウ,秋田県,秋田市,上新城五十丁
0100131,アキタケン,アキタシ,カミシンジョウシラヤマ,秋田県,秋田市,上新城白山
0100136,アキタケン,アキタシ,カミシンジョウナカ,秋田県,秋田市,上新城中
0100138,アキタケン,アキタシ,カミシンジョウホタノ,秋田県,秋田市,上新城保多野
0100134,アキタケン,アキタシ,カミシンジョウミチカワ,秋田県,秋田市,上新城道川
0100133,アキタケン,アキタシ,カミシンジョウユノサト,秋田県,秋田市,上新城湯ノ里
0100947,アキタケン,アキタシ,カワシリウエノマチ,秋田県,秋田市,川尻上野町
0100942,アキタケン,アキタシ,カワシリオオカワマチ,秋田県,秋田市,川尻大川町
0100943,アキタケン,アキタシ,カワシリオヤスミマチ,秋田県,秋田市,川尻御休町
0100948,アキタケン,アキタシ,カワシリシンカワマチ,秋田県,秋田市,川尻新川町
0100946,アキタケン,アキタシ,カワシリソウシャマチ,秋田県,秋田市,川尻総社町
0100945,アキタケン,アキタシ,カワシリミヨシマチ,秋田県,秋田市,川尻みよし町
0100944,アキタケン,アキタシ,カワシリワカバマチ,秋田県,秋田市,川尻若葉町
0100941,アキタケン,アキタシ,カワシリマチ,秋田県,秋田市,川尻町
0192623,アキタケン,アキタシ,カワベアカヒラ,秋田県,秋田市,河辺赤平
0192741,アキタケン,アキタシ,カワベイワミ,秋田県,秋田市,河辺岩見
0192624,アキタケン,アキタシ,カワベオオサワ,秋田県,秋田市,河辺大沢
0192632,アキタケン,アキタシ,カワベオオバリノ,秋田県,秋田市,河辺大張野
0192625,アキタケン,アキタシ,カワベキタノダコウヤ,秋田県,秋田市,河辺北野田高屋
0192742,アキタケン,アキタシ,カワベサンナイ,秋田県,秋田市,河辺三内
0192631,アキタケン,アキタシ,カワベジンナイ,秋田県,秋田市,河辺神内
0192622,アキタケン,アキタシ,カワベタカオカ,秋田県,秋田市,河辺高岡
0192611,アキタケン,アキタシ,カワベトシマ,秋田県,秋田市,河辺戸島
0192614,アキタケン,アキタシ,カワベトヨナリ,秋田県,秋田市,河辺豊成
0192612,アキタケン,アキタシ,カワベハタヤ,秋田県,秋田市,河辺畑谷
0192613,アキタケン,アキタシ,カワベマツブチ,秋田県,秋田市,河辺松渕
0192621,アキタケン,アキタシ,カワベモロイ,秋田県,秋田市,河辺諸井
0192601,アキタケン,アキタシ,カワベワダ,秋田県,秋田市,河辺和田
0100935,アキタケン,アキタシ,カワモトオガワマチ,秋田県,秋田市,川元小川町
0100932,アキタケン,アキタシ,カワモトカイワマチ,秋田県,秋田市,川元開和町
0100933,アキタケン,アキタシ,カワモトマツオカマチ,秋田県,秋田市,川元松丘町
0100934,アキタケン,アキタシ,カワモトムツミマチ,秋田県,秋田市,川元むつみ町
0100931,アキタケン,アキタシ,カワモトヤマシタマチ,秋田県,秋田市,川元山下町
0100925,アキタケン,アキタシ,キョクナン,秋田県,秋田市,旭南
0100922,アキタケン,アキタシ,キョクホクサカエマチ,秋田県,秋田市,旭北栄町
0100924,アキタケン,アキタシ,キョクホクテラマチ,秋田県,秋田市,旭北寺町
0100923,アキタケン,アキタシ,キョクホクニシキマチ,秋田県,秋田市,旭北錦町
0110927,アキタケン,アキタシ,コウホクシンチョウ,秋田県,秋田市,港北新町
0110926,アキタケン,アキタシ,コウホクマツノチョウ,秋田県,秋田市,港北松野町
0100966,アキタケン,アキタシ,コウヨウアオヤギチョウ,秋田県,秋田市,高陽青柳町
0100967,アキタケン,アキタシ,コウヨウサイワイチョウ,秋田県,秋田市,高陽幸町
0101412,アキタケン,アキタシ,ゴショノシモツツミ,秋田県,秋田市,御所野下堤
0101413,アキタケン,アキタシ,ゴショノジゾウデン,秋田県,秋田市,御所野地蔵田
0101419,アキタケン,アキタシ,ゴショノツツミダイ,秋田県,秋田市,御所野堤台
0101414,アキタケン,アキタシ,ゴショノモトマチ,秋田県,秋田市,御所野元町
0101415,アキタケン,アキタシ,ゴショノユモト,秋田県,秋田市,御所野湯本
0100042,アキタケン,アキタシ,サクラ,秋田県,秋田市,桜
0100043,アキタケン,アキタシ,サクラガオカ,秋田県,秋田市,桜ガ丘
0100059,アキタケン,アキタシ,サクラダイ,秋田県,秋田市,桜台
0100823,アキタケン,アキタシ,サンナイ,秋田県,秋田市,山内
0100951,アキタケン,アキタシ,サンノウ,秋田県,秋田市,山王
0100952,アキタケン,アキタシ,サンノウシンマチ,秋田県,秋田市,山王新町
0100955,アキタケン,アキタシ,サンノウナカジママチ,秋田県,秋田市,山王中島町
0100953,アキタケン,アキタシ,サンノウナカゾノマチ,秋田県,秋田市,山王中園町
0100954,アキタケン,アキタシ,サンノウヌマタマチ,秋田県,秋田市,山王沼田町
0100956,アキタケン,アキタシ,サンノウリンカイマチ,秋田県,秋田市,山王臨海町
0100056,アキタケン,アキタシ,シモキタテクロカワ,秋田県,秋田市,下北手黒川
0100058,アキタケン,アキタシ,シモキタテサクラ,秋田県,秋田市,下北手桜
0100053,アキタケン,アキタシ,シモキタテサムカワ,秋田県,秋田市,下北手寒川
0100054,アキタケン,アキタシ,シモキタテタカラカワ,秋田県,秋田市,下北手宝川
0100055,アキタケン,アキタシ,シモキタテトオリサワ,秋田県,秋田市,下北手通沢
0100057,アキタケン,アキタシ,シモキタテナシヒラ,秋田県,秋田市,下北手梨平
0100051,アキタケン,アキタシ,シモキタテマツサキ,秋田県,秋田市,下北手松崎
0100052,アキタケン,アキタシ,シモキタテヤナギタテ,秋田県,秋田市,下北手柳館
0100142,アキタケン,アキタシ,シモシンジョウアオザキ,秋田県,秋田市,下新城青崎
0100144,アキタケン,アキタシ,シモシンジョウイワキ,秋田県,秋田市,下新城岩城
0100143,アキタケン,アキタシ,シモシンジョウオトモ,秋田県,秋田市,下新城小友
0100145,アキタケン,アキタシ,シモシンジョウカサオカ,秋田県,秋田市,下新城笠岡
0100146,アキタケン,アキタシ,シモシンジョウナカノ,秋田県,秋田市,下新城中野
0100141,アキタケン,アキタシ,シモシンジョウナガオカ,秋田県,秋田市,下新城長岡
0101501,アキタケン,アキタシ,シモハマカツラネ,秋田県,秋田市,下浜桂根
0101502,アキタケン,アキタシ,シモハマナガハマ,秋田県,秋田市,下浜長浜
0101506,アキタケン,アキタシ,シモハマナラダ,秋田県,秋田市,下浜楢田
0101505,アキタケン,アキタシ,シモハマハッタ,秋田県,秋田市,下浜八田
0101503,アキタケン,アキタシ,シモハマハネカワ,秋田県,秋田市,下浜羽川
0101504,アキタケン,アキタシ,シモハマミョウガサワ,秋田県,秋田市,下浜名ケ沢
0110932,アキタケン,アキタシ,ショウグンノアオヤマチョウ,秋田県,秋田市,将軍野青山町
0110934,アキタケン,アキタシ,ショウグンノカツラチョウ,秋田県,秋田市,将軍野桂町
0110933,アキタケン,アキタシ,ショウグンノセキコシ,秋田県,秋田市,将軍野堰越
0110935,アキタケン,アキタシ,ショウグンノムカイヤマ,秋田県,秋田市,将軍野向山
0110931,アキタケン,アキタシ,ショウグンノヒガシ,秋田県,秋田市,将軍野東
0110936,アキタケン,アキタシ,ショウグンノミナミ,秋田県,秋田市,将軍野南
0100826,アキタケン,アキタシ,シントウダ,秋田県,秋田市,新藤田
0100872,アキタケン,アキタシ,センシュウキタノマル,秋田県,秋田市,千秋北の丸
0100874,アキタケン,アキタシ,センシュウクボタマチ,秋田県,秋田市,千秋久保田町
0100876,アキタケン,アキタシ,センシュウコウエン,秋田県,秋田市,千秋公園
0100873,アキタケン,アキタシ,センシュウジョウカマチ,秋田県,秋田市,千秋城下町
0100871,アキタケン,アキタシ,センシュウナカジママチ,秋田県,秋田市,千秋中島町
0100875,アキタケン,アキタシ,センシュウメイトクマチ,秋田県,秋田市,千秋明徳町
0100877,アキタケン,アキタシ,センシュウヤドメマチ,秋田県,秋田市,千秋矢留町
0100822,アキタケン,アキタシ,ソエガワ,秋田県,秋田市,添川
0100802,アキタケン,アキタシ,ソトアサヒカワ,秋田県,秋田市,外旭川
0100804,アキタケン,アキタシ,ソトアサヒカワハチマンデン（チョウメ）,秋田県,秋田市,外旭川八幡田（丁目）
0100803,アキタケン,アキタシ,ソトアサヒカワヤツヤナギ,秋田県,秋田市,外旭川八柳
0101105,アキタケン,アキタシ,タイヘイクロサワ,秋田県,秋田市,太平黒沢
0101104,アキタケン,アキタシ,タイヘイテラニワ,秋田県,秋田市,太平寺庭
0101103,アキタケン,アキタシ,タイヘイナカゼキ,秋田県,秋田市,太平中関
0101101,アキタケン,アキタシ,タイヘイハッタ,秋田県,秋田市,太平八田
0101102,アキタケン,アキタシ,タイヘイメナガサキ,秋田県,秋田市,太平目長崎
0101106,アキタケン,アキタシ,タイヘイヤマヤ,秋田県,秋田市,太平山谷
0110944,アキタケン,アキタシ,ツチザキミナトコクボチョウ,秋田県,秋田市,土崎港穀保町
0110951,アキタケン,アキタシ,ツチザキミナトソウゼンマチ,秋田県,秋田市,土崎港相染町
0110946,アキタケン,アキタシ,ツチザキミナトチュウオウ,秋田県,秋田市,土崎港中央
0110942,アキタケン,アキタシ,ツチザキミナトヒガシ,秋田県,秋田市,土崎港東
0110951,アキタケン,アキタシ,ツチザキミナトフルカワマチ,秋田県,秋田市,土崎港古川町
0110945,アキタケン,アキタシ,ツチザキミナトニシ,秋田県,秋田市,土崎港西
0110943,アキタケン,アキタシ,ツチザキミナトミナミ,秋田県,秋田市,土崎港南
0110941,アキタケン,アキタシ,ツチザキミナトキタ,秋田県,秋田市,土崎港北
0100851,アキタケン,アキタシ,テガタ,秋田県,秋田市,手形
0100861,アキタケン,アキタシ,テガタカラミデン,秋田県,秋田市,手形からみでん
0100852,アキタケン,アキタシ,テガタガクエンマチ,秋田県,秋田市,手形学園町
0100863,アキタケン,アキタシ,テガタキュウカマチ,秋田県,秋田市,手形休下町
0100865,アキタケン,アキタシ,テガタシンサカエマチ,秋田県,秋田市,手形新栄町
0100864,アキタケン,アキタシ,テガタスミヨシチョウ,秋田県,秋田市,手形住吉町
0100862,アキタケン,アキタシ,テガタタナカ,秋田県,秋田市,手形田中
0100854,アキタケン,アキタシ,テガタヤマザキチョウ,秋田県,秋田市,手形山崎町
0100844,アキタケン,アキタシ,テガタヤマナカマチ,秋田県,秋田市,手形山中町
0100843,アキタケン,アキタシ,テガタヤマヒガシマチ,秋田県,秋田市,手形山東町
0100841,アキタケン,アキタシ,テガタヤマニシマチ,秋田県,秋田市,手形山西町
0100845,アキタケン,アキタシ,テガタヤマミナミマチ,秋田県,秋田市,手形山南町
0100842,アキタケン,アキタシ,テガタヤマキタマチ,秋田県,秋田市,手形山北町
0110901,アキタケン,アキタシ,テラウチ,秋田県,秋田市,寺内
0110903,アキタケン,アキタシ,テラウチアブラデン,秋田県,秋田市,寺内油田
0110906,アキタケン,アキタシ,テラウチウシロジョウ,秋田県,秋田市,寺内後城
0110938,アキタケン,アキタシ,テラウチウノキ,秋田県,秋田市,寺内鵜ノ木
0110908,アキタケン,アキタシ,テラウチオオコウジ,秋田県,秋田市,寺内大小路
0110939,アキタケン,アキタシ,テラウチオオハタ,秋田県,秋田市,寺内大畑
0110905,アキタケン,アキタシ,テラウチカミヤシキ,秋田県,秋田市,寺内神屋敷
0110937,アキタケン,アキタシ,テラウチコウヤ,秋田県,秋田市,寺内高野
0110909,アキタケン,アキタシ,テラウチコザクラ,秋田県,秋田市,寺内児桜
0110902,アキタケン,アキタシ,テラウチドウノサワ,秋田県,秋田市,寺内堂ノ沢
0110904,アキタケン,アキタシ,テラウチヒルネ,秋田県,秋田市,寺内蛭根
0110907,アキタケン,アキタシ,テラウチヤケヤマ,秋田県,秋田市,寺内焼山
0101651,アキタケン,アキタシ,トヨイワイシダザカ,秋田県,秋田市,豊岩石田坂
0101653,アキタケン,アキタシ,トヨイワオヤマ,秋田県,秋田市,豊岩小山
0101652,アキタケン,アキタシ,トヨイワトヨマキ,秋田県,秋田市,豊岩豊巻
0100001,アキタケン,アキタシ,ナカドオリ,秋田県,秋田市,中通
0100034,アキタケン,アキタシ,ナラヤマ,秋田県,秋田市,楢山
0100037,アキタケン,アキタシ,ナラヤマアタゴシタ,秋田県,秋田市,楢山愛宕下
0100033,アキタケン,アキタシ,ナラヤマイシヅカチョウ,秋田県,秋田市,楢山石塚町
0100032,アキタケン,アキタシ,ナラヤマオオタマチ,秋田県,秋田市,楢山太田町
0100031,アキタケン,アキタシ,ナラヤマオオモトマチ,秋田県,秋田市,楢山大元町
0100029,アキタケン,アキタシ,ナラヤマカワグチサカイ,秋田県,秋田市,楢山川口境
0100028,アキタケン,アキタシ,ナラヤマキョウワマチ,秋田県,秋田市,楢山共和町
0100036,アキタケン,アキタシ,ナラヤマキンショウマチ,秋田県,秋田市,楢山金照町
0100025,アキタケン,アキタシ,ナラヤマサタケマチ,秋田県,秋田市,楢山佐竹町
0100038,アキタケン,アキタシ,ナラヤマジョウナンシンマチ,秋田県,秋田市,楢山城南新町
0100035,アキタケン,アキタシ,ナラヤマジョウナンマチ,秋田県,秋田市,楢山城南町
0100021,アキタケン,アキタシ,ナラヤマノボリマチ,秋田県,秋田市,楢山登町
0100026,アキタケン,アキタシ,ナラヤマフルカワシンマチ,秋田県,秋田市,楢山古川新町
0100023,アキタケン,アキタシ,ナラヤマホンチョウ,秋田県,秋田市,楢山本町
0100024,アキタケン,アキタシ,ナラヤマミナミシンマチカミチョウ,秋田県,秋田市,楢山南新町上丁
0100027,アキタケン,アキタシ,ナラヤマミナミシンマチシモチョウ,秋田県,秋田市,楢山南新町下丁
0100022,アキタケン,アキタシ,ナラヤマミナミナカチョウ,秋田県,秋田市,楢山南中町
0101423,アキタケン,アキタシ,ニイダ,秋田県,秋田市,仁井田
0101435,アキタケン,アキタシ,ニイダカタナカチョウ,秋田県,秋田市,仁井田潟中町
0101426,アキタケン,アキタシ,ニイダコナカジマ,秋田県,秋田市,仁井田小中島
0101433,アキタケン,アキタシ,ニイダサカエチョウ,秋田県,秋田市,仁井田栄町
0101427,アキタケン,アキタシ,ニイダシンデン,秋田県,秋田市,仁井田新田
0101434,アキタケン,アキタシ,ニイダフキミチョウ,秋田県,秋田市,仁井田蕗見町
0101432,アキタケン,アキタシ,ニイダフクシマ,秋田県,秋田市,仁井田福島
0101431,アキタケン,アキタシ,ニイダフタツヤ,秋田県,秋田市,仁井田二ツ屋
0101421,アキタケン,アキタシ,ニイダホンチョウ,秋田県,秋田市,仁井田本町
0101437,アキタケン,アキタシ,ニイダミドリチョウ,秋田県,秋田市,仁井田緑町
0101422,アキタケン,アキタシ,ニイダメナガタ,秋田県,秋田市,仁井田目長田
0100821,アキタケン,アキタシ,ニゴリカワ,秋田県,秋田市,濁川
0100824,アキタケン,アキタシ,ニベツ,秋田県,秋田市,仁別
0101654,アキタケン,アキタシ,ハマダ,秋田県,秋田市,浜田
0100065,アキタケン,アキタシ,バラジマ,秋田県,秋田市,茨島
0100003,アキタケン,アキタシ,ヒガシドオリ,秋田県,秋田市,東通
0100004,アキタケン,アキタシ,ヒガシドオリカンノンマエ,秋田県,秋田市,東通観音前
0100006,アキタケン,アキタシ,ヒガシドオリタテノコシ,秋田県,秋田市,東通館ノ越
0100002,アキタケン,アキタシ,ヒガシドオリナカマチ,秋田県,秋田市,東通仲町
0100005,アキタケン,アキタシ,ヒガシドオリミョウデン,秋田県,秋田市,東通明田
0100041,アキタケン,アキタシ,ヒロオモテ,秋田県,秋田市,広面
0100853,アキタケン,アキタシ,ヘビノ,秋田県,秋田市,蛇野
0100915,アキタケン,アキタシ,ホドノ,秋田県,秋田市,保戸野
0100902,アキタケン,アキタシ,ホドノカナサマチ,秋田県,秋田市,保戸野金砂町
0100901,アキタケン,アキタシ,ホドノサクラマチ,秋田県,秋田市,保戸野桜町
0100911,アキタケン,アキタシ,ホドノスワチョウ,秋田県,秋田市,保戸野すわ町
0100914,アキタケン,アキタシ,ホドノチヨダマチ,秋田県,秋田市,保戸野千代田町
0100913,アキタケン,アキタシ,ホドノテッポウマチ,秋田県,秋田市,保戸野鉄砲町
0100912,アキタケン,アキタシ,ホドノトオリマチ,秋田県,秋田市,保戸野通町
0100905,アキタケン,アキタシ,ホドノナカチョウ,秋田県,秋田市,保戸野中町
0100903,アキタケン,アキタシ,ホドノハッチョウ,秋田県,秋田市,保戸野八丁
0100904,アキタケン,アキタシ,ホドノハラノマチ,秋田県,秋田市,保戸野原の町
0101409,アキタケン,アキタシ,ミナミガオカ,秋田県,秋田市,南ケ丘
0100011,アキタケン,アキタシ,ミナミドオリカメノチョウ,秋田県,秋田市,南通亀の町
0100013,アキタケン,アキタシ,ミナミドオリツキジ,秋田県,秋田市,南通築地
0100012,アキタケン,アキタシ,ミナミドオリミソノマチ,秋田県,秋田市,南通みその町
0100014,アキタケン,アキタシ,ミナミドオリミヤタ,秋田県,秋田市,南通宮田
0101601,アキタケン,アキタシ,ムカイハマ,秋田県,秋田市,向浜
0100825,アキタケン,アキタシ,ヤナギダ,秋田県,秋田市,柳田
0100975,アキタケン,アキタシ,ヤバセ,秋田県,秋田市,八橋
0100961,アキタケン,アキタシ,ヤバセイサノ,秋田県,秋田市,八橋イサノ
0100974,アキタケン,アキタシ,ヤバセウンドウコウエン,秋田県,秋田市,八橋運動公園
0100963,アキタケン,アキタシ,ヤバセオオヌマチョウ,秋田県,秋田市,八橋大沼町
0100962,アキタケン,アキタシ,ヤバセオオハタ,秋田県,秋田市,八橋大畑
0100965,アキタケン,アキタシ,ヤバセシンカワムカイ,秋田県,秋田市,八橋新川向
0100977,アキタケン,アキタシ,ヤバセダイドウヒガシ,秋田県,秋田市,八橋大道東
0100972,アキタケン,アキタシ,ヤバセタゴロウ,秋田県,秋田市,八橋田五郎
0100964,アキタケン,アキタシ,ヤバセドジョウヌママチ,秋田県,秋田市,八橋鯲沼町
0100973,アキタケン,アキタシ,ヤバセホンチョウ,秋田県,秋田市,八橋本町
0100976,アキタケン,アキタシ,ヤバセミナミ,秋田県,秋田市,八橋南
0100971,アキタケン,アキタシ,ヤバセミワチョウ,秋田県,秋田市,八橋三和町
0101429,アキタケン,アキタシ,ヤマテダイ,秋田県,秋田市,山手台
0101231,アキタケン,アキタシ,ユウワアイカワ,秋田県,秋田市,雄和相川
0101341,アキタケン,アキタシ,ユウワアラワ,秋田県,秋田市,雄和新波
0101351,アキタケン,アキタシ,ユウワイカリダ,秋田県,秋田市,雄和碇田
0101222,アキタケン,アキタシ,ユウワイシダ,秋田県,秋田市,雄和石田
0101352,アキタケン,アキタシ,ユウワカヤガサワ,秋田県,秋田市,雄和萱ケ沢
0101225,アキタケン,アキタシ,ユウワサデコ,秋田県,秋田市,雄和左手子
0101202,アキタケン,アキタシ,ユウワシバノシンデン,秋田県,秋田市,雄和芝野新田
0101203,アキタケン,アキタシ,ユウワシモクロセ,秋田県,秋田市,雄和下黒瀬
0101342,アキタケン,アキタシ,ユウワジンガムラ,秋田県,秋田市,雄和神ケ村
0101201,アキタケン,アキタシ,ユウワタクサガワ,秋田県,秋田市,雄和田草川
0101224,アキタケン,アキタシ,ユウワタネザワ,秋田県,秋田市,雄和種沢
0101343,アキタケン,アキタシ,ユウワツナギ,秋田県,秋田市,雄和繋
0101211,アキタケン,アキタシ,ユウワツバキカワ,秋田県,秋田市,雄和椿川
0101232,アキタケン,アキタシ,ユウワトガザワ,秋田県,秋田市,雄和戸賀沢
0101212,アキタケン,アキタシ,ユウワヒラオトリ,秋田県,秋田市,雄和平尾鳥
0101221,アキタケン,アキタシ,ユウワヒラサワ,秋田県,秋田市,雄和平沢
0101223,アキタケン,アキタシ,ユウワミョウホウ,秋田県,秋田市,雄和妙法
0101344,アキタケン,アキタシ,ユウワムカイノ,秋田県,秋田市,雄和向野
0101233,アキタケン,アキタシ,ユウワメメキ,秋田県,秋田市,雄和女米木
0100044,アキタケン,アキタシ,ヨコモリ,秋田県,秋田市,横森
0101417,アキタケン,アキタシ,ヨツゴヤ,秋田県,秋田市,四ツ小屋
0101418,アキタケン,アキタシ,ヨツゴヤコアジ,秋田県,秋田市,四ツ小屋小阿地
0101416,アキタケン,アキタシ,ヨツゴヤスエドマツモト,秋田県,秋田市,四ツ小屋末戸松本
0160000,アキタケン,ノシロシ,イカニケイサイガナイバアイ,秋田県,能代市,以下に掲載がない場合
0160865,アキタケン,ノシロシ,アオバマチ,秋田県,能代市,青葉町
0160835,アキタケン,ノシロシ,アカヌマ,秋田県,能代市,赤沼
0160115,アキタケン,ノシロシ,アクド,秋田県,能代市,悪戸
0160179,アキタケン,ノシロシ,アサナイ,秋田県,能代市,浅内
0182802,アキタケン,ノシロシ,アマナイ,秋田県,能代市,天内
0160804,アキタケン,ノシロシ,アラマチ,秋田県,能代市,万町
0160102,アキタケン,ノシロシ,イッポンギ,秋田県,能代市,一本木
0160017,アキタケン,ノシロシ,イワオ,秋田県,能代市,磐
0160143,アキタケン,ノシロシ,ウエノヤマ,秋田県,能代市,上ノ山
0160144,アキタケン,ノシロシ,ウエノヤマダイ,秋田県,能代市,上ノ山台
0160863,アキタケン,ノシロシ,ウシロヤチ,秋田県,能代市,後谷地
0160136,アキタケン,ノシロシ,ウトリ,秋田県,能代市,鵜鳥
0160137,アキタケン,ノシロシ,ウドリアクド,秋田県,能代市,鵜鳥悪戸
0160138,アキタケン,ノシロシ,ウドリガワラ,秋田県,能代市,鵜鳥川原
0160141,アキタケン,ノシロシ,ウノサワ,秋田県,能代市,鵜ノ沢
0160135,アキタケン,ノシロシ,ウバフトコロ,秋田県,能代市,姥懐
0160842,アキタケン,ノシロシ,オイワケマチ,秋田県,能代市,追分町
0160122,アキタケン,ノシロシ,オウギダ,秋田県,能代市,扇田
0160162,アキタケン,ノシロシ,オオウチダ,秋田県,能代市,大内田
0160181,アキタケン,ノシロシ,オオセママシタ,秋田県,能代市,大瀬儘下
0160164,アキタケン,ノシロシ,オオツカ,秋田県,能代市,大塚
0160805,アキタケン,ノシロシ,オオテマチ,秋田県,能代市,大手町
0182812,アキタケン,ノシロシ,オオマガリ,秋田県,能代市,大曲
0160803,アキタケン,ノシロシ,オオマチ,秋田県,能代市,大町
0160155,アキタケン,ノシロシ,オオモリ,秋田県,能代市,大森
0160807,アキタケン,ノシロシ,オオモリヤマ,秋田県,能代市,大森山
0160014,アキタケン,ノシロシ,オチアイ,秋田県,能代市,落合
0160884,アキタケン,ノシロシ,オロシマチ,秋田県,能代市,卸町
0160876,アキタケン,ノシロシ,カイエイザカ,秋田県,能代市,海詠坂
0160121,アキタケン,ノシロシ,カイラゲフチ,秋田県,能代市,鰄渕
0160166,アキタケン,ノシロシ,カシコドコロ,秋田県,能代市,柏子所
0182813,アキタケン,ノシロシ,カミアクド,秋田県,能代市,上悪土
0160153,アキタケン,ノシロシ,カミセキ,秋田県,能代市,上関
0160172,アキタケン,ノシロシ,カミフルカワシキ,秋田県,能代市,上古川布
0160154,アキタケン,ノシロシ,カミヤチ,秋田県,能代市,上谷地
0160182,アキタケン,ノシロシ,カミヤナギ,秋田県,能代市,上柳
0160878,アキタケン,ノシロシ,ガリュウザン,秋田県,能代市,臥竜山
0160171,アキタケン,ノシロシ,カワトガワ,秋田県,能代市,河戸川
0160802,アキタケン,ノシロシ,カワバタマチ,秋田県,能代市,川反町
0160817,アキタケン,ノシロシ,カンマチ,秋田県,能代市,上町
0182814,アキタケン,ノシロシ,キツネモリ,秋田県,能代市,狐森
0182806,アキタケン,ノシロシ,クキサワ,秋田県,能代市,久喜沢
0160178,アキタケン,ノシロシ,クロウザエモンササダイ,秋田県,能代市,九郎左衛門笹台
0160892,アキタケン,ノシロシ,ケイリンマチ,秋田県,能代市,景林町
0160834,アキタケン,ノシロシ,ゲナイザキ,秋田県,能代市,下内崎
0160883,アキタケン,ノシロシ,ゴウンダイ,秋田県,能代市,五雲岱
0160815,アキタケン,ノシロシ,ゴシナンマチ,秋田県,能代市,御指南町
0160177,アキタケン,ノシロシ,ゴンゲンダイ,秋田県,能代市,権現台
0182804,アキタケン,ノシロシ,サイカチ,秋田県,能代市,槐
0160861,アキタケン,ノシロシ,サイカナガネ,秋田県,能代市,彩霞長根
0160846,アキタケン,ノシロシ,サカエマチ,秋田県,能代市,栄町
0160011,アキタケン,ノシロシ,サカガタ,秋田県,能代市,坂形
0182811,アキタケン,ノシロシ,サンブツ,秋田県,能代市,産物
0160167,アキタケン,ノシロシ,シオカラダ,秋田県,能代市,塩干田
0160167,アキタケン,ノシロシ,シオカラダマエ,秋田県,能代市,塩干田前
0160168,アキタケン,ノシロシ,ジッシュウザキ,秋田県,能代市,十洲崎
0160872,アキタケン,ノシロシ,シドウモリ,秋田県,能代市,芝童森
0160113,アキタケン,ノシロシ,シモアクド,秋田県,能代市,下悪戸
0160185,アキタケン,ノシロシ,シモセ,秋田県,能代市,下瀬
0160104,アキタケン,ノシロシ,シモセキ,秋田県,能代市,下関
0160186,アキタケン,ノシロシ,シモノ,秋田県,能代市,下野
0160173,アキタケン,ノシロシ,シモフルカワシキ,秋田県,能代市,下古川布
0160187,アキタケン,ノシロシ,シモヤナギ,秋田県,能代市,下柳
0160862,アキタケン,ノシロシ,ジュイキナガネ,秋田県,能代市,寿域長根
0160897,アキタケン,ノシロシ,ショウナンマチ,秋田県,能代市,昭南町
0160871,アキタケン,ノシロシ,ショウヘイダイ,秋田県,能代市,昇平岱
0160174,アキタケン,ノシロシ,シンザンマエ,秋田県,能代市,新山前
0160895,アキタケン,ノシロシ,スエヒロマチ,秋田県,能代市,末広町
0160015,アキタケン,ノシロシ,スダ,秋田県,能代市,須田
0160881,アキタケン,ノシロシ,スナドメヤマ,秋田県,能代市,砂留山
0160824,アキタケン,ノシロシ,スミヨシマチ,秋田県,能代市,住吉町
0160806,アキタケン,ノシロシ,セイスケマチ,秋田県,能代市,清助町
0160877,アキタケン,ノシロシ,センユウナガネ,秋田県,能代市,仙遊長根
0160163,アキタケン,ノシロシ,ソデマタ,秋田県,能代市,袖又
0160001,アキタケン,ノシロシ,ソトアラマキ,秋田県,能代市,外荒巻
0160146,アキタケン,ノシロシ,ソトツツミ,秋田県,能代市,外堤
0160184,アキタケン,ノシロシ,タカハナ,秋田県,能代市,高塙
0160016,アキタケン,ノシロシ,タコウ,秋田県,能代市,竹生
0160857,アキタケン,ノシロシ,タコムカイ,秋田県,能代市,田子向
0160123,アキタケン,ノシロシ,タドコナイ,秋田県,能代市,田床内
0160149,アキタケン,ノシロシ,タナカヤチ,秋田県,能代市,田中谷地
0160165,アキタケン,ノシロシ,タヤ,秋田県,能代市,田屋
0160843,アキタケン,ノシロシ,チュウワ,秋田県,能代市,中和
0160131,アキタケン,ノシロシ,ツルガタ,秋田県,能代市,鶴形
0160853,アキタケン,ノシロシ,デトウシロ,秋田県,能代市,出戸後
0160852,アキタケン,ノシロシ,デトホンマチ,秋田県,能代市,出戸本町
0160188,アキタケン,ノシロシ,テラムカイ,秋田県,能代市,寺向
0182815,アキタケン,ノシロシ,トウメン,秋田県,能代市,東面
0160845,アキタケン,ノシロシ,トオリマチ,秋田県,能代市,通町
0160176,アキタケン,ノシロシ,トガワムカイ,秋田県,能代市,戸川向
0182801,アキタケン,ノシロシ,トキワ,秋田県,能代市,常盤
0160134,アキタケン,ノシロシ,トクサザワ,秋田県,能代市,戸草沢
0182805,アキタケン,ノシロシ,トドロキ,秋田県,能代市,轟
0160816,アキタケン,ノシロシ,トミマチ,秋田県,能代市,富町
0160147,アキタケン,ノシロシ,トヤバ,秋田県,能代市,鳥矢場
0160864,アキタケン,ノシロシ,トリゴヤ,秋田県,能代市,鳥小屋
0182803,アキタケン,ノシロシ,トワリダ,秋田県,能代市,外割田
0160114,アキタケン,ノシロシ,ナカアクド,秋田県,能代市,中悪戸
0160814,アキタケン,ノシロシ,ナカガワラ,秋田県,能代市,中川原
0160156,アキタケン,ノシロシ,ナカザワ,秋田県,能代市,中沢
0160812,アキタケン,ノシロシ,ナカジマ（１−９７−１１６）,秋田県,能代市,中嶋（１−９７〜１１６）
0160112,アキタケン,ノシロシ,ナカジマ（ソノタ）,秋田県,能代市,中嶋（その他）
0160101,アキタケン,ノシロシ,ナカセキ,秋田県,能代市,中関
0160183,アキタケン,ノシロシ,ナカヤナギ,秋田県,能代市,中柳
0160873,アキタケン,ノシロシ,ナガサキ,秋田県,能代市,長崎
0160875,アキタケン,ノシロシ,ナンヨウザキ,秋田県,能代市,南陽崎
0160111,アキタケン,ノシロシ,ニイダシロヤマ,秋田県,能代市,仁井田白山
0160837,アキタケン,ノシロシ,ニシアカヌマ,秋田県,能代市,西赤沼
0160855,アキタケン,ノシロシ,ニシオオセ,秋田県,能代市,西大瀬
0160891,アキタケン,ノシロシ,ニシドオリマチ,秋田県,能代市,西通町
0160003,アキタケン,ノシロシ,ニハタ,秋田県,能代市,荷八田
0160874,アキタケン,ノシロシ,ヌマノウエ,秋田県,能代市,沼ノ上
0160813,アキタケン,ノシロシ,ノシロマチ,秋田県,能代市,能代町
0160894,アキタケン,ノシロシ,ハギノダイ,秋田県,能代市,萩の台
0160116,アキタケン,ノシロシ,ハタオリソリノメ,秋田県,能代市,機織轌ノ目
0160821,アキタケン,ノシロシ,ハタマチ,秋田県,能代市,畠町
0160844,アキタケン,ノシロシ,ハナゾノマチ,秋田県,能代市,花園町
0160801,アキタケン,ノシロシ,ハマドオリマチ,秋田県,能代市,浜通町
0160157,アキタケン,ノシロシ,ハラガイノサワ,秋田県,能代市,腹鞁ノ沢
0160142,アキタケン,ノシロシ,ハントザワ,秋田県,能代市,半戸沢
0160896,アキタケン,ノシロシ,ハンニャマチ,秋田県,能代市,盤若町
0160836,アキタケン,ノシロシ,ヒガシアカヌマ,秋田県,能代市,東赤沼
0160839,アキタケン,ノシロシ,ヒガシオオセ,秋田県,能代市,東大瀬
0160822,アキタケン,ノシロシ,ヒガシマチ,秋田県,能代市,東町
0160012,アキタケン,ノシロシ,ヒハタ,秋田県,能代市,比八田
0160148,アキタケン,ノシロシ,ヒヤシミズ,秋田県,能代市,冷清水
0160151,アキタケン,ノシロシ,ヒヤマ,秋田県,能代市,檜山
0160811,アキタケン,ノシロシ,ヒヨシマチ,秋田県,能代市,日吉町
0160808,アキタケン,ノシロシ,ヒヨリヤマシタ,秋田県,能代市,日和山下
0160856,アキタケン,ノシロシ,フジヤマ,秋田県,能代市,藤山
0183101,アキタケン,ノシロシ,フタツイマチアソウ,秋田県,能代市,二ツ井町麻生
0183116,アキタケン,ノシロシ,フタツイマチイエウシロ,秋田県,能代市,二ツ井町家後
0183119,アキタケン,ノシロシ,フタツイマチウスイ,秋田県,能代市,二ツ井町薄井
0183131,アキタケン,ノシロシ,フタツイマチウメナイ,秋田県,能代市,二ツ井町梅内
0183118,アキタケン,ノシロシ,フタツイマチウワダイ,秋田県,能代市,二ツ井町上台
0183142,アキタケン,ノシロシ,フタツイマチウワノ,秋田県,能代市,二ツ井町上野
0183143,アキタケン,ノシロシ,フタツイマチオオタモテ,秋田県,能代市,二ツ井町太田面
0183115,アキタケン,ノシロシ,フタツイマチカイドウウエ,秋田県,能代市,二ツ井町海道上
0183105,アキタケン,ノシロシ,フタツイマチカミヤマザキ,秋田県,能代市,二ツ井町上山崎
0183107,アキタケン,ノシロシ,フタツイマチカリマタイシ,秋田県,能代市,二ツ井町苅又石
0183126,アキタケン,ノシロシ,フタツイマチキツネダイ,秋田県,能代市,二ツ井町狐台
0183124,アキタケン,ノシロシ,フタツイマチキリイシ,秋田県,能代市,二ツ井町切石
0183112,アキタケン,ノシロシ,フタツイマチコガケ,秋田県,能代市,二ツ井町小掛
0183141,アキタケン,ノシロシ,フタツイマチゴセンガリ,秋田県,能代市,二ツ井町五千苅
0183147,アキタケン,ノシロシ,フタツイマチコツキノキ,秋田県,能代市,二ツ井町小槻木
0183102,アキタケン,ノシロシ,フタツイマチコツナギ,秋田県,能代市,二ツ井町小繋
0183123,アキタケン,ノシロシ,フタツイマチコマガタ,秋田県,能代市,二ツ井町駒形
0183114,アキタケン,ノシロシ,フタツイマチサクラダイ,秋田県,能代市,二ツ井町桜台
0183104,アキタケン,ノシロシ,フタツイマチサワグチ,秋田県,能代市,二ツ井町沢口
0183151,アキタケン,ノシロシ,フタツイマチサンゼンガリ,秋田県,能代市,二ツ井町三千苅
0183157,アキタケン,ノシロシ,フタツイマチシモノ,秋田県,能代市,二ツ井町下野
0183152,アキタケン,ノシロシ,フタツイマチシモノイエウシロ,秋田県,能代市,二ツ井町下野家後
0183156,アキタケン,ノシロシ,フタツイマチシモノカワバタ,秋田県,能代市,二ツ井町下野川端
0183128,アキタケン,ノシロシ,フタツイマチシモヒエガラ,秋田県,能代市,二ツ井町下稗柄
0183134,アキタケン,ノシロシ,フタツイマチタカセキ,秋田県,能代市,二ツ井町高関
0183111,アキタケン,ノシロシ,フタツイマチタシロ,秋田県,能代市,二ツ井町田代
0183133,アキタケン,ノシロシ,フタツイマチタネ（タケハラ）,秋田県,能代市,二ツ井町種（竹原）
0183132,アキタケン,ノシロシ,フタツイマチタネ（ソノタ）,秋田県,能代市,二ツ井町種（その他）
0183125,アキタケン,ノシロシ,フタツイマチチャヤシタ,秋田県,能代市,二ツ井町茶屋下
0183117,アキタケン,ノシロシ,フタツイマチツカノダイ,秋田県,能代市,二ツ井町塚台
0183148,アキタケン,ノシロシ,フタツイマチツキノキ,秋田県,能代市,二ツ井町槻ノ木
0183121,アキタケン,ノシロシ,フタツイマチトブネ（トミネ）,秋田県,能代市,二ツ井町飛根（富根）
0183122,アキタケン,ノシロシ,フタツイマチトブネ（ソノタ）,秋田県,能代市,二ツ井町飛根（その他）
0183144,アキタケン,ノシロシ,フタツイマチナカツボ,秋田県,能代市,二ツ井町中坪
0183146,アキタケン,ノシロシ,フタツイマチナカツボミチシタ,秋田県,能代市,二ツ井町中坪道下
0183153,アキタケン,ノシロシ,フタツイマチナメラコカワバタ,秋田県,能代市,二ツ井町滑良子川端
0183103,アキタケン,ノシロシ,フタツイマチニアゲバ,秋田県,能代市,二ツ井町荷上場
0183106,アキタケン,ノシロシ,フタツイマチニゴリカワ,秋田県,能代市,二ツ井町濁川
0183113,アキタケン,ノシロシ,フタツイマチニブナ,秋田県,能代市,二ツ井町仁鮒
0183155,アキタケン,ノシロシ,フタツイマチヒイノ,秋田県,能代市,二ツ井町比井野
0183129,アキタケン,ノシロシ,フタツイマチヒエガラ,秋田県,能代市,二ツ井町稗柄
0183127,アキタケン,ノシロシ,フタツイマチヒエカワハラ,秋田県,能代市,二ツ井町稗川原
0183154,アキタケン,ノシロシ,フタツイマチマチジリ,秋田県,能代市,二ツ井町町尻
0183145,アキタケン,ノシロシ,フタツイマチミチカミナカツボ,秋田県,能代市,二ツ井町道上中坪
0183135,アキタケン,ノシロシ,フタツイマチヤマネ,秋田県,能代市,二ツ井町山根
0160004,アキタケン,ノシロシ,フッコシ,秋田県,能代市,吹越
0160175,アキタケン,ノシロシ,フルヤシキ,秋田県,能代市,古屋布
0160879,アキタケン,ノシロシ,フロウダイ,秋田県,能代市,不老岱
0160882,アキタケン,ノシロシ,ホウオウダイ,秋田県,能代市,鳳凰岱
0160169,アキタケン,ノシロシ,ボウガサキ,秋田県,能代市,坊ケ崎
0160854,アキタケン,ノシロシ,ホウショウダイ,秋田県,能代市,豊祥岱
0160002,アキタケン,ノシロシ,ホノキセ,秋田県,能代市,朴瀬
0160005,アキタケン,ノシロシ,マカベチ,秋田県,能代市,真壁地
0160132,アキタケン,ノシロシ,マチウシロ,秋田県,能代市,町後
0160161,アキタケン,ノシロシ,マツナガシキ,秋田県,能代市,松長布
0160893,アキタケン,ノシロシ,マツミマチ,秋田県,能代市,松美町
0160851,アキタケン,ノシロシ,ミドリマチ,秋田県,能代市,緑町
0160832,アキタケン,ノシロシ,ミナミモトマチ,秋田県,能代市,南元町
0160103,アキタケン,ノシロシ,ミヤノマエ,秋田県,能代市,宮ノ前
0160133,アキタケン,ノシロシ,ムカイタオモテ,秋田県,能代市,向田表
0160013,アキタケン,ノシロシ,ムカイノシロ,秋田県,能代市,向能代
0160833,アキタケン,ノシロシ,メイジマチ,秋田県,能代市,明治町
0160152,アキタケン,ノシロシ,モタイ,秋田県,能代市,母体
0160831,アキタケン,ノシロシ,モトマチ,秋田県,能代市,元町
0160139,アキタケン,ノシロシ,ヤチウエ,秋田県,能代市,谷地上
0160825,アキタケン,ノシロシ,ヤナギマチ,秋田県,能代市,柳町
0160841,アキタケン,ノシロシ,ヨウサン,秋田県,能代市,養蚕
0160838,アキタケン,ノシロシ,ヨウサンワキ,秋田県,能代市,養蚕脇
0160145,アキタケン,ノシロシ,ワカタ,秋田県,能代市,若田
0160823,アキタケン,ノシロシ,ワカマツチョウ,秋田県,能代市,若松町
0130000,アキタケン,ヨコテシ,イカニケイサイガナイバアイ,秋田県,横手市,以下に掲載がない場合
0130073,アキタケン,ヨコテシ,アカガワ,秋田県,横手市,赤川
0130064,アキタケン,ヨコテシ,アカサカ,秋田県,横手市,赤坂
0130028,アキタケン,ヨコテシ,アサクラチョウ,秋田県,横手市,朝倉町
0130033,アキタケン,ヨコテシ,アサヒカワ,秋田県,横手市,旭川
0130055,アキタケン,ヨコテシ,アサヒガオカ,秋田県,横手市,朝日が丘
0130065,アキタケン,ヨコテシ,イノオカ,秋田県,横手市,猪岡
0130068,アキタケン,ヨコテシ,ウメノキマチ,秋田県,横手市,梅の木町
0130049,アキタケン,ヨコテシ,エキニシ,秋田県,横手市,駅西
0130036,アキタケン,ヨコテシ,エキマエチョウ,秋田県,横手市,駅前町
0130062,アキタケン,ヨコテシ,エキミナミ,秋田県,横手市,駅南
0130002,アキタケン,ヨコテシ,オイマワシ,秋田県,横手市,追廻
0130041,アキタケン,ヨコテシ,オオサワ,秋田県,横手市,大沢
0130007,アキタケン,ヨコテシ,オオトリマチ,秋田県,横手市,大鳥町
0130021,アキタケン,ヨコテシ,オオマチ,秋田県,横手市,大町
0130026,アキタケン,ヨコテシ,オオミドマチ,秋田県,横手市,大水戸町
0130501,アキタケン,ヨコテシ,オオモリマチイタイダ,秋田県,横手市,大森町板井田
0130546,アキタケン,ヨコテシ,オオモリマチウシガサワ,秋田県,横手市,大森町牛ケ沢
0130511,アキタケン,ヨコテシ,オオモリマチウシナカジマ,秋田県,横手市,大森町牛中島
0130552,アキタケン,ヨコテシ,オオモリマチウワミゾ,秋田県,横手市,大森町上溝
0130514,アキタケン,ヨコテシ,オオモリマチオオナカジマ,秋田県,横手市,大森町大中島
0130521,アキタケン,ヨコテシ,オオモリマチオオモリ,秋田県,横手市,大森町大森
0130532,アキタケン,ヨコテシ,オオモリマチクボ,秋田県,横手市,大森町久保
0130562,アキタケン,ヨコテシ,オオモリマチサカベ,秋田県,横手市,大森町坂部
0130531,アキタケン,ヨコテシ,オオモリマチサド,秋田県,横手市,大森町佐渡
0130551,アキタケン,ヨコテシ,オオモリマチサルタ,秋田県,横手市,大森町猿田
0130524,アキタケン,ヨコテシ,オオモリマチシミズノウエ,秋田県,横手市,大森町清水上
0130536,アキタケン,ヨコテシ,オオモリマチシンザン,秋田県,横手市,大森町真山
0130525,アキタケン,ヨコテシ,オオモリマチスゴウタ,秋田県,横手市,大森町菅生田
0130517,アキタケン,ヨコテシ,オオモリマチタカクチシタミトツツミ,秋田県,横手市,大森町高口下水戸堤
0130542,アキタケン,ヨコテシ,オオモリマチタカノナカジマ,秋田県,横手市,大森町高野中島
0130544,アキタケン,ヨコテシ,オオモリマチチョウスケマキ,秋田県,横手市,大森町長助巻
0130534,アキタケン,ヨコテシ,オオモリマチトウゲマチガシラ,秋田県,横手市,大森町峠町頭
0130523,アキタケン,ヨコテシ,オオモリマチドウバヤシ,秋田県,横手市,大森町堂林
0130503,アキタケン,ヨコテシ,オオモリマチトオカマチ,秋田県,横手市,大森町十日町
0130545,アキタケン,ヨコテシ,オオモリマチドジョウヌマ,秋田県,横手市,大森町鯲沼
0130541,アキタケン,ヨコテシ,オオモリマチナカジマ,秋田県,横手市,大森町中嶋
0130533,アキタケン,ヨコテシ,オオモリマチナカタ,秋田県,横手市,大森町中田
0130515,アキタケン,ヨコテシ,オオモリマチニシナカジマ,秋田県,横手市,大森町西中島
0130526,アキタケン,ヨコテシ,オオモリマチニシノ,秋田県,横手市,大森町西野
0130502,アキタケン,ヨコテシ,オオモリマチハカマガタ,秋田県,横手市,大森町袴形
0130516,アキタケン,ヨコテシ,オオモリマチヒガシナカジマ,秋田県,横手市,大森町東中島
0130543,アキタケン,ヨコテシ,オオモリマチホンゴウ,秋田県,横手市,大森町本郷
0130535,アキタケン,ヨコテシ,オオモリマチマチダ,秋田県,横手市,大森町町田
0130522,アキタケン,ヨコテシ,オオモリマチマチマワリ,秋田県,横手市,大森町町回
0130519,アキタケン,ヨコテシ,オオモリマチモチムカイ,秋田県,横手市,大森町持向
0130518,アキタケン,ヨコテシ,オオモリマチモンテンカガミダ,秋田県,横手市,大森町文天鏡田
0130561,アキタケン,ヨコテシ,オオモリマチヤサワギ,秋田県,横手市,大森町八沢木
0130512,アキタケン,ヨコテシ,オオモリマチユノサワ,秋田県,横手市,大森町湯ノ沢
0130513,アキタケン,ヨコテシ,オオモリマチユノシマ,秋田県,横手市,大森町湯ノ島
0130051,アキタケン,ヨコテシ,オオヤシンマチ,秋田県,横手市,大屋新町
0130052,アキタケン,ヨコテシ,オオヤテラウチ,秋田県,横手市,大屋寺内
0130201,アキタケン,ヨコテシ,オモノガワマチアイヅカ,秋田県,横手市,雄物川町会塚
0130205,アキタケン,ヨコテシ,オモノガワマチイマシュク,秋田県,横手市,雄物川町今宿
0130481,アキタケン,ヨコテシ,オモノガワマチウスイ,秋田県,横手市,雄物川町薄井
0130218,アキタケン,ヨコテシ,オモノガワマチオオサワ,秋田県,横手市,雄物川町大沢
0130214,アキタケン,ヨコテシ,オモノガワマチカシワギ,秋田県,横手市,雄物川町柏木
0130215,アキタケン,ヨコテシ,オモノガワマチジョウノ,秋田県,横手市,雄物川町常野
0130202,アキタケン,ヨコテシ,オモノガワマチスナゴタ,秋田県,横手市,雄物川町砂子田
0130212,アキタケン,ヨコテシ,オモノガワマチツクリヤマ,秋田県,横手市,雄物川町造山
0130203,アキタケン,ヨコテシ,オモノガワマチトウサト,秋田県,横手市,雄物川町東里
0130217,アキタケン,ヨコテシ,オモノガワマチドウジ,秋田県,横手市,雄物川町道地
0130213,アキタケン,ヨコテシ,オモノガワマチナンカタ,秋田県,横手市,雄物川町南形
0130206,アキタケン,ヨコテシ,オモノガワマチニイヤマ,秋田県,横手市,雄物川町二井山
0130216,アキタケン,ヨコテシ,オモノガワマチニシノ,秋田県,横手市,雄物川町西野
0130208,アキタケン,ヨコテシ,オモノガワマチヌマダテ,秋田県,横手市,雄物川町沼館
0130211,アキタケン,ヨコテシ,オモノガワマチフカイ,秋田県,横手市,雄物川町深井
0130207,アキタケン,ヨコテシ,オモノガワマチヤガミ,秋田県,横手市,雄物川町矢神
0130204,アキタケン,ヨコテシ,オモノガワマチヤチシンデン,秋田県,横手市,雄物川町谷地新田
0130072,アキタケン,ヨコテシ,オロシマチ,秋田県,横手市,卸町
0130031,アキタケン,ヨコテシ,カジマチ,秋田県,横手市,鍛冶町
0130813,アキタケン,ヨコテシ,カネザワ,秋田県,横手市,金沢
0130814,アキタケン,ヨコテシ,カネザワナカノ,秋田県,横手市,金沢中野
0130812,アキタケン,ヨコテシ,カネザワモトマチ,秋田県,横手市,金沢本町
0130014,アキタケン,ヨコテシ,カミウチマチ,秋田県,横手市,上内町
0130821,アキタケン,ヨコテシ,カミザカイ,秋田県,横手市,上境
0130822,アキタケン,ヨコテシ,カミハッチョウ,秋田県,横手市,上八丁
0130032,アキタケン,ヨコテシ,キヨカワチョウ,秋田県,横手市,清川町
0130826,アキタケン,ヨコテシ,クロカワ,秋田県,横手市,黒川
0130025,アキタケン,ヨコテシ,コトブキチョウ,秋田県,横手市,寿町
0130005,アキタケン,ヨコテシ,サイワイチョウ,秋田県,横手市,幸町
0191107,アキタケン,ヨコテシ,サンナイイカダ,秋田県,横手市,山内筏
0191109,アキタケン,ヨコテシ,サンナイオオサワ,秋田県,横手市,山内大沢
0191101,アキタケン,ヨコテシ,サンナイオオマツカワ,秋田県,横手市,山内大松川
0191103,アキタケン,ヨコテシ,サンナイクロサワ,秋田県,横手市,山内黒沢
0191102,アキタケン,ヨコテシ,サンナイコマツカワ,秋田県,横手市,山内小松川
0191108,アキタケン,ヨコテシ,サンナイツチブチ,秋田県,横手市,山内土渕
0191105,アキタケン,ヨコテシ,サンナイナンゴウ,秋田県,横手市,山内南郷
0191106,アキタケン,ヨコテシ,サンナイヒラノサワ,秋田県,横手市,山内平野沢
0191104,アキタケン,ヨコテシ,サンナイミツマタ,秋田県,横手市,山内三又
0130074,アキタケン,ヨコテシ,サンボンヤナギ,秋田県,横手市,三本柳
0130069,アキタケン,ヨコテシ,サンマイバシ,秋田県,横手市,三枚橋
0130075,アキタケン,ヨコテシ,シズカマチ,秋田県,横手市,静町
0130056,アキタケン,ヨコテシ,シミズマチシンデン,秋田県,横手市,清水町新田
0130824,アキタケン,ヨコテシ,シモザカイ,秋田県,横手市,下境
0130823,アキタケン,ヨコテシ,シモハッチョウ,秋田県,横手市,下八丁
0130017,アキタケン,ヨコテシ,ジャノサキマチ,秋田県,横手市,蛇の崎町
0190525,アキタケン,ヨコテシ,ジュウモンジマチアケボノチョウ,秋田県,横手市,十文字町曙町
0190513,アキタケン,ヨコテシ,ジュウモンジマチウエダ,秋田県,横手市,十文字町植田
0190501,アキタケン,ヨコテシ,ジュウモンジマチウデコシ,秋田県,横手市,十文字町腕越
0190512,アキタケン,ヨコテシ,ジュウモンジマチエツゼン,秋田県,横手市,十文字町越前
0190529,アキタケン,ヨコテシ,ジュウモンジマチカイドウシタ,秋田県,横手市,十文字町海道下
0190511,アキタケン,ヨコテシ,ジュウモンジマチカナエ,秋田県,横手市,十文字町鼎
0190531,アキタケン,ヨコテシ,ジュウモンジマチカミサキチビラキ,秋田県,横手市,十文字町上佐吉開
0190507,アキタケン,ヨコテシ,ジュウモンジマチカミナベクラ,秋田県,横手市,十文字町上鍋倉
0190517,アキタケン,ヨコテシ,ジュウモンジマチキジタ,秋田県,横手市,十文字町木下
0190516,アキタケン,ヨコテシ,ジュウモンジマチゲンダサマ,秋田県,横手市,十文字町源太左馬
0190506,アキタケン,ヨコテシ,ジュウモンジマチサガエ,秋田県,横手市,十文字町佐賀会
0190528,アキタケン,ヨコテシ,ジュウモンジマチサカエチョウ,秋田県,横手市,十文字町栄町
0190533,アキタケン,ヨコテシ,ジュウモンジマチシモサキチビラキ,秋田県,横手市,十文字町下佐吉開
0190508,アキタケン,ヨコテシ,ジュウモンジマチジュウゴノシンデン,秋田県,横手市,十文字町十五野新田
0190523,アキタケン,ヨコテシ,ジュウモンジマチジュウモンジ,秋田県,横手市,十文字町十文字
0190527,アキタケン,ヨコテシ,ジュウモンジマチダイドウヒガシ,秋田県,横手市,十文字町大道東
0190526,アキタケン,ヨコテシ,ジュウモンジマチトオリマチ,秋田県,横手市,十文字町通町
0190509,アキタケン,ヨコテシ,ジュウモンジマチナシノキ,秋田県,横手市,十文字町梨木
0190505,アキタケン,ヨコテシ,ジュウモンジマチニイダ,秋田県,横手市,十文字町仁井田
0190522,アキタケン,ヨコテシ,ジュウモンジマチニシカミ,秋田県,横手市,十文字町西上
0190521,アキタケン,ヨコテシ,ジュウモンジマチニシシタ,秋田県,横手市,十文字町西下
0190503,アキタケン,ヨコテシ,ジュウモンジマチニシハラ１バンチョウ,秋田県,横手市,十文字町西原１番町
0190502,アキタケン,ヨコテシ,ジュウモンジマチニシハラ２バンチョウ,秋田県,横手市,十文字町西原２番町
0190518,アキタケン,ヨコテシ,ジュウモンジマチホウリュウ,秋田県,横手市,十文字町宝竜
0190532,アキタケン,ヨコテシ,ジュウモンジマチマトウ,秋田県,横手市,十文字町麻当
0190514,アキタケン,ヨコテシ,ジュウモンジマチムツアイ,秋田県,横手市,十文字町睦合
0190524,アキタケン,ヨコテシ,ジュウモンジマチモトマチ,秋田県,横手市,十文字町本町
0190515,アキタケン,ヨコテシ,ジュウモンジマチヤチシンデン,秋田県,横手市,十文字町谷地新田
0130060,アキタケン,ヨコテシ,ジョウリ,秋田県,横手市,条里
0130011,アキタケン,ヨコテシ,シロニシマチ,秋田県,横手市,城西町
0130013,アキタケン,ヨコテシ,シロミナミマチ,秋田県,横手市,城南町
0130012,アキタケン,ヨコテシ,シロヤママチ,秋田県,横手市,城山町
0130006,アキタケン,ヨコテシ,シンザカチョウ,秋田県,横手市,新坂町
0130046,アキタケン,ヨコテシ,シンメイチョウ,秋田県,横手市,神明町
0130001,アキタケン,ヨコテシ,スギサワ,秋田県,横手市,杉沢
0130076,アキタケン,ヨコテシ,スギメ,秋田県,横手市,杉目
0130053,アキタケン,ヨコテシ,ソトノメ,秋田県,横手市,外目
0130003,アキタケン,ヨコテシ,ダイドコロマチ,秋田県,横手市,台所町
0130459,アキタケン,ヨコテシ,タイユウアカヌマ,秋田県,横手市,大雄赤沼
0130447,アキタケン,ヨコテシ,タイユウアクド,秋田県,横手市,大雄阿久戸
0130427,アキタケン,ヨコテシ,タイユウアゲ,秋田県,横手市,大雄阿気
0130484,アキタケン,ヨコテシ,タイユウアラトコロ,秋田県,横手市,大雄新処
0130464,アキタケン,ヨコテシ,タイユウイシモチ,秋田県,横手市,大雄石持
0130465,アキタケン,ヨコテシ,タイユウイシモチシタ,秋田県,横手市,大雄石持下
0130463,アキタケン,ヨコテシ,タイユウイシモチマエ,秋田県,横手市,大雄石持前
0130471,アキタケン,ヨコテシ,タイユウイタバシセキゾイ,秋田県,横手市,大雄板橋堰添
0130353,アキタケン,ヨコテシ,タイユウイチノセキ,秋田県,横手市,大雄一ノ関
0130352,アキタケン,ヨコテシ,タイユウイチノセキヒガシ,秋田県,横手市,大雄一ノ関東
0130356,アキタケン,ヨコテシ,タイユウイチノセキミナミ,秋田県,横手市,大雄一ノ関南
0130431,アキタケン,ヨコテシ,タイユウウシナカジマ,秋田県,横手市,大雄牛中島
0130316,アキタケン,ヨコテシ,タイユウウルイヤチ,秋田県,横手市,大雄潤井谷地
0130382,アキタケン,ヨコテシ,タイユウウワセキヒガシ,秋田県,横手市,大雄上堰東
0130421,アキタケン,ヨコテシ,タイユウエバラ,秋田県,横手市,大雄江原
0130452,アキタケン,ヨコテシ,タイユウオオゼキ,秋田県,横手市,大雄大関
0130317,アキタケン,ヨコテシ,タイユウオオドカワバタ,秋田県,横手市,大雄大戸川端
0130313,アキタケン,ヨコテシ,タイユウオオモリミチキタ,秋田県,横手市,大雄大森道北
0130454,アキタケン,ヨコテシ,タイユウオオヤチ,秋田県,横手市,大雄大谷地
0130455,アキタケン,ヨコテシ,タイユウオオヤチニシ,秋田県,横手市,大雄大谷地西
0130335,アキタケン,ヨコテシ,タイユウオリハシ,秋田県,横手市,大雄折橋
0130451,アキタケン,ヨコテシ,タイユウオリハシニシ,秋田県,横手市,大雄折橋西
0130337,アキタケン,ヨコテシ,タイユウオリハシミナミ,秋田県,横手市,大雄折橋南
0130365,アキタケン,ヨコテシ,タイユウカジムラ,秋田県,横手市,大雄鍛治村
0130359,アキタケン,ヨコテシ,タイユウカシワギ,秋田県,横手市,大雄柏木
0130362,アキタケン,ヨコテシ,タイユウカシワギシタ,秋田県,横手市,大雄柏木下
0130361,アキタケン,ヨコテシ,タイユウカシワギニシ,秋田県,横手市,大雄柏木西
0130305,アキタケン,ヨコテシ,タイユウカシワギミナミ,秋田県,横手市,大雄柏木南
0130404,アキタケン,ヨコテシ,タイユウカミカシワギ,秋田県,横手市,大雄上柏木
0130355,アキタケン,ヨコテシ,タイユウカミサクラモリ,秋田県,横手市,大雄上桜森
0130351,アキタケン,ヨコテシ,タイユウカミタムラ,秋田県,横手市,大雄上田村
0130349,アキタケン,ヨコテシ,タイユウカミタムラニシ,秋田県,横手市,大雄上田村西
0130326,アキタケン,ヨコテシ,タイユウカミタムラヒガシ,秋田県,横手市,大雄上田村東
0130372,アキタケン,ヨコテシ,タイユウカミタムラミナミ,秋田県,横手市,大雄上田村南
0130408,アキタケン,ヨコテシ,タイユウキタヨツヤ,秋田県,横手市,大雄北四津屋
0130354,アキタケン,ヨコテシ,タイユウキツネヅカ,秋田県,横手市,大雄狐塚
0130426,アキタケン,ヨコテシ,タイユウキドグチ,秋田県,横手市,大雄木戸口
0130438,アキタケン,ヨコテシ,タイユウキドグチシタ,秋田県,横手市,大雄木戸口下
0130435,アキタケン,ヨコテシ,タイユウキドグチニシ,秋田県,横手市,大雄木戸口西
0130314,アキタケン,ヨコテシ,タイユウケイセイヅカ,秋田県,横手市,大雄傾城塚
0130336,アキタケン,ヨコテシ,タイユウケイセイヅカミナミ,秋田県,横手市,大雄傾城塚南
0130437,アキタケン,ヨコテシ,タイユウコバヤシ,秋田県,横手市,大雄小林
0130436,アキタケン,ヨコテシ,タイユウコバヤシニシ,秋田県,横手市,大雄小林西
0130324,アキタケン,ヨコテシ,タイユウコンダヤチ,秋田県,横手市,大雄根田谷地
0130321,アキタケン,ヨコテシ,タイユウコンダヤチニシ,秋田県,横手市,大雄根田谷地西
0130323,アキタケン,ヨコテシ,タイユウコンダヤチヒガシ,秋田県,横手市,大雄根田谷地東
0130318,アキタケン,ヨコテシ,タイユウコンダヤチミナミ,秋田県,横手市,大雄根田谷地南
0130308,アキタケン,ヨコテシ,タイユウサガリ,秋田県,横手市,大雄佐加里
0130309,アキタケン,ヨコテシ,タイユウサガリミナミ,秋田県,横手市,大雄佐加里南
0130474,アキタケン,ヨコテシ,タイユウサクラモリ,秋田県,横手市,大雄桜森
0130363,アキタケン,ヨコテシ,タイユウサクラモリニシ,秋田県,横手市,大雄桜森西
0130477,アキタケン,ヨコテシ,タイユウサクラモリヒガシ,秋田県,横手市,大雄桜森東
0130475,アキタケン,ヨコテシ,タイユウサクラモリマエ,秋田県,横手市,大雄桜森前
0130434,アキタケン,ヨコテシ,タイユウサンノウ,秋田県,横手市,大雄山王
0130439,アキタケン,ヨコテシ,タイユウサンノウニシ,秋田県,横手市,大雄山王西
0130315,アキタケン,ヨコテシ,タイユウシタコンダヤチ,秋田県,横手市,大雄下根田谷地
0130483,アキタケン,ヨコテシ,タイユウシマダ,秋田県,横手市,大雄島田
0130485,アキタケン,ヨコテシ,タイユウシモアラトコロ,秋田県,横手市,大雄下新処
0130487,アキタケン,ヨコテシ,タイユウシモタマチ,秋田県,横手市,大雄下田町
0130334,アキタケン,ヨコテシ,タイユウシンマチ,秋田県,横手市,大雄新町
0130302,アキタケン,ヨコテシ,タイユウシンマチキタ,秋田県,横手市,大雄新町北
0130333,アキタケン,ヨコテシ,タイユウシンマチニシ,秋田県,横手市,大雄新町西
0130332,アキタケン,ヨコテシ,タイユウシンマチニシノゾイ,秋田県,横手市,大雄新町西野添
0130307,アキタケン,ヨコテシ,タイユウシンマチヒガシ,秋田県,横手市,大雄新町東
0130304,アキタケン,ヨコテシ,タイユウシンマチミナミ,秋田県,横手市,大雄新町南
0130344,アキタケン,ヨコテシ,タイユウセイベイニシ,秋田県,横手市,大雄精兵西
0130342,アキタケン,ヨコテシ,タイユウセイベイムラ,秋田県,横手市,大雄精兵村
0130412,アキタケン,ヨコテシ,タイユウセセナギ,秋田県,横手市,大雄剰水
0130411,アキタケン,ヨコテシ,タイユウセセナギヒガシ,秋田県,横手市,大雄剰水東
0130457,アキタケン,ヨコテシ,タイユウダイジジヒガシ,秋田県,横手市,大雄大慈寺東
0130456,アキタケン,ヨコテシ,タイユウダイジジマエ,秋田県,横手市,大雄大慈寺前
0130458,アキタケン,ヨコテシ,タイユウダイジジヤチ,秋田県,横手市,大雄大慈寺谷地
0130443,アキタケン,ヨコテシ,タイユウタカヅノ,秋田県,横手市,大雄高津野
0130442,アキタケン,ヨコテシ,タイユウタカヅノシタ,秋田県,横手市,大雄高津野下
0130348,アキタケン,ヨコテシ,タイユウタネモリ,秋田県,横手市,大雄田根森
0130343,アキタケン,ヨコテシ,タイユウタネモリニシ,秋田県,横手市,大雄田根森西
0130325,アキタケン,ヨコテシ,タイユウタネモリヒガシ,秋田県,横手市,大雄田根森東
0130486,アキタケン,ヨコテシ,タイユウタマチ,秋田県,横手市,大雄田町
0130306,アキタケン,ヨコテシ,タイユウタムラ,秋田県,横手市,大雄田村
0130428,アキタケン,ヨコテシ,タイユウツルマキダ,秋田県,横手市,大雄鶴巻田
0130322,アキタケン,ヨコテシ,タイユウデンゾウムラ,秋田県,横手市,大雄伝蔵村
0130423,アキタケン,ヨコテシ,タイユウドイジリ,秋田県,横手市,大雄土井尻
0130462,アキタケン,ヨコテシ,タイユウトヨワキ,秋田県,横手市,大雄樋脇
0130424,アキタケン,ヨコテシ,タイユウナカタテアイ,秋田県,横手市,大雄中館合
0130312,アキタケン,ヨコテシ,タイユウナカノ,秋田県,横手市,大雄中野
0130311,アキタケン,ヨコテシ,タイユウナカノヒガシ,秋田県,横手市,大雄中野東
0130468,アキタケン,ヨコテシ,タイユウナカヤチ,秋田県,横手市,大雄中谷地
0130476,アキタケン,ヨコテシ,タイユウニシサクラモリ,秋田県,横手市,大雄西桜森
0130425,アキタケン,ヨコテシ,タイユウニシタテアイ,秋田県,横手市,大雄西館合
0130433,アキタケン,ヨコテシ,タイユウニシナカジマ,秋田県,横手市,大雄西中島
0130406,アキタケン,ヨコテシ,タイユウニシヨツヤ,秋田県,横手市,大雄西四津屋
0130441,アキタケン,ヨコテシ,タイユウノナカ,秋田県,横手市,大雄野中
0130446,アキタケン,ヨコテシ,タイユウノリアゲ,秋田県,横手市,大雄乗阿気
0130448,アキタケン,ヨコテシ,タイユウノリアゲシタ,秋田県,横手市,大雄乗阿気下
0130472,アキタケン,ヨコテシ,タイユウヒガシアゲ,秋田県,横手市,大雄東阿気
0130473,アキタケン,ヨコテシ,タイユウヒガシサクラモリ,秋田県,横手市,大雄東桜森
0130331,アキタケン,ヨコテシ,タイユウヒガシタカヅノ,秋田県,横手市,大雄東高津野
0130488,アキタケン,ヨコテシ,タイユウヒガシタテアイ,秋田県,横手市,大雄東館合
0130432,アキタケン,ヨコテシ,タイユウヒガシナカジマ,秋田県,横手市,大雄東中島
0130409,アキタケン,ヨコテシ,タイユウヒガシヨツヤ,秋田県,横手市,大雄東四津屋
0130482,アキタケン,ヨコテシ,タイユウヒラヤナギ,秋田県,横手市,大雄平柳
0130301,アキタケン,ヨコテシ,タイユウフクジマ,秋田県,横手市,大雄福島
0130303,アキタケン,ヨコテシ,タイユウフクジマミナミ,秋田県,横手市,大雄福島南
0130364,アキタケン,ヨコテシ,タイユウフクロヤチ,秋田県,横手市,大雄袋谷地
0130414,アキタケン,ヨコテシ,タイユウフジマキ,秋田県,横手市,大雄藤巻
0130416,アキタケン,ヨコテシ,タイユウフジマキナカジマ,秋田県,横手市,大雄藤巻中島
0130415,アキタケン,ヨコテシ,タイユウフジマキニシ,秋田県,横手市,大雄藤巻西
0130371,アキタケン,ヨコテシ,タイユウブンゾウビラキ,秋田県,横手市,大雄文蔵開
0130345,アキタケン,ヨコテシ,タイユウホンジョウミチキタセキマ,秋田県,横手市,大雄本庄道北堰間
0130347,アキタケン,ヨコテシ,タイユウホンジョウミチミナミ,秋田県,横手市,大雄本庄道南
0130385,アキタケン,ヨコテシ,タイユウマンカイ,秋田県,横手市,大雄万貝
0130422,アキタケン,ヨコテシ,タイユウミナミアゲ,秋田県,横手市,大雄南阿気
0130405,アキタケン,ヨコテシ,タイユウミナミヨツヤ,秋田県,横手市,大雄南四津屋
0130339,アキタケン,ヨコテシ,タイユウミミドリ,秋田県,横手市,大雄耳取
0130338,アキタケン,ヨコテシ,タイユウミミドリニシ,秋田県,横手市,大雄耳取西
0130466,アキタケン,ヨコテシ,タイユウミムラ,秋田県,横手市,大雄三村
0130453,アキタケン,ヨコテシ,タイユウミムラキタ,秋田県,横手市,大雄三村北
0130467,アキタケン,ヨコテシ,タイユウミムラニシ,秋田県,横手市,大雄三村西
0130461,アキタケン,ヨコテシ,タイユウミムラヒガシ,秋田県,横手市,大雄三村東
0130429,アキタケン,ヨコテシ,タイユウミヤコウジ,秋田県,横手市,大雄宮小路
0130413,アキタケン,ヨコテシ,タイユウミヤタ,秋田県,横手市,大雄宮田
0130358,アキタケン,ヨコテシ,タイユウムカイ,秋田県,横手市,大雄向
0130445,アキタケン,ヨコテシ,タイユウムカイダ,秋田県,横手市,大雄向田
0130444,アキタケン,ヨコテシ,タイユウムカイダヒガシ,秋田県,横手市,大雄向田東
0130357,アキタケン,ヨコテシ,タイユウムカイヒガシ,秋田県,横手市,大雄向東
0130402,アキタケン,ヨコテシ,タイユウヤガシワ,秋田県,横手市,大雄八柏
0130379,アキタケン,ヨコテシ,タイユウヤガシワイエマ,秋田県,横手市,大雄八柏家間
0130376,アキタケン,ヨコテシ,タイユウヤガシワウマミチゾイ,秋田県,横手市,大雄八柏馬道添
0130378,アキタケン,ヨコテシ,タイユウヤガシワカイドウゾイ,秋田県,横手市,大雄八柏街道添
0130375,アキタケン,ヨコテシ,タイユウヤガシワカマブタ,秋田県,横手市,大雄八柏釜蓋
0130381,アキタケン,ヨコテシ,タイユウヤガシワシモムラ,秋田県,横手市,大雄八柏下村
0130377,アキタケン,ヨコテシ,タイユウヤガシワナカムラ,秋田県,横手市,大雄八柏中村
0130374,アキタケン,ヨコテシ,タイユウヤガシワナカムラヒガシ,秋田県,横手市,大雄八柏中村東
0130384,アキタケン,ヨコテシ,タイユウヤガシワムラオモテ,秋田県,横手市,大雄八柏村表
0130383,アキタケン,ヨコテシ,タイユウヤガシワムラニシ,秋田県,横手市,大雄八柏村西
0130373,アキタケン,ヨコテシ,タイユウヤガシワヤチ,秋田県,横手市,大雄八柏谷地
0130327,アキタケン,ヨコテシ,タイユウヤケノ,秋田県,横手市,大雄焼野
0130341,アキタケン,ヨコテシ,タイユウヨツヤ,秋田県,横手市,大雄四ッ屋
0130407,アキタケン,ヨコテシ,タイユウヨツヤシタ,秋田県,横手市,大雄四津屋下
0130346,アキタケン,ヨコテシ,タイユウヨツヤニシ,秋田県,横手市,大雄四ツ屋西
0130319,アキタケン,ヨコテシ,タイユウヨツヤヒガシ,秋田県,横手市,大雄四ツ屋東
0130419,アキタケン,ヨコテシ,タイユウロクチョウ,秋田県,横手市,大雄六町
0130417,アキタケン,ヨコテシ,タイユウロクチョウシタ,秋田県,横手市,大雄六町下
0130418,アキタケン,ヨコテシ,タイユウロクチョウヒガシ,秋田県,横手市,大雄六町東
0130024,アキタケン,ヨコテシ,タナカマチ,秋田県,横手市,田中町
0130023,アキタケン,ヨコテシ,チュウオウマチ,秋田県,横手市,中央町
0130066,アキタケン,ヨコテシ,ツカボリ,秋田県,横手市,塚堀
0130016,アキタケン,ヨコテシ,ネギシチョウ,秋田県,横手市,根岸町
0130015,アキタケン,ヨコテシ,ハグロチョウ,秋田県,横手市,羽黒町
0130825,アキタケン,ヨコテシ,ヒャクマンガリ,秋田県,横手市,百万刈
0130105,アキタケン,ヨコテシ,ヒラカマチアサマイ,秋田県,横手市,平鹿町浅舞
0130101,アキタケン,ヨコテシ,ヒラカマチカミヨシダ,秋田県,横手市,平鹿町上吉田
0130103,アキタケン,ヨコテシ,ヒラカマチシモナベクラ,秋田県,横手市,平鹿町下鍋倉
0130107,アキタケン,ヨコテシ,ヒラカマチシモヨシダ,秋田県,横手市,平鹿町下吉田
0130102,アキタケン,ヨコテシ,ヒラカマチダイゴ,秋田県,横手市,平鹿町醍醐
0130104,アキタケン,ヨコテシ,ヒラカマチタルミナイ,秋田県,横手市,平鹿町樽見内
0130106,アキタケン,ヨコテシ,ヒラカマチナカヨシダ,秋田県,横手市,平鹿町中吉田
0130027,アキタケン,ヨコテシ,ヒラジョウマチ,秋田県,横手市,平城町
0130063,アキタケン,ヨコテシ,フケオオヅツミ,秋田県,横手市,婦気大堤
0130019,アキタケン,ヨコテシ,フタバチョウ,秋田県,横手市,二葉町
0130035,アキタケン,ヨコテシ,ヘイワチョウ,秋田県,横手市,平和町
0130034,アキタケン,ヨコテシ,ホンゴウチョウ,秋田県,横手市,本郷町
0130042,アキタケン,ヨコテシ,マエゴウ,秋田県,横手市,前郷
0130038,アキタケン,ヨコテシ,マエゴウイチバンチョウ,秋田県,横手市,前郷一番町
0130037,アキタケン,ヨコテシ,マエゴウニバンチョウ,秋田県,横手市,前郷二番町
0190711,アキタケン,ヨコテシ,マスダマチオギノフクロ,秋田県,横手市,増田町荻袋
0190702,アキタケン,ヨコテシ,マスダマチカメダ,秋田県,横手市,増田町亀田
0190712,アキタケン,ヨコテシ,マスダマチクマノフチ,秋田県,横手市,増田町熊渕
0190705,アキタケン,ヨコテシ,マスダマチサルハンナイ,秋田県,横手市,増田町狙半内
0190714,アキタケン,ヨコテシ,マスダマチトナミ,秋田県,横手市,増田町戸波
0190701,アキタケン,ヨコテシ,マスダマチマスダ,秋田県,横手市,増田町増田
0190713,アキタケン,ヨコテシ,マスダマチミツマタ,秋田県,横手市,増田町三又
0190715,アキタケン,ヨコテシ,マスダマチヤギ,秋田県,横手市,増田町八木
0190704,アキタケン,ヨコテシ,マスダマチユノサワ,秋田県,横手市,増田町湯野沢
0190703,アキタケン,ヨコテシ,マスダマチヨシノ,秋田県,横手市,増田町吉野
0130047,アキタケン,ヨコテシ,マツバラマチ,秋田県,横手市,松原町
0130045,アキタケン,ヨコテシ,ミナミマチ,秋田県,横手市,南町
0130004,アキタケン,ヨコテシ,ミョウエイチョウ,秋田県,横手市,明永町
0130008,アキタケン,ヨコテシ,ムツナリ,秋田県,横手市,睦成
0130018,アキタケン,ヨコテシ,モトマチ,秋田県,横手市,本町
0130043,アキタケン,ヨコテシ,ヤスダ,秋田県,横手市,安田
0130048,アキタケン,ヨコテシ,ヤスダハラマチ,秋田県,横手市,安田原町
0130811,アキタケン,ヨコテシ,ヤスモト,秋田県,横手市,安本
0130054,アキタケン,ヨコテシ,ヤナギダ,秋田県,横手市,柳田
0130071,アキタケン,ヨコテシ,ヤワタ,秋田県,横手市,八幡
0130061,アキタケン,ヨコテシ,ヨコテマチ,秋田県,横手市,横手町
0130044,アキタケン,ヨコテシ,ヨコヤマチョウ,秋田県,横手市,横山町
0130022,アキタケン,ヨコテシ,ヨッカマチ,秋田県,横手市,四日町
0170000,アキタケン,オオダテシ,イカニケイサイガナイバアイ,秋田県,大館市,以下に掲載がない場合
0170806,アキタケン,オオダテシ,アイゾメサワナカタイ,秋田県,大館市,相染沢中岱
0170831,アキタケン,オオダテシ,アオバチョウ,秋田県,大館市,青葉町
0170854,アキタケン,オオダテシ,アカイシ,秋田県,大館市,赤石
0170816,アキタケン,オオダテシ,アカダテ,秋田県,大館市,赤館
0170814,アキタケン,オオダテシ,アカダテチョウ,秋田県,大館市,赤館町
0170011,アキタケン,オオダテシ,アキヒトドメ,秋田県,大館市,商人留
0170025,アキタケン,オオダテシ,アシダコ,秋田県,大館市,芦田子
0170023,アキタケン,オオダテシ,アズマ,秋田県,大館市,東
0170043,アキタケン,オオダテシ,アリウラ,秋田県,大館市,有浦
0170836,アキタケン,オオダテシ,イケナイ,秋田県,大館市,池内
0170834,アキタケン,オオダテシ,イケナイミチウエ,秋田県,大館市,池内道上
0170832,アキタケン,オオダテシ,イケナイミチシタ,秋田県,大館市,池内道下
0170845,アキタケン,オオダテシ,イズミチョウ,秋田県,大館市,泉町
0170053,アキタケン,オオダテシ,イタコイシザカイ,秋田県,大館市,板子石境
0170853,アキタケン,オオダテシ,イタザワ,秋田県,大館市,板沢
0170825,アキタケン,オオダテシ,イッシンインミナミ,秋田県,大館市,一心院南
0170801,アキタケン,オオダテシ,イッポンスギ,秋田県,大館市,一本杉
0170857,アキタケン,オオダテシ,イデガワ,秋田県,大館市,出川
0183501,アキタケン,オオダテシ,イワセ,秋田県,大館市,岩瀬
0170894,アキタケン,オオダテシ,ウラマチ,秋田県,大館市,裏町
0170817,アキタケン,オオダテシ,ウワマチ,秋田県,大館市,上町
0170837,アキタケン,オオダテシ,エツリ,秋田県,大館市,餌釣
0170805,アキタケン,オオダテシ,オウギダミチシタ,秋田県,大館市,扇田道下
0170024,アキタケン,オオダテシ,オオシゲナイ,秋田県,大館市,大茂内
0185754,アキタケン,オオダテシ,オオシナイ,秋田県,大館市,大子内
0170041,アキタケン,オオダテシ,オオタオモテ,秋田県,大館市,大田面
0170896,アキタケン,オオダテシ,オオダテ,秋田県,大館市,大館
0170851,アキタケン,オオダテシ,オオビラキ,秋田県,大館市,大披
0170841,アキタケン,オオダテシ,オオマチ,秋田県,大館市,大町
0170044,アキタケン,オオダテシ,オナリチョウ,秋田県,大館市,御成町
0170004,アキタケン,オオダテシ,カスダ,秋田県,大館市,粕田
0170892,アキタケン,オオダテシ,カタマチ,秋田県,大館市,片町
0170871,アキタケン,オオダテシ,カタヤマ,秋田県,大館市,片山
0170872,アキタケン,オオダテシ,カタヤマチョウ,秋田県,大館市,片山町
0170812,アキタケン,オオダテシ,カネザカ,秋田県,大館市,金坂
0170813,アキタケン,オオダテシ,カネザカウシロ,秋田県,大館市,金坂後
0170031,アキタケン,オオダテシ,カミダイノ,秋田県,大館市,上代野
0170804,アキタケン,オオダテシ,カラサワ,秋田県,大館市,柄沢
0185604,アキタケン,オオダテシ,カルイザワ,秋田県,大館市,軽井沢
0170878,アキタケン,オオダテシ,カワグチ,秋田県,大館市,川口
0170042,アキタケン,オオダテシ,カンノンドウ,秋田県,大館市,観音堂
0170866,アキタケン,オオダテシ,キタシンメイチョウ,秋田県,大館市,北神明町
0185606,アキタケン,オオダテシ,クズワラ,秋田県,大館市,葛原
0170893,アキタケン,オオダテシ,ケイジョウ,秋田県,大館市,桂城
0170014,アキタケン,オオダテシ,コシャカナイミチウエ,秋田県,大館市,小釈迦内道上
0170015,アキタケン,オオダテシ,コシャカナイミチシタ,秋田県,大館市,小釈迦内道下
0170861,アキタケン,オオダテシ,コタテチョウ,秋田県,大館市,小館町
0170835,アキタケン,オオダテシ,コダテハナ,秋田県,大館市,小館花
0170852,アキタケン,オオダテシ,コハカマ,秋田県,大館市,小袴
0170847,アキタケン,オオダテシ,サイワイチョウ,秋田県,大館市,幸町
0170821,アキタケン,オオダテシ,サクラチョウ,秋田県,大館市,桜町
0170822,アキタケン,オオダテシ,サクラチョウミナミ,秋田県,大館市,桜町南
0185605,アキタケン,オオダテシ,サルマ,秋田県,大館市,猿間
0170897,アキタケン,オオダテシ,サンノマル,秋田県,大館市,三ノ丸
0170022,アキタケン,オオダテシ,シゲナイ,秋田県,大館市,茂内
0185756,アキタケン,オオダテシ,シタカワラ,秋田県,大館市,下川原
0170046,アキタケン,オオダテシ,シミズ,秋田県,大館市,清水
0170037,アキタケン,オオダテシ,シミズセキアイ,秋田県,大館市,清水堰合
0170034,アキタケン,オオダテシ,シモダイノ,秋田県,大館市,下代野
0170033,アキタケン,オオダテシ,シモツナ,秋田県,大館市,下綱
0170012,アキタケン,オオダテシ,シャカナイ,秋田県,大館市,釈迦内
0185601,アキタケン,オオダテシ,ジュウニショ,秋田県,大館市,十二所
0170865,アキタケン,オオダテシ,ジョウセイチョウ,秋田県,大館市,城西町
0170002,アキタケン,オオダテシ,シラサワ,秋田県,大館市,白沢
0170844,アキタケン,オオダテシ,シンマチ,秋田県,大館市,新町
0170887,アキタケン,オオダテシ,スイモンチョウ,秋田県,大館市,水門町
0170888,アキタケン,オオダテシ,スイモンマエ,秋田県,大館市,水門前
0185755,アキタケン,オオダテシ,スギサワ,秋田県,大館市,杉沢
0170875,アキタケン,オオダテシ,スミヨシチョウ,秋田県,大館市,住吉町
0170833,アキタケン,オオダテシ,ゾウガハナ,秋田県,大館市,象ケ鼻
0183503,アキタケン,オオダテシ,ソトカワラ,秋田県,大館市,外川原
0170035,アキタケン,オオダテシ,ダイノ,秋田県,大館市,代野
0170886,アキタケン,オオダテシ,タテシタ,秋田県,大館市,館下
0170877,アキタケン,オオダテシ,タテバナ,秋田県,大館市,立花
0170882,アキタケン,オオダテシ,テッポウバ,秋田県,大館市,鉄砲場
0185602,アキタケン,オオダテシ,ドウメキ,秋田県,大館市,道目木
0170846,アキタケン,オオダテシ,トキワギチョウ,秋田県,大館市,常盤木町
0170884,アキタケン,オオダテシ,ドビヤマシタ,秋田県,大館市,土飛山下
0170867,アキタケン,オオダテシ,ナカシンメイチョウ,秋田県,大館市,中神明町
0170891,アキタケン,オオダテシ,ナカジョウ,秋田県,大館市,中城
0170843,アキタケン,オオダテシ,ナカマチ,秋田県,大館市,中町
0170045,アキタケン,オオダテシ,ナカミチ,秋田県,大館市,中道
0170839,アキタケン,オオダテシ,ナカヤマ,秋田県,大館市,中山
0170881,アキタケン,オオダテシ,ナガキカワミナミ,秋田県,大館市,長木川南
0170895,アキタケン,オオダテシ,ナガクラ,秋田県,大館市,長倉
0183504,アキタケン,オオダテシ,ナガサカ,秋田県,大館市,長坂
0170802,アキタケン,オオダテシ,ナガネヤマシタ,秋田県,大館市,長根山下
0170001,アキタケン,オオダテシ,ナガバシリ,秋田県,大館市,長走
0170824,アキタケン,オオダテシ,ナナマガリタイ,秋田県,大館市,七曲岱
0185751,アキタケン,オオダテシ,ニイダ,秋田県,大館市,二井田
0170032,アキタケン,オオダテシ,ニイヅナ,秋田県,大館市,新綱
0170036,アキタケン,オオダテシ,ニホンスギウシロ,秋田県,大館市,二本杉後
0170055,アキタケン,オオダテシ,ヌマタテミチウエ,秋田県,大館市,沼館道上
0170056,アキタケン,オオダテシ,ヌマタテミチミナミ,秋田県,大館市,沼館道南
0170057,アキタケン,オオダテシ,ヌマダテ,秋田県,大館市,沼館
0170862,アキタケン,オオダテシ,ネゲト,秋田県,大館市,根下戸
0170864,アキタケン,オオダテシ,ネゲトシンマチ,秋田県,大館市,根下戸新町
0170863,アキタケン,オオダテシ,ネゲトチョウ,秋田県,大館市,根下戸町
0170842,アキタケン,オオダテシ,バクロウマチ,秋田県,大館市,馬喰町
0170003,アキタケン,オオダテシ,ハシゲタ,秋田県,大館市,橋桁
0170811,アキタケン,オオダテシ,ハチマン,秋田県,大館市,八幡
0170823,アキタケン,オオダテシ,ハチマンサワタイ,秋田県,大館市,八幡沢岱
0170005,アキタケン,オオダテシ,ハナオカマチ,秋田県,大館市,花岡町
0183505,アキタケン,オオダテシ,ハヤグチ,秋田県,大館市,早口
0170803,アキタケン,オオダテシ,ヒガシダイ,秋田県,大館市,東台
0170855,アキタケン,オオダテシ,ヒツザキ,秋田県,大館市,櫃崎
0185753,アキタケン,オオダテシ,ヒナイマエダ,秋田県,大館市,比内前田
0185701,アキタケン,オオダテシ,ヒナイマチオウギタ,秋田県,大館市,比内町扇田
0185851,アキタケン,オオダテシ,ヒナイマチオオクゾ,秋田県,大館市,比内町大葛
0185743,アキタケン,オオダテシ,ヒナイマチオツボザワ,秋田県,大館市,比内町小坪沢
0185745,アキタケン,オオダテシ,ヒナイマチカタガイ,秋田県,大館市,比内町片貝
0185731,アキタケン,オオダテシ,ヒナイマチササダテ,秋田県,大館市,比内町笹館
0185742,アキタケン,オオダテシ,ヒナイマチシラサワミズサワ,秋田県,大館市,比内町白沢水沢
0185741,アキタケン,オオダテシ,ヒナイマチタッコ,秋田県,大館市,比内町達子
0185721,アキタケン,オオダテシ,ヒナイマチトッコ,秋田県,大館市,比内町独鈷
0185722,アキタケン,オオダテシ,ヒナイマチナカノ,秋田県,大館市,比内町中野
0185712,アキタケン,オオダテシ,ヒナイマチニイダテ,秋田県,大館市,比内町新館
0185711,アキタケン,オオダテシ,ヒナイマチミソナイ,秋田県,大館市,比内町味噌内
0185744,アキタケン,オオダテシ,ヒナイマチヤギハシ,秋田県,大館市,比内町八木橋
0185732,アキタケン,オオダテシ,ヒナイマチヤチナカ,秋田県,大館市,比内町谷地中
0170026,アキタケン,オオダテシ,フタツヤサカイ,秋田県,大館市,二ツ屋境
0170883,アキタケン,オオダテシ,フルカワマチ,秋田県,大館市,古川町
0170815,アキタケン,オオダテシ,ヘダレマチ,秋田県,大館市,部垂町
0185603,アキタケン,オオダテシ,マガタ,秋田県,大館市,曲田
0170052,アキタケン,オオダテシ,マツキ,秋田県,大館市,松木
0170054,アキタケン,オオダテシ,マツダテ,秋田県,大館市,松館
0170051,アキタケン,オオダテシ,マツミネ,秋田県,大館市,松峰
0170873,アキタケン,オオダテシ,ミサカ,秋田県,大館市,御坂
0170874,アキタケン,オオダテシ,ミソノチョウ,秋田県,大館市,美園町
0170868,アキタケン,オオダテシ,ミナミシンメイチョウ,秋田県,大館市,南神明町
0170828,アキタケン,オオダテシ,ムカイマチ,秋田県,大館市,向町
0170876,アキタケン,オオダテシ,モチタ,秋田県,大館市,餅田
0185752,アキタケン,オオダテシ,モトミヤ,秋田県,大館市,本宮
0170827,アキタケン,オオダテシ,ヤチマチ,秋田県,大館市,谷地町
0170826,アキタケン,オオダテシ,ヤチマチウシロ,秋田県,大館市,谷地町後
0183506,アキタケン,オオダテシ,ヤマセ,秋田県,大館市,山瀬
0183502,アキタケン,オオダテシ,ヤマダ,秋田県,大館市,山田
0170838,アキタケン,オオダテシ,ヤマダテ,秋田県,大館市,山館
0170021,アキタケン,オオダテシ,ユキサワ,秋田県,大館市,雪沢
0170885,アキタケン,オオダテシ,ユタカチョウ,秋田県,大館市,豊町
0100500,アキタケン,オガシ,イカニケイサイガナイバアイ,秋田県,男鹿市,以下に掲載がない場合
0100353,アキタケン,オガシ,イリアイカミヤ,秋田県,男鹿市,五里合神谷
0100352,アキタケン,オガシ,イリアイコトガワ,秋田県,男鹿市,五里合琴川
0100355,アキタケン,オガシ,イリアイシビカワ,秋田県,男鹿市,五里合鮪川
0100354,アキタケン,オガシ,イリアイチュウイシ,秋田県,男鹿市,五里合中石
0100351,アキタケン,オガシ,イリアイハコイ,秋田県,男鹿市,五里合箱井
0100421,アキタケン,オガシ,ウノキ,秋田県,男鹿市,鵜木
0100664,アキタケン,オガシ,オガナカコクユウチナイ,秋田県,男鹿市,男鹿中国有地内
0100663,アキタケン,オガシ,オガナカタキガワ,秋田県,男鹿市,男鹿中滝川
0100662,アキタケン,オガシ,オガナカナカマグチ,秋田県,男鹿市,男鹿中中間口
0100661,アキタケン,オガシ,オガナカハママグチ,秋田県,男鹿市,男鹿中浜間口
0100665,アキタケン,オガシ,オガナカヤママチ,秋田県,男鹿市,男鹿中山町
0100422,アキタケン,オガシ,カクマザキ,秋田県,男鹿市,角間崎
0100681,アキタケン,オガシ,キタウラアイカワ,秋田県,男鹿市,北浦相川
0100684,アキタケン,オガシ,キタウラアンゼンジ,秋田県,男鹿市,北浦安全寺
0100682,アキタケン,オガシ,キタウラオモテマチ,秋田県,男鹿市,北浦表町
0100683,アキタケン,オガシ,キタウラキタウラ,秋田県,男鹿市,北浦北浦
0100685,アキタケン,オガシ,キタウラシンザン,秋田県,男鹿市,北浦真山
0100676,アキタケン,オガシ,キタウラニシクロサワ,秋田県,男鹿市,北浦西黒沢
0100686,アキタケン,オガシ,キタウラニシミズグチ,秋田県,男鹿市,北浦西水口
0100675,アキタケン,オガシ,キタウラニュウドウザキ,秋田県,男鹿市,北浦入道崎
0100688,アキタケン,オガシ,キタウラノムラ,秋田県,男鹿市,北浦野村
0100687,アキタケン,オガシ,キタウラユモト,秋田県,男鹿市,北浦湯本
0100671,アキタケン,オガシ,トガカモアオサ,秋田県,男鹿市,戸賀加茂青砂
0100673,アキタケン,オガシ,トガシオハマ,秋田県,男鹿市,戸賀塩浜
0100674,アキタケン,オガシ,トガトガ,秋田県,男鹿市,戸賀戸賀
0100672,アキタケン,オガシ,トガハマシオヤ,秋田県,男鹿市,戸賀浜塩谷
0100401,アキタケン,オガシ,ノイシ,秋田県,男鹿市,野石
0100423,アキタケン,オガシ,フクガワ,秋田県,男鹿市,福川
0100411,アキタケン,オガシ,フクメザワ,秋田県,男鹿市,福米沢
0100431,アキタケン,オガシ,フット,秋田県,男鹿市,払戸
0100523,アキタケン,オガシ,フナガワミナトオンナガワ,秋田県,男鹿市,船川港女川
0100503,アキタケン,オガシ,フナガワミナトカネガワ,秋田県,男鹿市,船川港金川
0100534,アキタケン,オガシ,フナガワミナトコハマ,秋田県,男鹿市,船川港小浜
0100533,アキタケン,オガシ,フナガワミナトスゴロク,秋田県,男鹿市,船川港双六
0100531,アキタケン,オガシ,フナガワミナトダイシマ,秋田県,男鹿市,船川港台島
0100532,アキタケン,オガシ,フナガワミナトツバキ,秋田県,男鹿市,船川港椿
0100501,アキタケン,オガシ,フナガワミナトニイヤマ,秋田県,男鹿市,船川港仁井山
0100502,アキタケン,オガシ,フナガワミナトヒヅメ,秋田県,男鹿市,船川港比詰
0100511,アキタケン,オガシ,フナガワミナトフナガワ,秋田県,男鹿市,船川港船川
0100535,アキタケン,オガシ,フナガワミナトホンザンモンゼン,秋田県,男鹿市,船川港本山門前
0100522,アキタケン,オガシ,フナガワミナトマスガワ,秋田県,男鹿市,船川港増川
0100521,アキタケン,オガシ,フナガワミナトミナミヒラサワ,秋田県,男鹿市,船川港南平沢
0100341,アキタケン,オガシ,フナコシ,秋田県,男鹿市,船越
0100412,アキタケン,オガシ,ホンナイ,秋田県,男鹿市,本内
0100413,アキタケン,オガシ,マツキサワ,秋田県,男鹿市,松木沢
0100345,アキタケン,オガシ,ワキモトウラダ,秋田県,男鹿市,脇本浦田
0100343,アキタケン,オガシ,ワキモトタヤザワ,秋田県,男鹿市,脇本田谷沢
0100346,アキタケン,オガシ,ワキモトタルザワ,秋田県,男鹿市,脇本樽沢
0100344,アキタケン,オガシ,ワキモトトミナガ,秋田県,男鹿市,脇本富永
0100347,アキタケン,オガシ,ワキモトモモカワ,秋田県,男鹿市,脇本百川
0100342,アキタケン,オガシ,ワキモトワキモト,秋田県,男鹿市,脇本脇本
0120000,アキタケン,ユザワシ,イカニケイサイガナイバアイ,秋田県,湯沢市,以下に掲載がない場合
0190402,アキタケン,ユザワシ,アイカワ,秋田県,湯沢市,相川
0120024,アキタケン,ユザワシ,アカツチ,秋田県,湯沢市,赤土
0190321,アキタケン,ユザワシ,アキノミヤ,秋田県,湯沢市,秋ノ宮
0120855,アキタケン,ユザワシ,アタゴチョウ,秋田県,湯沢市,愛宕町
0120042,アキタケン,ユザワシ,アヅキタ,秋田県,湯沢市,小豆田
0120852,アキタケン,ユザワシ,アラマチ,秋田県,湯沢市,荒町
0120062,アキタケン,ユザワシ,イシヅカ,秋田県,湯沢市,石塚
0190201,アキタケン,ユザワシ,イズミサワ,秋田県,湯沢市,泉沢
0120107,アキタケン,ユザワシ,イナニワチョウ,秋田県,湯沢市,稲庭町
0120022,アキタケン,ユザワシ,イワイダ,秋田県,湯沢市,祝田
0120801,アキタケン,ユザワシ,イワサキ,秋田県,湯沢市,岩崎
0120834,アキタケン,ユザワシ,イワノサワヤマ,秋田県,湯沢市,岩ノ沢山
0190113,アキタケン,ユザワシ,インナイギンザンマチ,秋田県,湯沢市,院内銀山町
0120842,アキタケン,ユザワシ,ウチダテマチ,秋田県,湯沢市,内舘町
0120843,アキタケン,ユザワシ,ウチマチ,秋田県,湯沢市,内町
0120824,アキタケン,ユザワシ,ウラモン,秋田県,湯沢市,裏門
0190403,アキタケン,ユザワシ,ウルインナイ,秋田県,湯沢市,宇留院内
0120014,アキタケン,ユザワシ,オオクラヤチ,秋田県,湯沢市,大倉谷地
0120026,アキタケン,ユザワシ,オオシマ,秋田県,湯沢市,大島
0120841,アキタケン,ユザワシ,オオマチ,秋田県,湯沢市,大町
0120012,アキタケン,ユザワシ,オオモリ,秋田県,湯沢市,大森
0120045,アキタケン,ユザワシ,オカダマチ,秋田県,湯沢市,岡田町
0120057,アキタケン,ユザワシ,オガチタ,秋田県,湯沢市,雄勝田
0120856,アキタケン,ユザワシ,オカチマチ,秋田県,湯沢市,御囲地町
0120023,アキタケン,ユザワシ,オキタ,秋田県,湯沢市,沖田
0120037,アキタケン,ユザワシ,オキツル,秋田県,湯沢市,沖鶴
0190205,アキタケン,ユザワシ,オノ,秋田県,湯沢市,小野
0120827,アキタケン,ユザワシ,オモテマチ,秋田県,湯沢市,表町
0120001,アキタケン,ユザワシ,カクマ,秋田県,湯沢市,角間
0120831,アキタケン,ユザワシ,カクマザワ,秋田県,湯沢市,角間沢
0120833,アキタケン,ユザワシ,カックイサワヤマ,秋田県,湯沢市,カツクイ沢山
0120005,アキタケン,ユザワシ,カナヤ,秋田県,湯沢市,金谷
0120835,アキタケン,ユザワシ,カネウチザワ,秋田県,湯沢市,鉦打沢
0120836,アキタケン,ユザワシ,カネホリザワヤマ,秋田県,湯沢市,金堀沢山
0190111,アキタケン,ユザワシ,カミインナイ,秋田県,湯沢市,上院内
0120864,アキタケン,ユザワシ,カミセキ,秋田県,湯沢市,上関
0120003,アキタケン,ユザワシ,カミニイダ,秋田県,湯沢市,上二井田
0120105,アキタケン,ユザワシ,カワツラチョウ,秋田県,湯沢市,川連町
0120825,アキタケン,ユザワシ,キタアラマチ,秋田県,湯沢市,北荒町
0120015,アキタケン,ユザワシ,クラウチ,秋田県,湯沢市,倉内
0190202,アキタケン,ユザワシ,クワガサキ,秋田県,湯沢市,桑崎
0120021,アキタケン,ユザワシ,コガネハラ,秋田県,湯沢市,黄金原
0120104,アキタケン,ユザワシ,コマガタチョウ,秋田県,湯沢市,駒形町
0120845,アキタケン,ユザワシ,ザイモクチョウ,秋田県,湯沢市,材木町
0120035,アキタケン,ユザワシ,サイワイチョウ,秋田県,湯沢市,幸町
0120013,アキタケン,ユザワシ,サカエダ,秋田県,湯沢市,栄田
0190401,アキタケン,ユザワシ,サカマキ,秋田県,湯沢市,酒蒔
0120811,アキタケン,ユザワシ,サクラドオリ,秋田県,湯沢市,桜通り
0120824,アキタケン,ユザワシ,サタケチョウ,秋田県,湯沢市,佐竹町
0120033,アキタケン,ユザワシ,シミズチョウ,秋田県,湯沢市,清水町
0190112,アキタケン,ユザワシ,シモインナイ,秋田県,湯沢市,下院内
0120863,アキタケン,ユザワシ,シモセキ,秋田県,湯沢市,下関
0120052,アキタケン,ユザワシ,シモナカガワラ,秋田県,湯沢市,下中川原
0120002,アキタケン,ユザワシ,シモニイダ,秋田県,湯沢市,下二井田
0120822,アキタケン,ユザワシ,シモヤマヤ,秋田県,湯沢市,下山谷
0120853,アキタケン,ユザワシ,シンチョウ,秋田県,湯沢市,新町
0120804,アキタケン,ユザワシ,スギサワ,秋田県,湯沢市,杉沢
0120803,アキタケン,ユザワシ,スギサワアラトコロ,秋田県,湯沢市,杉沢新所
0120862,アキタケン,ユザワシ,セキグチ,秋田県,湯沢市,関口
0120016,アキタケン,ユザワシ,センガリ,秋田県,湯沢市,千刈
0120857,アキタケン,ユザワシ,センゴクチョウ,秋田県,湯沢市,千石町
0120814,アキタケン,ユザワシ,ダイクマチ,秋田県,湯沢市,大工町
0120008,アキタケン,ユザワシ,タカマエ,秋田県,湯沢市,高前
0190404,アキタケン,ユザワシ,タカマツ,秋田県,湯沢市,高松
0120844,アキタケン,ユザワシ,タマチ,秋田県,湯沢市,田町
0120031,アキタケン,ユザワシ,ツルダテ,秋田県,湯沢市,鶴館
0190203,アキタケン,ユザワシ,テラサワ,秋田県,湯沢市,寺沢
0120854,アキタケン,ユザワシ,トビガサワヤマ,秋田県,湯沢市,鳶ケ沢山
0120053,アキタケン,ユザワシ,ナカガワラ,秋田県,湯沢市,中川原
0120041,アキタケン,ユザワシ,ナカノ,秋田県,湯沢市,中野
0120044,アキタケン,ユザワシ,ナカノノメ,秋田県,湯沢市,中野々目
0120802,アキタケン,ユザワシ,ナリサワ,秋田県,湯沢市,成沢
0120004,アキタケン,ユザワシ,ニイダ,秋田県,湯沢市,二井田
0120868,アキタケン,ユザワシ,ニシアタゴチョウ,秋田県,湯沢市,西愛宕町
0120837,アキタケン,ユザワシ,ニシカネホリザワヤマ,秋田県,湯沢市,西金堀沢山
0120034,アキタケン,ユザワシ,ニシシンマチ,秋田県,湯沢市,西新町
0120054,アキタケン,ユザワシ,ニシナカガワラ,秋田県,湯沢市,西中川原
0120866,アキタケン,ユザワシ,ニシマツザワ,秋田県,湯沢市,西松沢
0120865,アキタケン,ユザワシ,ヌマドイ,秋田県,湯沢市,沼樋
0120812,アキタケン,ユザワシ,ヒガシアカツチヤマ,秋田県,湯沢市,東赤土山
0120861,アキタケン,ユザワシ,ヒガシマツザワ,秋田県,湯沢市,東松沢
0120832,アキタケン,ユザワシ,ヒロサワヤマ,秋田県,湯沢市,広沢山
0120051,アキタケン,ユザワシ,フカボリ,秋田県,湯沢市,深堀
0120056,アキタケン,ユザワシ,フジハナ,秋田県,湯沢市,藤花
0120017,アキタケン,ユザワシ,フジミ,秋田県,湯沢市,富士見
0120851,アキタケン,ユザワシ,フッパリ,秋田県,湯沢市,吹張
0120815,アキタケン,ユザワシ,フルダテマチ,秋田県,湯沢市,古館町
0120838,アキタケン,ユザワシ,ヘビノ,秋田県,湯沢市,蛇野
0120025,アキタケン,ユザワシ,マエジマ,秋田県,湯沢市,前島
0120813,アキタケン,ユザワシ,マエモリ,秋田県,湯沢市,前森
0120061,アキタケン,ユザワシ,マツオカ,秋田県,湯沢市,松岡
0120043,アキタケン,ユザワシ,マンゴク,秋田県,湯沢市,万石
0120106,アキタケン,ユザワシ,ミツナシチョウ,秋田県,湯沢市,三梨町
0190481,アキタケン,ユザワシ,ミナセ（ミズカミサワ）,秋田県,湯沢市,皆瀬（水上沢）
0120183,アキタケン,ユザワシ,ミナセ（ソノタ）,秋田県,湯沢市,皆瀬（その他）
0120867,アキタケン,ユザワシ,ミナミダイ,秋田県,湯沢市,南台
0120032,アキタケン,ユザワシ,モトシミズ,秋田県,湯沢市,元清水
0120011,アキタケン,ユザワシ,モリ,秋田県,湯沢市,森
0120006,アキタケン,ユザワシ,ヤナギダ,秋田県,湯沢市,柳田
0120826,アキタケン,ユザワシ,ヤナギマチ,秋田県,湯沢市,柳町
0120055,アキタケン,ユザワシ,ヤマダ,秋田県,湯沢市,山田
0120821,アキタケン,ユザワシ,ヤマヤ,秋田県,湯沢市,山谷
0120007,アキタケン,ユザワシ,ヤワタ,秋田県,湯沢市,八幡
0120823,アキタケン,ユザワシ,ユノカミヤマ,秋田県,湯沢市,湯ノ上山
0120823,アキタケン,ユザワシ,ユノハラ,秋田県,湯沢市,湯ノ原
0190204,アキタケン,ユザワシ,ヨコボリ,秋田県,湯沢市,横堀
0120036,アキタケン,ユザワシ,リョウジン,秋田県,湯沢市,両神
0120869,アキタケン,ユザワシ,ワカバマチ,秋田県,湯沢市,若葉町
0185200,アキタケン,カヅノシ,イカニケイサイガナイバアイ,秋田県,鹿角市,以下に掲載がない場合
0185202,アキタケン,カヅノシ,オサリザワ,秋田県,鹿角市,尾去沢
0185332,アキタケン,カヅノシ,トワダウワムカイ,秋田県,鹿角市,十和田上向
0185421,アキタケン,カヅノシ,トワダオオユ,秋田県,鹿角市,十和田大湯
0185333,アキタケン,カヅノシ,トワダオカダ,秋田県,鹿角市,十和田岡田
0185422,アキタケン,カヅノシ,トワダクサギ,秋田県,鹿角市,十和田草木
0185334,アキタケン,カヅノシ,トワダケマナイ,秋田県,鹿角市,十和田毛馬内
0185337,アキタケン,カヅノシ,トワダスエヒロ,秋田県,鹿角市,十和田末広
0185335,アキタケン,カヅノシ,トワダセタイシ,秋田県,鹿角市,十和田瀬田石
0185336,アキタケン,カヅノシ,トワダニシキギ,秋田県,鹿角市,十和田錦木
0185331,アキタケン,カヅノシ,トワダヤマネ,秋田県,鹿角市,十和田山根
0185141,アキタケン,カヅノシ,ハチマンタイ,秋田県,鹿角市,八幡平
0185201,アキタケン,カヅノシ,ハナワ,秋田県,鹿角市,花輪
0150000,アキタケン,ユリホンジョウシ,イカニケイサイガナイバアイ,秋田県,由利本荘市,以下に掲載がない場合
0150023,アキタケン,ユリホンジョウシ,アカタ,秋田県,由利本荘市,赤田
0150836,アキタケン,ユリホンジョウシ,アカヌマシタ,秋田県,由利本荘市,赤沼下
0150079,アキタケン,ユリホンジョウシ,アカヌマシタミチ,秋田県,由利本荘市,赤沼下道
0150071,アキタケン,ユリホンジョウシ,アカヌママチ,秋田県,由利本荘市,赤沼町
0150034,アキタケン,ユリホンジョウシ,アシカワ,秋田県,由利本荘市,芦川
0150084,アキタケン,ユリホンジョウシ,アユセ,秋田県,由利本荘市,鮎瀬
0150065,アキタケン,ユリホンジョウシ,アラマチ,秋田県,由利本荘市,荒町
0150892,アキタケン,ユリホンジョウシ,アリヤマ,秋田県,由利本荘市,蟻山
0150301,アキタケン,ユリホンジョウシ,イイザワ,秋田県,由利本荘市,飯沢
0150311,アキタケン,ユリホンジョウシ,イカヅチ,秋田県,由利本荘市,五十土
0150012,アキタケン,ユリホンジョウシ,イシワキ（タジリ）,秋田県,由利本荘市,石脇（田尻）
0150013,アキタケン,ユリホンジョウシ,イシワキ（タジリノ）,秋田県,由利本荘市,石脇（田尻野）
0150014,アキタケン,ユリホンジョウシ,イシワキ（ヤマノカミ）,秋田県,由利本荘市,石脇（山ノ神）
0150011,アキタケン,ユリホンジョウシ,イシワキ（ソノタ）,秋田県,由利本荘市,石脇（その他）
0150823,アキタケン,ユリホンジョウシ,イズミマチ,秋田県,由利本荘市,和泉町
0150852,アキタケン,ユリホンジョウシ,イチバンゼキ,秋田県,由利本荘市,一番堰
0150876,アキタケン,ユリホンジョウシ,イドジリ,秋田県,由利本荘市,井戸尻
0181215,アキタケン,ユリホンジョウシ,イワキアカヒラ,秋田県,由利本荘市,岩城赤平
0181213,アキタケン,ユリホンジョウシ,イワキイズミタ,秋田県,由利本荘市,岩城泉田
0181301,アキタケン,ユリホンジョウシ,イワキウチミチカワ,秋田県,由利本荘市,岩城内道川
0181302,アキタケン,ユリホンジョウシ,イワキカッテ,秋田県,由利本荘市,岩城勝手
0181225,アキタケン,ユリホンジョウシ,イワキカミクロカワ,秋田県,由利本荘市,岩城上黒川
0181222,アキタケン,ユリホンジョウシ,イワキカミヘビタ,秋田県,由利本荘市,岩城上蛇田
0181216,アキタケン,ユリホンジョウシ,イワキカメダアタゴマチ,秋田県,由利本荘市,岩城亀田愛宕町
0181218,アキタケン,ユリホンジョウシ,イワキカメダオオマチ,秋田県,由利本荘市,岩城亀田大町
0181217,アキタケン,ユリホンジョウシ,イワキカメダカメダマチ,秋田県,由利本荘市,岩城亀田亀田町
0181221,アキタケン,ユリホンジョウシ,イワキカメダモガミマチ,秋田県,由利本荘市,岩城亀田最上町
0181303,アキタケン,ユリホンジョウシ,イワキキミガノ,秋田県,由利本荘市,岩城君ケ野
0181226,アキタケン,ユリホンジョウシ,イワキシモクロカワ,秋田県,由利本荘市,岩城下黒川
0181223,アキタケン,ユリホンジョウシ,イワキシモヘビタ,秋田県,由利本荘市,岩城下蛇田
0181211,アキタケン,ユリホンジョウシ,イワキタキノマタ,秋田県,由利本荘市,岩城滝俣
0181214,アキタケン,ユリホンジョウシ,イワキトミタ,秋田県,由利本荘市,岩城富田
0181212,アキタケン,ユリホンジョウシ,イワキフクノマタ,秋田県,由利本荘市,岩城福俣
0181305,アキタケン,ユリホンジョウシ,イワキフタゴ,秋田県,由利本荘市,岩城二古
0181304,アキタケン,ユリホンジョウシ,イワキミチカワ,秋田県,由利本荘市,岩城道川
0181224,アキタケン,ユリホンジョウシ,イワキロクロダ,秋田県,由利本荘市,岩城六呂田
0180904,アキタケン,ユリホンジョウシ,イワノメザワ,秋田県,由利本荘市,岩野目沢
0150834,アキタケン,ユリホンジョウシ,イワブチシタ,秋田県,由利本荘市,岩渕下
0180726,アキタケン,ユリホンジョウシ,イワヤフモト,秋田県,由利本荘市,岩谷麓
0180711,アキタケン,ユリホンジョウシ,イワヤマチ,秋田県,由利本荘市,岩谷町
0180723,アキタケン,ユリホンジョウシ,ウシデラ,秋田県,由利本荘市,牛寺
0150814,アキタケン,ユリホンジョウシ,ウシロマチ,秋田県,由利本荘市,後町
0150022,アキタケン,ユリホンジョウシ,ウチクロセ,秋田県,由利本荘市,内黒瀬
0150024,アキタケン,ユリホンジョウシ,ウテツ,秋田県,由利本荘市,内越
0150042,アキタケン,ユリホンジョウシ,ウメダ,秋田県,由利本荘市,埋田
0150072,アキタケン,ユリホンジョウシ,ウラオザキマチ,秋田県,由利本荘市,裏尾崎町
0150094,アキタケン,ユリホンジョウシ,ウワノ,秋田県,由利本荘市,上野
0150856,アキタケン,ユリホンジョウシ,エンショウワキ,秋田県,由利本荘市,円正脇
0180731,アキタケン,ユリホンジョウシ,オオウチサンカワ,秋田県,由利本荘市,大内三川
0180733,アキタケン,ユリホンジョウシ,オオクラザワ,秋田県,由利本荘市,大倉沢
0150864,アキタケン,ユリホンジョウシ,オオクワマチ,秋田県,由利本荘市,大鍬町
0150093,アキタケン,ユリホンジョウシ,オオサワ,秋田県,由利本荘市,大沢
0180721,アキタケン,ユリホンジョウシ,オオタニ,秋田県,由利本荘市,大谷
0150868,アキタケン,ユリホンジョウシ,オオヅツミシタ,秋田県,由利本荘市,大堤下
0150062,アキタケン,ユリホンジョウシ,オオナカノサワ,秋田県,由利本荘市,大中ノ沢
0150816,アキタケン,ユリホンジョウシ,オオマチ,秋田県,由利本荘市,大町
0150312,アキタケン,ユリホンジョウシ,オオミナクチ,秋田県,由利本荘市,大水口
0150091,アキタケン,ユリホンジョウシ,オオヤナ,秋田県,由利本荘市,大簗
0150021,アキタケン,ユリホンジョウシ,オオラ,秋田県,由利本荘市,大浦
0150811,アキタケン,ユリホンジョウシ,オケヤマチ,秋田県,由利本荘市,桶屋町
0150871,アキタケン,ユリホンジョウシ,オザキ,秋田県,由利本荘市,尾崎
0150802,アキタケン,ユリホンジョウシ,オモテオザキマチ,秋田県,由利本荘市,表尾崎町
0150035,アキタケン,ユリホンジョウシ,オヤカワ,秋田県,由利本荘市,親川
0180841,アキタケン,ユリホンジョウシ,カガサワ,秋田県,由利本荘市,加賀沢
0150812,アキタケン,ユリホンジョウシ,カジマチ,秋田県,由利本荘市,鍛治町
0150826,アキタケン,ユリホンジョウシ,カタマチ,秋田県,由利本荘市,片町
0150321,アキタケン,ユリホンジョウシ,カニザワ,秋田県,由利本荘市,蟹沢
0150066,アキタケン,ユリホンジョウシ,カネヤマ,秋田県,由利本荘市,金山
0150854,アキタケン,ユリホンジョウシ,カミオオノ,秋田県,由利本荘市,上大野
0150085,アキタケン,ユリホンジョウシ,カラスカワ,秋田県,由利本荘市,烏川
0150051,アキタケン,ユリホンジョウシ,カワグチ,秋田県,由利本荘市,川口
0150331,アキタケン,ユリホンジョウシ,カワニシ,秋田県,由利本荘市,川西
0150872,アキタケン,ユリホンジョウシ,カワラヤチ,秋田県,由利本荘市,瓦谷地
0150825,アキタケン,ユリホンジョウシ,カンノンマチ,秋田県,由利本荘市,観音町
0150878,アキタケン,ユリホンジョウシ,カンノンモリ,秋田県,由利本荘市,観音森
0150831,アキタケン,ユリホンジョウシ,キタウラジ,秋田県,由利本荘市,北裏地
0150069,アキタケン,ユリホンジョウシ,キタノマタ,秋田県,由利本荘市,北ノ股
0180734,アキタケン,ユリホンジョウシ,キタフクダ,秋田県,由利本荘市,北福田
0150884,アキタケン,ユリホンジョウシ,キツネモリ,秋田県,由利本荘市,狐森
0150874,アキタケン,ユリホンジョウシ,キュウジンチョウ,秋田県,由利本荘市,給人町
0150881,アキタケン,ユリホンジョウシ,キリドオシ,秋田県,由利本荘市,切通
0180852,アキタケン,ユリホンジョウシ,クズオカ,秋田県,由利本荘市,葛岡
0150045,アキタケン,ユリホンジョウシ,クズノリ,秋田県,由利本荘市,葛法
0150302,アキタケン,ユリホンジョウシ,クボタ,秋田県,由利本荘市,久保田
0150361,アキタケン,ユリホンジョウシ,クロサワ,秋田県,由利本荘市,黒沢
0150883,アキタケン,ユリホンジョウシ,ゲチガサワ,秋田県,由利本荘市,下地ケ沢
0180903,アキタケン,ユリホンジョウシ,コグリヤマ,秋田県,由利本荘市,小栗山
0150313,アキタケン,ユリホンジョウシ,コスガノ,秋田県,由利本荘市,小菅野
0150862,アキタケン,ユリホンジョウシ,コビトマチ,秋田県,由利本荘市,小人町
0150891,アキタケン,ユリホンジョウシ,コボウガサワ,秋田県,由利本荘市,小防ケ沢
0150861,アキタケン,ユリホンジョウシ,ゴモン,秋田県,由利本荘市,御門
0150887,アキタケン,ユリホンジョウシ,コンノヤチ,秋田県,由利本荘市,今野谷地
0150821,アキタケン,ユリホンジョウシ,サカナマチ,秋田県,由利本荘市,肴町
0180907,アキタケン,ユリホンジョウシ,サカベ,秋田県,由利本荘市,坂部
0150074,アキタケン,ユリホンジョウシ,サクラコウジ,秋田県,由利本荘市,桜小路
0150073,アキタケン,ユリホンジョウシ,ササミチ,秋田県,由利本荘市,笹道
0150889,アキタケン,ユリホンジョウシ,サトウバタケ,秋田県,由利本荘市,砂糖畑
0150067,アキタケン,ユリホンジョウシ,サンジョウ,秋田県,由利本荘市,三条
0150841,アキタケン,ユリホンジョウシ,シモオオノ,秋田県,由利本荘市,下大野
0150832,アキタケン,ユリホンジョウシ,シモカワハラナカジマ,秋田県,由利本荘市,下川原中島
0150322,アキタケン,ユリホンジョウシ,シンカミジョウ,秋田県,由利本荘市,新上条
0150303,アキタケン,ユリホンジョウシ,ジンガモリ,秋田県,由利本荘市,陳ケ森
0150888,アキタケン,ユリホンジョウシ,シンクミチョウ,秋田県,由利本荘市,新組町
0180842,アキタケン,ユリホンジョウシ,シンサワ,秋田県,由利本荘市,新沢
0180902,アキタケン,ユリホンジョウシ,シンデン,秋田県,由利本荘市,新田
0150033,アキタケン,ユリホンジョウシ,シンノサワ,秋田県,由利本荘市,神沢
0150869,アキタケン,ユリホンジョウシ,ジンバダイ,秋田県,由利本荘市,陳場岱
0150833,アキタケン,ユリホンジョウシ,スグミ,秋田県,由利本荘市,巣組
0150875,アキタケン,ユリホンジョウシ,スナゴシタ,秋田県,由利本荘市,砂子下
0150351,アキタケン,ユリホンジョウシ,セキグチ,秋田県,由利本荘市,堰口
0150840,アキタケン,ユリホンジョウシ,セゴシバ,秋田県,由利本荘市,瀬越場
0150867,アキタケン,ユリホンジョウシ,センガリ,秋田県,由利本荘市,千刈
0150081,アキタケン,ユリホンジョウシ,ソリマチ,秋田県,由利本荘市,雪車町
0150808,アキタケン,ユリホンジョウシ,ダイモン,秋田県,由利本荘市,大門
0180844,アキタケン,ユリホンジョウシ,タカオ,秋田県,由利本荘市,高尾
0180905,アキタケン,ユリホンジョウシ,タキ,秋田県,由利本荘市,滝
0150083,アキタケン,ユリホンジョウシ,タキノサワ,秋田県,由利本荘市,滝ノ沢
0150086,アキタケン,ユリホンジョウシ,タテ,秋田県,由利本荘市,舘
0150063,アキタケン,ユリホンジョウシ,タテマエ,秋田県,由利本荘市,舘前
0150804,アキタケン,ユリホンジョウシ,タニヤマコウジ,秋田県,由利本荘市,谷山小路
0150822,アキタケン,ユリホンジョウシ,タマチ,秋田県,由利本荘市,田町
0150044,アキタケン,ユリホンジョウシ,タマノイケ,秋田県,由利本荘市,玉ノ池
0150504,アキタケン,ユリホンジョウシ,チョウカイマチカミカワウチ,秋田県,由利本荘市,鳥海町上川内
0150721,アキタケン,ユリホンジョウシ,チョウカイマチカミジネゴ,秋田県,由利本荘市,鳥海町上笹子
0150515,アキタケン,ユリホンジョウシ,チョウカイマチカミヒタネ,秋田県,由利本荘市,鳥海町上直根
0150503,アキタケン,ユリホンジョウシ,チョウカイマチクリサワ,秋田県,由利本荘市,鳥海町栗沢
0150505,アキタケン,ユリホンジョウシ,チョウカイマチコガワ,秋田県,由利本荘市,鳥海町小川
0150511,アキタケン,ユリホンジョウシ,チョウカイマチサイノカミ,秋田県,由利本荘市,鳥海町戈之神
0150512,アキタケン,ユリホンジョウシ,チョウカイマチサルクラ,秋田県,由利本荘市,鳥海町猿倉
0150502,アキタケン,ユリホンジョウシ,チョウカイマチシモカワウチ,秋田県,由利本荘市,鳥海町下川内
0150722,アキタケン,ユリホンジョウシ,チョウカイマチシモジネゴ,秋田県,由利本荘市,鳥海町下笹子
0150513,アキタケン,ユリホンジョウシ,チョウカイマチシモヒタネ,秋田県,由利本荘市,鳥海町下直根
0150514,アキタケン,ユリホンジョウシ,チョウカイマチナカヒタネ,秋田県,由利本荘市,鳥海町中直根
0150501,アキタケン,ユリホンジョウシ,チョウカイマチフシミ,秋田県,由利本荘市,鳥海町伏見
0150516,アキタケン,ユリホンジョウシ,チョウカイマチモモヤケ,秋田県,由利本荘市,鳥海町百宅
0150886,アキタケン,ユリホンジョウシ,チョウレンバ,秋田県,由利本荘市,調練場
0150323,アキタケン,ユリホンジョウシ,ツチクラ,秋田県,由利本荘市,土倉
0150054,アキタケン,ユリホンジョウシ,ツチヤ（ヤチ）,秋田県,由利本荘市,土谷（谷地）
0150055,アキタケン,ユリホンジョウシ,ツチヤ（ソノタ）,秋田県,由利本荘市,土谷（その他）
0150866,アキタケン,ユリホンジョウシ,ツツミワキ,秋田県,由利本荘市,堤脇
0150873,アキタケン,ユリホンジョウシ,ツルヌマ,秋田県,由利本荘市,鶴沼
0150842,アキタケン,ユリホンジョウシ,デトウエノ,秋田県,由利本荘市,出戸上野
0150837,アキタケン,ユリホンジョウシ,デトマチ（アカヌマシタミチ）,秋田県,由利本荘市,出戸町（赤沼下道）
0150857,アキタケン,ユリホンジョウシ,テラウシロ,秋田県,由利本荘市,寺後
0180732,アキタケン,ユリホンジョウシ,トクサワ,秋田県,由利本荘市,徳沢
0150061,アキタケン,ユリホンジョウシ,トドロキ,秋田県,由利本荘市,二十六木
0150089,アキタケン,ユリホンジョウシ,トリタメ,秋田県,由利本荘市,鳥田目
0180853,アキタケン,ユリホンジョウシ,ナガサカ,秋田県,由利本荘市,長坂
0180901,アキタケン,ユリホンジョウシ,ナカタシロ,秋田県,由利本荘市,中田代
0180722,アキタケン,ユリホンジョウシ,ナカダテ,秋田県,由利本荘市,中館
0150803,アキタケン,ユリホンジョウシ,ナカダテマチ,秋田県,由利本荘市,中竪町
0180843,アキタケン,ユリホンジョウシ,ナカチョウ,秋田県,由利本荘市,中帳
0180845,アキタケン,ユリホンジョウシ,ナカノマタ,秋田県,由利本荘市,中俣
0150851,アキタケン,ユリホンジョウシ,ナカボンテン,秋田県,由利本荘市,中梵天
0150817,アキタケン,ユリホンジョウシ,ナカマチ,秋田県,由利本荘市,中町
0150807,アキタケン,ユリホンジョウシ,ナカヨコマチ,秋田県,由利本荘市,中横町
0150865,アキタケン,ユリホンジョウシ,ニシオオクワマチ,秋田県,由利本荘市,西大鍬町
0150882,アキタケン,ユリホンジョウシ,ニシコビトマチ,秋田県,由利本荘市,西小人町
0150352,アキタケン,ユリホンジョウシ,ニシサワ,秋田県,由利本荘市,西沢
0150858,アキタケン,ユリホンジョウシ,ニシボンテン,秋田県,由利本荘市,西梵天
0180601,アキタケン,ユリホンジョウシ,ニシメマチアマハギ,秋田県,由利本荘市,西目町海士剥
0180602,アキタケン,ユリホンジョウシ,ニシメマチデト,秋田県,由利本荘市,西目町出戸
0180603,アキタケン,ユリホンジョウシ,ニシメマチニシメ,秋田県,由利本荘市,西目町西目
0180604,アキタケン,ユリホンジョウシ,ニシメマチヌマタ,秋田県,由利本荘市,西目町沼田
0150855,アキタケン,ユリホンジョウシ,ニバンゼキ,秋田県,由利本荘市,二番堰
0150877,アキタケン,ユリホンジョウシ,ヌレハマキタ,秋田県,由利本荘市,濡浜北
0180854,アキタケン,ユリホンジョウシ,ノゾキ,秋田県,由利本荘市,及位
0150052,アキタケン,ユリホンジョウシ,ハタヤ,秋田県,由利本荘市,畑谷
0150835,アキタケン,ユリホンジョウシ,ハチマンシタ,秋田県,由利本荘市,八幡下
0150075,アキタケン,ユリホンジョウシ,ハナバタマチ,秋田県,由利本荘市,花畑町
0180906,アキタケン,ユリホンジョウシ,ハビロ,秋田県,由利本荘市,羽広
0150031,アキタケン,ユリホンジョウシ,ハマサンカワ,秋田県,由利本荘市,浜三川
0150827,アキタケン,ユリホンジョウシ,ハマノマチ,秋田県,由利本荘市,浜ノ町
0150362,アキタケン,ユリホンジョウシ,ヒガシアユカワ,秋田県,由利本荘市,東鮎川
0150314,アキタケン,ユリホンジョウシ,ヒガシナカザワ,秋田県,由利本荘市,東中沢
0150843,アキタケン,ユリホンジョウシ,ヒガシボンテン,秋田県,由利本荘市,東梵天
0150076,アキタケン,ユリホンジョウシ,ヒガシマチ,秋田県,由利本荘市,東町
0150211,アキタケン,ユリホンジョウシ,ヒガシユリオイカタ,秋田県,由利本荘市,東由利老方
0150202,アキタケン,ユリホンジョウシ,ヒガシユリクラ,秋田県,由利本荘市,東由利蔵
0150231,アキタケン,ユリホンジョウシ,ヒガシユリクロブチ,秋田県,由利本荘市,東由利黒渕
0150241,アキタケン,ユリホンジョウシ,ヒガシユリシュク,秋田県,由利本荘市,東由利宿
0150242,アキタケン,ユリホンジョウシ,ヒガシユリスギモリ,秋田県,由利本荘市,東由利杉森
0150232,アキタケン,ユリホンジョウシ,ヒガシユリタシロ,秋田県,由利本荘市,東由利田代
0150221,アキタケン,ユリホンジョウシ,ヒガシユリタテアイ,秋田県,由利本荘市,東由利舘合
0150201,アキタケン,ユリホンジョウシ,ヒガシユリホウナイ,秋田県,由利本荘市,東由利法内
0150813,アキタケン,ユリホンジョウシ,ヒキジマチ,秋田県,由利本荘市,日役町
0150353,アキタケン,ユリホンジョウシ,ヒライシ,秋田県,由利本荘市,平石
0180851,アキタケン,ユリホンジョウシ,ヒラグキ,秋田県,由利本荘市,平岫
0180724,アキタケン,ユリホンジョウシ,フカサワ,秋田県,由利本荘市,深沢
0150053,アキタケン,ユリホンジョウシ,フクヤマ,秋田県,由利本荘市,福山
0150047,アキタケン,ユリホンジョウシ,フジサキ,秋田県,由利本荘市,藤崎
0150046,アキタケン,ユリホンジョウシ,フナオカ,秋田県,由利本荘市,船岡
0150890,アキタケン,ユリホンジョウシ,フナガダイ,秋田県,由利本荘市,船ケ台
0150863,アキタケン,ユリホンジョウシ,フモドリサワ,秋田県,由利本荘市,不戻沢
0150839,アキタケン,ユリホンジョウシ,フルカワバタ,秋田県,由利本荘市,古川端
0150824,アキタケン,ユリホンジョウシ,フルユキマチ,秋田県,由利本荘市,古雪町
0150809,アキタケン,ユリホンジョウシ,ホンジョウ,秋田県,由利本荘市,本荘
0150077,アキタケン,ユリホンジョウシ,ホンタナカマチ,秋田県,由利本荘市,本田仲町
0150838,アキタケン,ユリホンジョウシ,ボンテンヤチ,秋田県,由利本荘市,梵天谷地
0150341,アキタケン,ユリホンジョウシ,マエゴウ,秋田県,由利本荘市,前郷
0150304,アキタケン,ユリホンジョウシ,マガリサワ,秋田県,由利本荘市,曲沢
0150363,アキタケン,ユリホンジョウシ,マチムラ,秋田県,由利本荘市,町村
0150853,アキタケン,ユリホンジョウシ,マツカイドウ,秋田県,由利本荘市,松街道
0150032,アキタケン,ユリホンジョウシ,マツガサキ,秋田県,由利本荘市,松ケ崎
0180855,アキタケン,ユリホンジョウシ,マツモト,秋田県,由利本荘市,松本
0150064,アキタケン,ユリホンジョウシ,マンガンジ,秋田県,由利本荘市,万願寺
0150801,アキタケン,ユリホンジョウシ,ミクラマチ,秋田県,由利本荘市,美倉町
0150885,アキタケン,ユリホンジョウシ,ミズバヤシ,秋田県,由利本荘市,水林
0150068,アキタケン,ユリホンジョウシ,ミナミノマタ,秋田県,由利本荘市,南ノ股
0150364,アキタケン,ユリホンジョウシ,ミナミフクダ,秋田県,由利本荘市,南福田
0150043,アキタケン,ユリホンジョウシ,ミヤウチ,秋田県,由利本荘市,宮内
0150082,アキタケン,ユリホンジョウシ,ミヤザワ,秋田県,由利本荘市,宮沢
0150332,アキタケン,ユリホンジョウシ,モリコ,秋田県,由利本荘市,森子
0150088,アキタケン,ユリホンジョウシ,ヤギュウ,秋田県,由利本荘市,柳生
0150041,アキタケン,ユリホンジョウシ,ヤクシドウ,秋田県,由利本荘市,薬師堂
0150418,アキタケン,ユリホンジョウシ,ヤシママチアラサワ,秋田県,由利本荘市,矢島町荒沢
0150412,アキタケン,ユリホンジョウシ,ヤシママチカワベ,秋田県,由利本荘市,矢島町川辺
0150413,アキタケン,ユリホンジョウシ,ヤシママチキサラ,秋田県,由利本荘市,矢島町木在
0150416,アキタケン,ユリホンジョウシ,ヤシママチサカノシタ,秋田県,由利本荘市,矢島町坂之下
0150411,アキタケン,ユリホンジョウシ,ヤシママチジョウナイ,秋田県,由利本荘市,矢島町城内
0150415,アキタケン,ユリホンジョウシ,ヤシママチシンジョウ,秋田県,由利本荘市,矢島町新荘
0150414,アキタケン,ユリホンジョウシ,ヤシママチタテイシ,秋田県,由利本荘市,矢島町立石
0150403,アキタケン,ユリホンジョウシ,ヤシママチタテマチ,秋田県,由利本荘市,矢島町舘町
0150401,アキタケン,ユリホンジョウシ,ヤシママチタナカマチ,秋田県,由利本荘市,矢島町田中町
0150404,アキタケン,ユリホンジョウシ,ヤシママチナノカマチ,秋田県,由利本荘市,矢島町七日町
0150417,アキタケン,ユリホンジョウシ,ヤシママチモトマチ,秋田県,由利本荘市,矢島町元町
0150402,アキタケン,ユリホンジョウシ,ヤシママチヤシママチ,秋田県,由利本荘市,矢島町矢島町
0150078,アキタケン,ユリホンジョウシ,ヤチマチ,秋田県,由利本荘市,谷地町
0150243,アキタケン,ユリホンジョウシ,ヤマウチ（ミツカタモリ）,秋田県,由利本荘市,山内（三ツ方森）
0150092,アキタケン,ユリホンジョウシ,ヤマウチ（ソノタ）,秋田県,由利本荘市,山内（その他）
0150025,アキタケン,ユリホンジョウシ,ヤマダ,秋田県,由利本荘市,山田
0150333,アキタケン,ユリホンジョウシ,ヤマモト,秋田県,由利本荘市,山本
0150087,アキタケン,ユリホンジョウシ,ユザワ,秋田県,由利本荘市,湯沢
0150324,アキタケン,ユリホンジョウシ,ヨシザワ,秋田県,由利本荘市,吉沢
0180725,アキタケン,ユリホンジョウシ,ヨネザカ,秋田県,由利本荘市,米坂
0150815,アキタケン,ユリホンジョウシ,リョウシマチ,秋田県,由利本荘市,猟師町
0181400,アキタケン,カタガミシ,イカニケイサイガナイバアイ,秋田県,潟上市,以下に掲載がない場合
0181504,アキタケン,カタガミシ,イイタガワイイヅカ,秋田県,潟上市,飯田川飯塚
0181501,アキタケン,カタガミシ,イイタガワカネヤマ,秋田県,潟上市,飯田川金山
0181502,アキタケン,カタガミシ,イイタガワシモアブカワ,秋田県,潟上市,飯田川下虻川
0181503,アキタケン,カタガミシ,イイタガワワダイモカワ,秋田県,潟上市,飯田川和田妹川
0181401,アキタケン,カタガミシ,ショウワオオクボ,秋田県,潟上市,昭和大久保
0181412,アキタケン,カタガミシ,ショウワトヨカワオカイド,秋田県,潟上市,昭和豊川岡井戸
0181411,アキタケン,カタガミシ,ショウワトヨカワカミアブカワ,秋田県,潟上市,昭和豊川上虻川
0181414,アキタケン,カタガミシ,ショウワトヨカワツキノキ,秋田県,潟上市,昭和豊川槻木
0181413,アキタケン,カタガミシ,ショウワトヨカワフナバシ,秋田県,潟上市,昭和豊川船橋
0181416,アキタケン,カタガミシ,ショウワトヨカワヤマダ,秋田県,潟上市,昭和豊川山田
0181415,アキタケン,カタガミシ,ショウワトヨカワリュウゲ,秋田県,潟上市,昭和豊川竜毛
0181403,アキタケン,カタガミシ,ショウワハッチョウメ,秋田県,潟上市,昭和八丁目
0181402,アキタケン,カタガミシ,ショウワミダレバシ,秋田県,潟上市,昭和乱橋
0100202,アキタケン,カタガミシ,テンノウオオサキ,秋田県,潟上市,天王大崎
0100101,アキタケン,カタガミシ,テンノウ（オイワケ、オイワケニシ、カミキタノ、ナガヌマ）,秋田県,潟上市,天王（追分、追分西、上北野、長沼）
0100201,アキタケン,カタガミシ,テンノウ（ソノタ）,秋田県,潟上市,天王（その他）
0140000,アキタケン,ダイセンシ,イカニケイサイガナイバアイ,秋田県,大仙市,以下に掲載がない場合
0140013,アキタケン,ダイセンシ,アサヒマチ,秋田県,大仙市,朝日町
0140067,アキタケン,ダイセンシ,イイダ,秋田県,大仙市,飯田
0140004,アキタケン,ダイセンシ,イズミチョウ,秋田県,大仙市,泉町
0140112,アキタケン,ダイセンシ,イタミナイ,秋田県,大仙市,板見内
0140073,アキタケン,ダイセンシ,ウチオトモ,秋田県,大仙市,内小友
0192201,アキタケン,ダイセンシ,エンギョウジ,秋田県,大仙市,円行寺
0140714,アキタケン,ダイセンシ,オオカンナリ,秋田県,大仙市,大神成
0192202,アキタケン,ダイセンシ,オオサワゴウシュク,秋田県,大仙市,大沢郷宿
0192103,アキタケン,ダイセンシ,オオサワゴウテラ,秋田県,大仙市,大沢郷寺
0191616,アキタケン,ダイセンシ,オオタチョウエイダイ,秋田県,大仙市,太田町永代
0191613,アキタケン,ダイセンシ,オオタチョウオオタ,秋田県,大仙市,太田町太田
0191615,アキタケン,ダイセンシ,オオタチョウカワグチ,秋田県,大仙市,太田町川口
0191605,アキタケン,ダイセンシ,オオタチョウクニミ,秋田県,大仙市,太田町国見
0191612,アキタケン,ダイセンシ,オオタチョウコガナリ,秋田県,大仙市,太田町小神成
0191604,アキタケン,ダイセンシ,オオタチョウコマバ,秋田県,大仙市,太田町駒場
0191611,アキタケン,ダイセンシ,オオタチョウサイナイ,秋田県,大仙市,太田町斉内
0191602,アキタケン,ダイセンシ,オオタチョウサンボンオウギ,秋田県,大仙市,太田町三本扇
0191603,アキタケン,ダイセンシ,オオタチョウナカサト,秋田県,大仙市,太田町中里
0191614,アキタケン,ダイセンシ,オオタチョウヒガシイマイズミ,秋田県,大仙市,太田町東今泉
0191601,アキタケン,ダイセンシ,オオタチョウヨコサワ,秋田県,大仙市,太田町横沢
0140022,アキタケン,ダイセンシ,オオハナチョウ,秋田県,大仙市,大花町
0140031,アキタケン,ダイセンシ,オオマガリ,秋田県,大仙市,大曲
0140055,アキタケン,ダイセンシ,オオマガリアケボノチョウ,秋田県,大仙市,大曲あけぼの町
0140068,アキタケン,ダイセンシ,オオマガリイイダチョウ,秋田県,大仙市,大曲飯田町
0140025,アキタケン,ダイセンシ,オオマガリオオマチ,秋田県,大仙市,大曲大町
0140054,アキタケン,ダイセンシ,オオマガリカナヤチョウ,秋田県,大仙市,大曲金谷町
0140048,アキタケン,ダイセンシ,オオマガリカミオオマチ,秋田県,大仙市,大曲上大町
0140062,アキタケン,ダイセンシ,オオマガリカミサカエチョウ,秋田県,大仙市,大曲上栄町
0140052,アキタケン,ダイセンシ,オオマガリカワラチョウ,秋田県,大仙市,大曲川原町
0140023,アキタケン,ダイセンシ,オオマガリクロセチョウ,秋田県,大仙市,大曲黒瀬町
0140061,アキタケン,ダイセンシ,オオマガリサカエチョウ,秋田県,大仙市,大曲栄町
0140015,アキタケン,ダイセンシ,オオマガリシロガネチョウ,秋田県,大仙市,大曲白金町
0140034,アキタケン,ダイセンシ,オオマガリスミヨシチョウ,秋田県,大仙市,大曲住吉町
0140047,アキタケン,ダイセンシ,オオマガリスワチョウ,秋田県,大仙市,大曲須和町
0140046,アキタケン,ダイセンシ,オオマガリタマチ,秋田県,大仙市,大曲田町
0140027,アキタケン,ダイセンシ,オオマガリトオリマチ,秋田県,大仙市,大曲通町
0140043,アキタケン,ダイセンシ,オオマガリトマキチョウ,秋田県,大仙市,大曲戸巻町
0140024,アキタケン,ダイセンシ,オオマガリナカドオリマチ,秋田県,大仙市,大曲中通町
0140053,アキタケン,ダイセンシ,オオマガリハナゾノチョウ,秋田県,大仙市,大曲花園町
0140051,アキタケン,ダイセンシ,オオマガリハマチョウ,秋田県,大仙市,大曲浜町
0140063,アキタケン,ダイセンシ,オオマガリヒノデチョウ,秋田県,大仙市,大曲日の出町
0140014,アキタケン,ダイセンシ,オオマガリフクズミチョウ,秋田県,大仙市,大曲福住町
0140042,アキタケン,ダイセンシ,オオマガリフクミチョウ,秋田県,大仙市,大曲福見町
0140057,アキタケン,ダイセンシ,オオマガリフナバチョウ,秋田県,大仙市,大曲船場町
0140041,アキタケン,ダイセンシ,オオマガリマルコチョウ,秋田県,大仙市,大曲丸子町
0140026,アキタケン,ダイセンシ,オオマガリマルノウチマチ,秋田県,大仙市,大曲丸の内町
0140056,アキタケン,ダイセンシ,オオマガリミドリチョウ,秋田県,大仙市,大曲緑町
0140045,アキタケン,ダイセンシ,オオマガリワカバチョウ,秋田県,大仙市,大曲若葉町
0140072,アキタケン,ダイセンシ,オオマガリニシネ,秋田県,大仙市,大曲西根
0192331,アキタケン,ダイセンシ,オオマキ,秋田県,大仙市,大巻
0140064,アキタケン,ダイセンシ,オヌキタカバタケ,秋田県,大仙市,小貫高畑
0141413,アキタケン,ダイセンシ,カクマガワマチ,秋田県,大仙市,角間川町
0192333,アキタケン,ダイセンシ,カネヤマサワ,秋田県,大仙市,金山沢
0140202,アキタケン,ダイセンシ,カミウグイスノ,秋田県,大仙市,上鶯野
0192112,アキタケン,ダイセンシ,カリワノ,秋田県,大仙市,刈和野
0140066,アキタケン,ダイセンシ,カワノメ,秋田県,大仙市,川目
0140203,アキタケン,ダイセンシ,キタナガノ,秋田県,大仙市,北長野
0191702,アキタケン,ダイセンシ,キタナラオカ,秋田県,大仙市,北楢岡
0192121,アキタケン,ダイセンシ,キタノメ,秋田県,大仙市,北野目
0192334,アキタケン,ダイセンシ,キハラダ,秋田県,大仙市,木原田
0192412,アキタケン,ダイセンシ,キョウワアラカワ,秋田県,大仙市,協和荒川
0192521,アキタケン,ダイセンシ,キョウワイナザワ,秋田県,大仙市,協和稲沢
0192413,アキタケン,ダイセンシ,キョウワカミヨドカワ,秋田県,大仙市,協和上淀川
0192441,アキタケン,ダイセンシ,キョウワコタネ,秋田県,大仙市,協和小種
0192411,アキタケン,ダイセンシ,キョウワサカイ,秋田県,大仙市,協和境
0192442,アキタケン,ダイセンシ,キョウワシモヨドカワ,秋田県,大仙市,協和下淀川
0192443,アキタケン,ダイセンシ,キョウワナカヨドカワ,秋田県,大仙市,協和中淀川
0192401,アキタケン,ダイセンシ,キョウワフナオカ,秋田県,大仙市,協和船岡
0192402,アキタケン,ダイセンシ,キョウワフネサワ,秋田県,大仙市,協和船沢
0192431,アキタケン,ダイセンシ,キョウワミネヨシカワ,秋田県,大仙市,協和峰吉川
0192332,アキタケン,ダイセンシ,クショウダ,秋田県,大仙市,九升田
0140713,アキタケン,ダイセンシ,クリサワ,秋田県,大仙市,栗沢
0140803,アキタケン,ダイセンシ,コウズケタ,秋田県,大仙市,上野田
0192335,アキタケン,ダイセンシ,コワクビ,秋田県,大仙市,強首
0140012,アキタケン,ダイセンシ,サイワイチョウ,秋田県,大仙市,幸町
0140017,アキタケン,ダイセンシ,サノチョウ,秋田県,大仙市,佐野町
0140204,アキタケン,ダイセンシ,シミズ,秋田県,大仙市,清水
0140201,アキタケン,ダイセンシ,シモウグイスノ,秋田県,大仙市,下鶯野
0140065,アキタケン,ダイセンシ,シモフカイ,秋田県,大仙市,下深井
0192204,アキタケン,ダイセンシ,ショウテザワ,秋田県,大仙市,正手沢
0191701,アキタケン,ダイセンシ,ジングウジ,秋田県,大仙市,神宮寺
0192205,アキタケン,ダイセンシ,スギヤマダ,秋田県,大仙市,杉山田
0192122,アキタケン,ダイセンシ,タカジョウ,秋田県,大仙市,高城
0140103,アキタケン,ダイセンシ,タカゼキカミゴウ,秋田県,大仙市,高関上郷
0140805,アキタケン,ダイセンシ,タカナシ,秋田県,大仙市,高梨
0192111,アキタケン,ダイセンシ,ツチカワ,秋田県,大仙市,土川
0192123,アキタケン,ダイセンシ,テラダテ,秋田県,大仙市,寺館
0140801,アキタケン,ダイセンシ,トチヤ,秋田県,大仙市,戸地谷
0140044,アキタケン,ダイセンシ,トマキ,秋田県,大仙市,戸蒔
0140712,アキタケン,ダイセンシ,トヨオカ,秋田県,大仙市,豊岡
0140711,アキタケン,ダイセンシ,トヨカワ,秋田県,大仙市,豊川
0140206,アキタケン,ダイセンシ,ナガトロ,秋田県,大仙市,長戸呂
0140207,アキタケン,ダイセンシ,ナガノ,秋田県,大仙市,長野
0191949,アキタケン,ダイセンシ,ナンガイアカハタ,秋田県,大仙市,南外赤畑
0191865,アキタケン,ダイセンシ,ナンガイアカヒラウシロノ,秋田県,大仙市,南外赤平後野
0191863,アキタケン,ダイセンシ,ナンガイアカヒラカイヌマ,秋田県,大仙市,南外赤平貝沼
0191864,アキタケン,ダイセンシ,ナンガイアカヒラダイドウヒガシ,秋田県,大仙市,南外赤平大道東
0191866,アキタケン,ダイセンシ,ナンガイアカヒラダイノ,秋田県,大仙市,南外赤平台野
0191868,アキタケン,ダイセンシ,ナンガイアカヒラヘイケ,秋田県,大仙市,南外赤平平家
0191858,アキタケン,ダイセンシ,ナンガイアカヒラロクロウサワ,秋田県,大仙市,南外赤平六郎沢
0191901,アキタケン,ダイセンシ,ナンガイアクトノ,秋田県,大仙市,南外悪戸野
0191835,アキタケン,ダイセンシ,ナンガイアゲツチ,秋田県,大仙市,南外揚土
0191834,アキタケン,ダイセンシ,ナンガイアゲツチヤマ,秋田県,大仙市,南外揚土山
0191876,アキタケン,ダイセンシ,ナンガイアラヤシキ,秋田県,大仙市,南外新屋布
0191916,アキタケン,ダイセンシ,ナンガイイシボトケ,秋田県,大仙市,南外石仏
0191942,アキタケン,ダイセンシ,ナンガイイワクラ,秋田県,大仙市,南外岩倉
0191945,アキタケン,ダイセンシ,ナンガイイワセ,秋田県,大仙市,南外岩瀬
0191908,アキタケン,ダイセンシ,ナンガイウエノ,秋田県,大仙市,南外上野
0191932,アキタケン,ダイセンシ,ナンガイオオクロモリ,秋田県,大仙市,南外大黒森
0191842,アキタケン,ダイセンシ,ナンガイオオスギ,秋田県,大仙市,南外大杉
0191843,アキタケン,ダイセンシ,ナンガイオオスギフタマタスギ,秋田県,大仙市,南外大杉二タ又杉
0191841,アキタケン,ダイセンシ,ナンガイオオスギヤマギシ,秋田県,大仙市,南外大杉山岸
0191852,アキタケン,ダイセンシ,ナンガイオオタ,秋田県,大仙市,南外太田
0191855,アキタケン,ダイセンシ,ナンガイオオバタ,秋田県,大仙市,南外大畑
0191857,アキタケン,ダイセンシ,ナンガイオオバタクグリサワ,秋田県,大仙市,南外大畑潜沢
0191856,アキタケン,ダイセンシ,ナンガイオオバタミヤマ,秋田県,大仙市,南外大畑深山
0191935,アキタケン,ダイセンシ,ナンガイオオヒラ,秋田県,大仙市,南外大平
0191905,アキタケン,ダイセンシ,ナンガイオオムカイ,秋田県,大仙市,南外大向
0191961,アキタケン,ダイセンシ,ナンガイオオヤナギ,秋田県,大仙市,南外大柳
0191882,アキタケン,ダイセンシ,ナンガイオオワノ,秋田県,大仙市,南外大和野
0191812,アキタケン,ダイセンシ,ナンガイオキダ,秋田県,大仙市,南外沖田
0191875,アキタケン,ダイセンシ,ナンガイオチアイ,秋田県,大仙市,南外落合
0191906,アキタケン,ダイセンシ,ナンガイカナヤ,秋田県,大仙市,南外金屋
0191956,アキタケン,ダイセンシ,ナンガイカミアラマタ,秋田県,大仙市,南外上荒又
0191948,アキタケン,ダイセンシ,ナンガイカミカマサカ,秋田県,大仙市,南外上釜坂
0191907,アキタケン,ダイセンシ,ナンガイカミカマタ,秋田県,大仙市,南外上鎌田
0191816,アキタケン,ダイセンシ,ナンガイカミキジキ,秋田県,大仙市,南外上木直
0191926,アキタケン,ダイセンシ,ナンガイカミクワダイ,秋田県,大仙市,南外上桑台
0191925,アキタケン,ダイセンシ,ナンガイカミスノサワ,秋田県,大仙市,南外上巣ノ沢
0191872,アキタケン,ダイセンシ,ナンガイカミナカシュク,秋田県,大仙市,南外上中宿
0191922,アキタケン,ダイセンシ,ナンガイカミナカノ,秋田県,大仙市,南外上中野
0191808,アキタケン,ダイセンシ,ナンガイカワグチ,秋田県,大仙市,南外川口
0191807,アキタケン,ダイセンシ,ナンガイカワグチホンチョウ,秋田県,大仙市,南外川口本町
0191817,アキタケン,ダイセンシ,ナンガイキジキザワ,秋田県,大仙市,南外木直沢
0191834,アキタケン,ダイセンシ,ナンガイキタダクロセ,秋田県,大仙市,南外北田黒瀬
0191832,アキタケン,ダイセンシ,ナンガイキタダヤマダガサワ,秋田県,大仙市,南外北田山田ケ沢
0191951,アキタケン,ダイセンシ,ナンガイクロタキ,秋田県,大仙市,南外黒滝
0191937,アキタケン,ダイセンシ,ナンガイコアラサワ,秋田県,大仙市,南外小荒沢
0191847,アキタケン,ダイセンシ,ナンガイコイデ,秋田県,大仙市,南外小出
0191802,アキタケン,ダイセンシ,ナンガイコハルキザワ,秋田県,大仙市,南外小春木沢
0191813,アキタケン,ダイセンシ,ナンガイサルガセデノ,秋田県,大仙市,南外猿ケ瀬出野
0191851,アキタケン,ダイセンシ,ナンガイサンオウダイ,秋田県,大仙市,南外山王台
0191957,アキタケン,ダイセンシ,ナンガイザンザラ,秋田県,大仙市,南外小浪滝
0191938,アキタケン,ダイセンシ,ナンガイシモアラサワ,秋田県,大仙市,南外下荒沢
0191952,アキタケン,ダイセンシ,ナンガイシモアラマタ,秋田県,大仙市,南外下荒又
0191947,アキタケン,ダイセンシ,ナンガイシモカマサカ,秋田県,大仙市,南外下釜坂
0191903,アキタケン,ダイセンシ,ナンガイシモカマタ,秋田県,大仙市,南外下鎌田
0191814,アキタケン,ダイセンシ,ナンガイシモキジキ,秋田県,大仙市,南外下木直
0191931,アキタケン,ダイセンシ,ナンガイシモタキ,秋田県,大仙市,南外下滝
0191902,アキタケン,ダイセンシ,ナンガイシモブクロ,秋田県,大仙市,南外下袋
0191915,アキタケン,ダイセンシ,ナンガイシモユノマタ,秋田県,大仙市,南外下湯ノ又
0191946,アキタケン,ダイセンシ,ナンガイジュウニノマエ,秋田県,大仙市,南外十二ノ前
0191806,アキタケン,ダイセンシ,ナンガイジュウニフクロ,秋田県,大仙市,南外十二袋
0191848,アキタケン,ダイセンシ,ナンガイシリガイダ,秋田県,大仙市,南外鞦田
0191909,アキタケン,ダイセンシ,ナンガイスギハシ,秋田県,大仙市,南外杉橋
0191923,アキタケン,ダイセンシ,ナンガイスノサワ,秋田県,大仙市,南外巣ノ沢
0191924,アキタケン,ダイセンシ,ナンガイスノサワイシキリバ,秋田県,大仙市,南外巣ノ沢石切場
0191953,アキタケン,ダイセンシ,ナンガイソトオトモ,秋田県,大仙市,南外外小友
0191955,アキタケン,ダイセンシ,ナンガイソトヤマ,秋田県,大仙市,南外外山
0191928,アキタケン,ダイセンシ,ナンガイタキナカタオモテ,秋田県,大仙市,南外滝中田表
0191933,アキタケン,ダイセンシ,ナンガイタキノサワ,秋田県,大仙市,南外滝ノ沢
0191934,アキタケン,ダイセンシ,ナンガイタジリ,秋田県,大仙市,南外田尻
0191873,アキタケン,ダイセンシ,ナンガイタナカ,秋田県,大仙市,南外田中
0191826,アキタケン,ダイセンシ,ナンガイタナカタ,秋田県,大仙市,南外田中田
0191827,アキタケン,ダイセンシ,ナンガイタナカタヤマネ,秋田県,大仙市,南外田中田山根
0191822,アキタケン,ダイセンシ,ナンガイタヤムラ,秋田県,大仙市,南外田屋村
0191831,アキタケン,ダイセンシ,ナンガイダンノヒラヤマ,秋田県,大仙市,南外壇ノ平山
0191861,アキタケン,ダイセンシ,ナンガイテラサワ,秋田県,大仙市,南外寺沢
0191888,アキタケン,ダイセンシ,ナンガイドバ,秋田県,大仙市,南外土場
0191936,アキタケン,ダイセンシ,ナンガイナカアラサワ,秋田県,大仙市,南外中荒沢
0191954,アキタケン,ダイセンシ,ナンガイナカアラマタ,秋田県,大仙市,南外中荒又
0191927,アキタケン,ダイセンシ,ナンガイナカクワダイ,秋田県,大仙市,南外中桑台
0191874,アキタケン,ダイセンシ,ナンガイナカシュク,秋田県,大仙市,南外中宿
0191921,アキタケン,ダイセンシ,ナンガイナカノ,秋田県,大仙市,南外中野
0191929,アキタケン,ダイセンシ,ナンガイナカノヤマ,秋田県,大仙市,南外中野山
0191904,アキタケン,ダイセンシ,ナンガイナカブクロ,秋田県,大仙市,南外中袋
0191887,アキタケン,ダイセンシ,ナンガイナカワタリ,秋田県,大仙市,南外中渡
0191846,アキタケン,ダイセンシ,ナンガイナシキダ,秋田県,大仙市,南外梨木田
0191805,アキタケン,ダイセンシ,ナンガイニシイタド,秋田県,大仙市,南外西板戸
0191804,アキタケン,ダイセンシ,ナンガイニシノ,秋田県,大仙市,南外西野
0191886,アキタケン,ダイセンシ,ナンガイニシノマタ,秋田県,大仙市,南外西ノ又
0191963,アキタケン,ダイセンシ,ナンガイニシノマタタキノサワ,秋田県,大仙市,南外西ノ又滝ノ沢
0191878,アキタケン,ダイセンシ,ナンガイノゾキ,秋田県,大仙市,南外及位
0191884,アキタケン,ダイセンシ,ナンガイハヤシノサワ,秋田県,大仙市,南外林ノ沢
0191943,アキタケン,ダイセンシ,ナンガイヒトハネ,秋田県,大仙市,南外一ト刎
0191815,アキタケン,ダイセンシ,ナンガイヒラカタ,秋田県,大仙市,南外平形
0191883,アキタケン,ダイセンシ,ナンガイヒラサワ,秋田県,大仙市,南外平沢
0191918,アキタケン,ダイセンシ,ナンガイヒロオモテ,秋田県,大仙市,南外広表
0191801,アキタケン,ダイセンシ,ナンガイブツドダイ,秋田県,大仙市,南外物渡台
0191825,アキタケン,ダイセンシ,ナンガイボウダ,秋田県,大仙市,南外坊田
0191803,アキタケン,ダイセンシ,ナンガイボウダイシハゲノシタ,秋田県,大仙市,南外坊田石兀ノ下
0191853,アキタケン,ダイセンシ,ナンガイボウダクロサワ,秋田県,大仙市,南外坊田黒沢
0191911,アキタケン,ダイセンシ,ナンガイボウムラ,秋田県,大仙市,南外坊村
0191941,アキタケン,ダイセンシ,ナンガイマツキダ,秋田県,大仙市,南外松木田
0191912,アキタケン,ダイセンシ,ナンガイマルキバシ,秋田県,大仙市,南外丸木橋
0191939,アキタケン,ダイセンシ,ナンガイミズカミザワ,秋田県,大仙市,南外水上沢
0191877,アキタケン,ダイセンシ,ナンガイミズサワ,秋田県,大仙市,南外水沢
0191824,アキタケン,ダイセンシ,ナンガイミヤタ,秋田県,大仙市,南外宮田
0191958,アキタケン,ダイセンシ,ナンガイムカイノサワ,秋田県,大仙市,南外向ノ沢
0191881,アキタケン,ダイセンシ,ナンガイムグラサワ,秋田県,大仙市,南外葎沢
0191885,アキタケン,ダイセンシ,ナンガイムジリバシ,秋田県,大仙市,南外無尻橋
0191811,アキタケン,ダイセンシ,ナンガイモトシュク,秋田県,大仙市,南外本宿
0191917,アキタケン,ダイセンシ,ナンガイヤクシドウ,秋田県,大仙市,南外薬師堂
0191871,アキタケン,ダイセンシ,ナンガイヤチダ,秋田県,大仙市,南外谷地田
0191913,アキタケン,ダイセンシ,ナンガイユガミダイ,秋田県,大仙市,南外湯神台
0191914,アキタケン,ダイセンシ,ナンガイユノマタ,秋田県,大仙市,南外湯ノ又
0191944,アキタケン,ダイセンシ,ナンガイユモト,秋田県,大仙市,南外湯元
0191962,アキタケン,ダイセンシ,ナンガイワカバヤシ,秋田県,大仙市,南外若林
0191862,アキタケン,ダイセンシ,ナンガイワゴウ,秋田県,大仙市,南外和合
0140104,アキタケン,ダイセンシ,ニイヤジ,秋田県,大仙市,新谷地
0140804,アキタケン,ダイセンシ,ハシモト,秋田県,大仙市,橋本
0140001,アキタケン,ダイセンシ,ハナダテ,秋田県,大仙市,花館
0140002,アキタケン,ダイセンシ,ハナダテカミチョウ,秋田県,大仙市,花館上町
0140006,アキタケン,ダイセンシ,ハナダテナカマチ,秋田県,大仙市,花館中町
0140005,アキタケン,ダイセンシ,ハナダテヤナギマチ,秋田県,大仙市,花館柳町
0140032,アキタケン,ダイセンシ,ヒガシカワ,秋田県,大仙市,東川
0140071,アキタケン,ダイセンシ,ヒルガワ,秋田県,大仙市,蛭川
0140114,アキタケン,ダイセンシ,フクダ,秋田県,大仙市,福田
0140021,アキタケン,ダイセンシ,フクダチョウ,秋田県,大仙市,福田町
0141412,アキタケン,ダイセンシ,フジキ,秋田県,大仙市,藤木
0140011,アキタケン,ダイセンシ,フジミチョウ,秋田県,大仙市,富士見町
0140802,アキタケン,ダイセンシ,ホッタ,秋田県,大仙市,払田
0140113,アキタケン,ダイセンシ,ホリミナイ,秋田県,大仙市,堀見内
0140101,アキタケン,ダイセンシ,マツクラ,秋田県,大仙市,松倉
0140003,アキタケン,ダイセンシ,ミハラチョウ,秋田県,大仙市,美原町
0140205,アキタケン,ダイセンシ,ヤリミナイ,秋田県,大仙市,鑓見内
0140111,アキタケン,ダイセンシ,ヨコボリ,秋田県,大仙市,横堀
0140102,アキタケン,ダイセンシ,ヨツヤ,秋田県,大仙市,四ツ屋
0141411,アキタケン,ダイセンシ,ロクゴウニシネ,秋田県,大仙市,六郷西根
0140016,アキタケン,ダイセンシ,ワカタケチョウ,秋田県,大仙市,若竹町
0140033,アキタケン,ダイセンシ,ワゴウ,秋田県,大仙市,和合
0183300,アキタケン,キタアキタシ,イカニケイサイガナイバアイ,秋田県,北秋田市,以下に掲載がない場合
0183313,アキタケン,キタアキタシ,アサヒチョウ,秋田県,北秋田市,旭町
0184621,アキタケン,キタアキタシ,アニアラセ,秋田県,北秋田市,阿仁荒瀬
0184623,アキタケン,キタアキタシ,アニアラセガワヒツハタ,秋田県,北秋田市,阿仁荒瀬川櫃畑
0184731,アキタケン,キタアキタシ,アニウットウ,秋田県,北秋田市,阿仁打当
0184743,アキタケン,キタアキタシ,アニオカシナイ,秋田県,北秋田市,阿仁笑内
0184624,アキタケン,キタアキタシ,アニカギノタキ,秋田県,北秋田市,阿仁鍵ノ滝
0184745,アキタケン,キタアキタシ,アニカヤクサ,秋田県,北秋田市,阿仁萱草
0184613,アキタケン,キタアキタシ,アニギンザン,秋田県,北秋田市,阿仁銀山
0184741,アキタケン,キタアキタシ,アニコウヤ,秋田県,北秋田市,阿仁幸屋
0184742,アキタケン,キタアキタシ,アニコウヤワタリ,秋田県,北秋田市,阿仁幸屋渡
0184603,アキタケン,キタアキタシ,アニコザマ,秋田県,北秋田市,阿仁小様
0184622,アキタケン,キタアキタシ,アニコサワコウザン,秋田県,北秋田市,阿仁小沢鉱山
0184602,アキタケン,キタアキタシ,アニコブチ,秋田県,北秋田市,阿仁小渕
0184604,アキタケン,キタアキタシ,アニサンマイコウザン,秋田県,北秋田市,阿仁三枚鉱山
0184733,アキタケン,キタアキタシ,アニトトリナイ,秋田県,北秋田市,阿仁戸鳥内
0184734,アキタケン,キタアキタシ,アニナガハタケ,秋田県,北秋田市,阿仁長畑
0184732,アキタケン,キタアキタシ,アニナカムラ,秋田県,北秋田市,阿仁中村
0184744,アキタケン,キタアキタシ,アニネッコ,秋田県,北秋田市,阿仁根子
0184735,アキタケン,キタアキタシ,アニヒタチナイ,秋田県,北秋田市,阿仁比立内
0184746,アキタケン,キタアキタシ,アニフシカゲ,秋田県,北秋田市,阿仁伏影
0184515,アキタケン,キタアキタシ,アニマエダ,秋田県,北秋田市,阿仁前田
0184612,アキタケン,キタアキタシ,アニマギサワコウザン,秋田県,北秋田市,阿仁真木沢鉱山
0184611,アキタケン,キタアキタシ,アニミズナシ,秋田県,北秋田市,阿仁水無
0184601,アキタケン,キタアキタシ,アニヨシダ,秋田県,北秋田市,阿仁吉田
0183314,アキタケン,キタアキタシ,イセチョウ,秋田県,北秋田市,伊勢町
0183343,アキタケン,キタアキタシ,イマイズミ,秋田県,北秋田市,今泉
0184302,アキタケン,キタアキタシ,ウラタ,秋田県,北秋田市,浦田
0183324,アキタケン,キタアキタシ,オオマチ,秋田県,北秋田市,大町
0184516,アキタケン,キタアキタシ,カツラセ,秋田県,北秋田市,桂瀬
0184251,アキタケン,キタアキタシ,カマノサワ,秋田県,北秋田市,鎌沢
0184231,アキタケン,キタアキタシ,カミスギ,秋田県,北秋田市,上杉
0184211,アキタケン,キタアキタシ,カワイ,秋田県,北秋田市,川井
0184203,アキタケン,キタアキタシ,キドイシ,秋田県,北秋田市,木戸石
0183341,アキタケン,キタアキタシ,クロサワ,秋田県,北秋田市,黒沢
0184513,アキタケン,キタアキタシ,コマタ,秋田県,北秋田市,小又
0184514,アキタケン,キタアキタシ,ゴミホリ,秋田県,北秋田市,五味堀
0183451,アキタケン,キタアキタシ,コモリ,秋田県,北秋田市,小森
0184273,アキタケン,キタアキタシ,コンダ,秋田県,北秋田市,根田
0183311,アキタケン,キタアキタシ,ザイモクチョウ,秋田県,北秋田市,材木町
0183302,アキタケン,キタアキタシ,サカエ,秋田県,北秋田市,栄
0184221,アキタケン,キタアキタシ,シモスギ,秋田県,北秋田市,下杉
0183322,アキタケン,キタアキタシ,スミヨシチョウ,秋田県,北秋田市,住吉町
0184282,アキタケン,キタアキタシ,スモモダイ,秋田県,北秋田市,李岱
0184261,アキタケン,キタアキタシ,セリサワ,秋田県,北秋田市,芹沢
0183332,アキタケン,キタアキタシ,タカノス（ヒラサキカミタイ）,秋田県,北秋田市,鷹巣（平崎上岱）
0183331,アキタケン,キタアキタシ,タカノス（ソノタ）,秋田県,北秋田市,鷹巣（その他）
0183301,アキタケン,キタアキタシ,ツヅレコ,秋田県,北秋田市,綴子
0184241,アキタケン,キタアキタシ,ドウジョウ,秋田県,北秋田市,道城
0183453,アキタケン,キタアキタシ,ナカヤシキ,秋田県,北秋田市,中屋敷
0183452,アキタケン,キタアキタシ,ナヌカイチ,秋田県,北秋田市,七日市
0184272,アキタケン,キタアキタシ,ニイダメ,秋田県,北秋田市,新田目
0184512,アキタケン,キタアキタシ,ネモリタ,秋田県,北秋田市,根森田
0184202,アキタケン,キタアキタシ,ハチマンタイシンデン,秋田県,北秋田市,八幡岱新田
0183312,アキタケン,キタアキタシ,ハナゾノチョウ,秋田県,北秋田市,花園町
0184281,アキタケン,キタアキタシ,ハネヤマ,秋田県,北秋田市,羽根山
0183316,アキタケン,キタアキタシ,ヒガシヨコマチ,秋田県,北秋田市,東横町
0184271,アキタケン,キタアキタシ,フクダ,秋田県,北秋田市,福田
0183333,アキタケン,キタアキタシ,ボウザワ,秋田県,北秋田市,坊沢
0184303,アキタケン,キタアキタシ,ホンジョウ,秋田県,北秋田市,本城
0183342,アキタケン,キタアキタシ,マエヤマ,秋田県,北秋田市,前山
0184201,アキタケン,キタアキタシ,マスザワ,秋田県,北秋田市,増沢
0183321,アキタケン,キタアキタシ,マツバチョウ,秋田県,北秋田市,松葉町
0184263,アキタケン,キタアキタシ,ミツキタ,秋田県,北秋田市,三木田
0184262,アキタケン,キタアキタシ,ミッサト,秋田県,北秋田市,三里
0183315,アキタケン,キタアキタシ,ミヤマエチョウ,秋田県,北秋田市,宮前町
0183325,アキタケン,キタアキタシ,モトマチ,秋田県,北秋田市,元町
0184511,アキタケン,キタアキタシ,モリヨシ,秋田県,北秋田市,森吉
0184301,アキタケン,キタアキタシ,ヨナイザワ,秋田県,北秋田市,米内沢
0183323,アキタケン,キタアキタシ,ヨネシロチョウ,秋田県,北秋田市,米代町
0183454,アキタケン,キタアキタシ,ワキガミ,秋田県,北秋田市,脇神
0180400,アキタケン,ニカホシ,イカニケイサイガナイバアイ,秋田県,にかほ市,以下に掲載がない場合
0180431,アキタケン,ニカホシ,イセイジ,秋田県,にかほ市,伊勢居地
0180411,アキタケン,ニカホシ,インナイ,秋田県,にかほ市,院内
0180322,アキタケン,ニカホシ,オオタケ,秋田県,にかほ市,大竹
0180412,アキタケン,ニカホシ,オグニ,秋田県,にかほ市,小国
0180421,アキタケン,ニカホシ,カマガタイ,秋田県,にかほ市,釜ケ台
0180126,アキタケン,ニカホシ,キサカタマチ１チョウメシオコシ,秋田県,にかほ市,象潟町１丁目塩越
0180118,アキタケン,ニカホシ,キサカタマチ２チョウメシオコシ,秋田県,にかほ市,象潟町２丁目塩越
0180119,アキタケン,ニカホシ,キサカタマチ３チョウメシオコシ,秋田県,にかほ市,象潟町３丁目塩越
0180116,アキタケン,ニカホシ,キサカタマチ４チョウメシオコシ,秋田県,にかほ市,象潟町４丁目塩越
0180106,アキタケン,ニカホシ,キサカタマチ５チョウメシオコシ,秋田県,にかほ市,象潟町５丁目塩越
0180135,アキタケン,ニカホシ,キサカタマチアライガマ,秋田県,にかほ市,象潟町洗釜
0180107,アキタケン,ニカホシ,キサカタマチアラヤシタ,秋田県,にかほ市,象潟町荒屋下
0180105,アキタケン,ニカホシ,キサカタマチアラヤヅマ,秋田県,にかほ市,象潟町荒屋妻
0180112,アキタケン,ニカホシ,キサカタマチイエノウシロ,秋田県,にかほ市,象潟町家の後
0180108,アキタケン,ニカホシ,キサカタマチイリコノマ,秋田県,にかほ市,象潟町入湖の澗
0180115,アキタケン,ニカホシ,キサカタマチウシロダ,秋田県,にかほ市,象潟町後田
0180136,アキタケン,ニカホシ,キサカタマチオオサガワ,秋田県,にかほ市,象潟町大砂川
0180121,アキタケン,ニカホシ,キサカタマチオオシオコシ,秋田県,にかほ市,象潟町大塩越
0180142,アキタケン,ニカホシ,キサカタマチオオスゴウ,秋田県,にかほ市,象潟町大須郷
0180162,アキタケン,ニカホシ,キサカタマチオオモリ,秋田県,にかほ市,象潟町大森
0180131,アキタケン,ニカホシ,キサカタマチオオヤチ,秋田県,にかほ市,象潟町大谷地
0180114,アキタケン,ニカホシ,キサカタマチオキノタ,秋田県,にかほ市,象潟町沖の田
0180146,アキタケン,ニカホシ,キサカタマチカバヤチ,秋田県,にかほ市,象潟町蒲谷地
0180103,アキタケン,ニカホシ,キサカタマチカミキツネモリ,秋田県,にかほ市,象潟町上狐森
0180184,アキタケン,ニカホシ,キサカタマチカミコサカ,秋田県,にかほ市,象潟町上小坂
0180149,アキタケン,ニカホシ,キサカタマチカミヤチ,秋田県,にかほ市,象潟町上谷地
0180188,アキタケン,ニカホシ,キサカタマチカラスジマ,秋田県,にかほ市,象潟町烏島
0180141,アキタケン,ニカホシ,キサカタマチカワフクロ,秋田県,にかほ市,象潟町川袋
0180109,アキタケン,ニカホシ,キサカタマチカンムリイシシタ,秋田県,にかほ市,象潟町冠石下
0180122,アキタケン,ニカホシ,キサカタマチキサカタジマ,秋田県,にかほ市,象潟町象潟島
0180104,アキタケン,ニカホシ,キサカタマチキツネモリ,秋田県,にかほ市,象潟町狐森
0180102,アキタケン,ニカホシ,キサカタマチキドグチ,秋田県,にかほ市,象潟町木戸口
0180145,アキタケン,ニカホシ,キサカタマチゲンゾウガタ,秋田県,にかほ市,象潟町源蔵潟
0180187,アキタケン,ニカホシ,キサカタマチコガラスジマ,秋田県,にかほ市,象潟町小烏島
0180172,アキタケン,ニカホシ,キサカタマチコサイノカミ,秋田県,にかほ市,象潟町小才の神
0180183,アキタケン,ニカホシ,キサカタマチコサカ,秋田県,にかほ市,象潟町小坂
0180143,アキタケン,ニカホシ,キサカタマチコサガワ,秋田県,にかほ市,象潟町小砂川
0180153,アキタケン,ニカホシ,キサカタマチコダキ,秋田県,にかほ市,象潟町小滝
0180158,アキタケン,ニカホシ,キサカタマチコトワキ,秋田県,にかほ市,象潟町琴和喜
0180129,アキタケン,ニカホシ,キサカタマチサイノカミ,秋田県,にかほ市,象潟町才の神
0180175,アキタケン,ニカホシ,キサカタマチサカノシタ,秋田県,にかほ市,象潟町坂の下
0180148,アキタケン,ニカホシ,キサカタマチシモハマヤマ,秋田県,にかほ市,象潟町下浜山
0180181,アキタケン,ニカホシ,キサカタマチシラヤマドウ,秋田県,にかほ市,象潟町白山堂
0180133,アキタケン,ニカホシ,キサカタマチセキ,秋田県,にかほ市,象潟町関
0180161,アキタケン,ニカホシ,キサカタマチダイハンゴウ,秋田県,にかほ市,象潟町大飯郷
0180156,アキタケン,ニカホシ,キサカタマチダイモンザキ,秋田県,にかほ市,象潟町大門先
0180166,アキタケン,ニカホシ,キサカタマチタカダ,秋田県,にかほ市,象潟町高田
0180157,アキタケン,ニカホシ,キサカタマチタカハナシ,秋田県,にかほ市,象潟町鷹放
0180147,アキタケン,ニカホシ,キサカタマチタテイシ,秋田県,にかほ市,象潟町立石
0180165,アキタケン,ニカホシ,キサカタマチタヌキモリ,秋田県,にかほ市,象潟町狸森
0180167,アキタケン,ニカホシ,キサカタマチタノカミ,秋田県,にかほ市,象潟町田の神
0180128,アキタケン,ニカホシ,キサカタマチタロウジマ,秋田県,にかほ市,象潟町太郎島
0180171,アキタケン,ニカホシ,キサカタマチツヅキジマ,秋田県,にかほ市,象潟町続島
0180132,アキタケン,ニカホシ,キサカタマチトリノウミ,秋田県,にかほ市,象潟町鳥の海
0180163,アキタケン,ニカホシ,キサカタマチナガオカ,秋田県,にかほ市,象潟町長岡
0180127,アキタケン,ニカホシ,キサカタマチナカバシマチ,秋田県,にかほ市,象潟町中橋町
0180144,アキタケン,ニカホシ,キサカタマチナカヤチ,秋田県,にかほ市,象潟町中谷地
0180154,アキタケン,ニカホシ,キサカタマチニカイヤチ,秋田県,にかほ市,象潟町二階谷地
0180134,アキタケン,ニカホシ,キサカタマチニシナカノサワ,秋田県,にかほ市,象潟町西中野沢
0180125,アキタケン,ニカホシ,キサカタマチニノマル,秋田県,にかほ市,象潟町二の丸
0180124,アキタケン,ニカホシ,キサカタマチニュウドウジマ,秋田県,にかほ市,象潟町入道島
0180186,アキタケン,ニカホシ,キサカタマチノウインジマ,秋田県,にかほ市,象潟町能因島
0180113,アキタケン,ニカホシ,キサカタマチハマノタ,秋田県,にかほ市,象潟町浜の田
0180117,アキタケン,ニカホシ,キサカタマチハマハタ,秋田県,にかほ市,象潟町浜畑
0180101,アキタケン,ニカホシ,キサカタマチハマヤマ,秋田県,にかほ市,象潟町浜山
0180174,アキタケン,ニカホシ,キサカタマチハヤシノシタ,秋田県,にかほ市,象潟町林の下
0180182,アキタケン,ニカホシ,キサカタマチフドウサワ,秋田県,にかほ市,象潟町不動沢
0180111,アキタケン,ニカホシ,キサカタマチブドウジマ,秋田県,にかほ市,象潟町武道島
0180155,アキタケン,ニカホシ,キサカタマチベンテンジマ,秋田県,にかほ市,象潟町弁天島
0180152,アキタケン,ニカホシ,キサカタマチホンゴウ,秋田県,にかほ市,象潟町本郷
0180164,アキタケン,ニカホシ,キサカタマチマルヤマ,秋田県,にかほ市,象潟町丸山
0180123,アキタケン,ニカホシ,キサカタマチミョウケンシタ,秋田県,にかほ市,象潟町妙見下
0180185,アキタケン,ニカホシ,キサカタマチヤシキダ,秋田県,にかほ市,象潟町屋敷田
0180151,アキタケン,ニカホシ,キサカタマチヨコオカ,秋田県,にかほ市,象潟町横岡
0180176,アキタケン,ニカホシ,キサカタマチヨコヤマ,秋田県,にかほ市,象潟町横山
0180173,アキタケン,ニカホシ,キサカタマチヨスミイケ,秋田県,にかほ市,象潟町四隅池
0180302,アキタケン,ニカホシ,クロカワ,秋田県,にかほ市,黒川
0180311,アキタケン,ニカホシ,コノウラ,秋田県,にかほ市,金浦
0180404,アキタケン,ニカホシ,セリダ,秋田県,にかほ市,芹田
0180414,アキタケン,ニカホシ,タヅカミ,秋田県,にかほ市,田抓
0180434,アキタケン,ニカホシ,テラダ,秋田県,にかほ市,寺田
0180422,アキタケン,ニカホシ,トウシ,秋田県,にかほ市,冬師
0180301,アキタケン,ニカホシ,トビ,秋田県,にかほ市,飛
0180435,アキタケン,ニカホシ,ナカサンチ,秋田県,にかほ市,中三地
0180433,アキタケン,ニカホシ,ハタ,秋田県,にかほ市,畑
0180413,アキタケン,ニカホシ,ババ,秋田県,にかほ市,馬場
0180436,アキタケン,ニカホシ,ヒメノ,秋田県,にかほ市,樋目野
0180402,アキタケン,ニカホシ,ヒラサワ,秋田県,にかほ市,平沢
0180321,アキタケン,ニカホシ,マエカワ,秋田県,にかほ市,前川
0180432,アキタケン,ニカホシ,ミズサワ,秋田県,にかほ市,水沢
0180403,アキタケン,ニカホシ,ミツモリ,秋田県,にかほ市,三森
0180401,アキタケン,ニカホシ,リョウゼンジ,秋田県,にかほ市,両前寺
0140300,アキタケン,センボクシ,イカニケイサイガナイバアイ,秋田県,仙北市,以下に掲載がない場合
0140373,アキタケン,センボクシ,カクノダテマチイワセ,秋田県,仙北市,角館町岩瀬
0140375,アキタケン,センボクシ,カクノダテマチイワセシタノ,秋田県,仙北市,角館町岩瀬下タ野
0140316,アキタケン,センボクシ,カクノダテマチイワセマチ,秋田県,仙北市,角館町岩瀬町
0140374,アキタケン,センボクシ,カクノダテマチウワノ,秋田県,仙北市,角館町上野
0140336,アキタケン,センボクシ,カクノダテマチウラマチ,秋田県,仙北市,角館町裏町
0140364,アキタケン,センボクシ,カクノダテマチオオナカジマ,秋田県,仙北市,角館町大中嶋
0140371,アキタケン,センボクシ,カクノダテマチオオフロ,秋田県,仙北市,角館町大風呂
0140347,アキタケン,センボクシ,カクノダテマチオガタ,秋田県,仙北市,角館町小勝田
0140332,アキタケン,センボクシ,カクノダテマチオカチマチ,秋田県,仙北市,角館町歩行町
0140334,アキタケン,センボクシ,カクノダテマチオモテマチカミチョウ,秋田県,仙北市,角館町表町上丁
0140331,アキタケン,センボクシ,カクノダテマチオモテマチシモチョウ,秋田県,仙北市,角館町表町下丁
0140367,アキタケン,センボクシ,カクノダテマチカツラク,秋田県,仙北市,角館町勝楽
0140362,アキタケン,センボクシ,カクノダテマチカナヤマシタ,秋田県,仙北市,角館町金山下
0140327,アキタケン,センボクシ,カクノダテマチカミシンマチ,秋田県,仙北市,角館町上新町
0140369,アキタケン,センボクシ,カクノダテマチカミスガザワ,秋田県,仙北市,角館町上菅沢
0140346,アキタケン,センボクシ,カクノダテマチカワラ,秋田県,仙北市,角館町川原
0140333,アキタケン,センボクシ,カクノダテマチカワラマチ,秋田県,仙北市,角館町川原町
0140358,アキタケン,センボクシ,カクノダテマチカワラマチウシロ,秋田県,仙北市,角館町川原町後
0140359,アキタケン,センボクシ,カクノダテマチキタノ,秋田県,仙北市,角館町北野
0140341,アキタケン,センボクシ,カクノダテマチクモシカリ,秋田県,仙北市,角館町雲然
0140372,アキタケン,センボクシ,カクノダテマチコダテ,秋田県,仙北市,角館町小館
0140324,アキタケン,センボクシ,カクノダテマチコビトマチ,秋田県,仙北市,角館町小人町
0140363,アキタケン,センボクシ,カクノダテマチシタガワラ,秋田県,仙北市,角館町下川原
0140313,アキタケン,センボクシ,カクノダテマチシモイワセマチ,秋田県,仙北市,角館町下岩瀬町
0140315,アキタケン,センボクシ,カクノダテマチシモシンマチ,秋田県,仙北市,角館町下新町
0140366,アキタケン,センボクシ,カクノダテマチシモスガザワ,秋田県,仙北市,角館町下菅沢
0140317,アキタケン,センボクシ,カクノダテマチシモナカマチ,秋田県,仙北市,角館町下中町
0140343,アキタケン,センボクシ,カクノダテマチシモノブ,秋田県,仙北市,角館町下延
0140302,アキタケン,センボクシ,カクノダテマチシライワ,秋田県,仙北市,角館町白岩
0140365,アキタケン,センボクシ,カクノダテマチスガザワ,秋田県,仙北市,角館町菅沢
0140303,アキタケン,センボクシ,カクノダテマチソノダ,秋田県,仙北市,角館町薗田
0140328,アキタケン,センボクシ,カクノダテマチタケワラマチ,秋田県,仙北市,角館町竹原町
0140311,アキタケン,センボクシ,カクノダテマチタマチカミチョウ,秋田県,仙北市,角館町田町上丁
0140312,アキタケン,センボクシ,カクノダテマチタマチシモチョウ,秋田県,仙北市,角館町田町下丁
0140352,アキタケン,センボクシ,カクノダテマチトノヤマ,秋田県,仙北市,角館町外ノ山
0140355,アキタケン,センボクシ,カクノダテマチトノヤマカンユウチ,秋田県,仙北市,角館町外ノ山官有地
0140361,アキタケン,センボクシ,カクノダテマチトリキザワ,秋田県,仙北市,角館町鳥木沢
0140368,アキタケン,センボクシ,カクノダテマチナカスガザワ,秋田県,仙北市,角館町中菅沢
0140318,アキタケン,センボクシ,カクノダテマチナカマチ,秋田県,仙北市,角館町中町
0140322,アキタケン,センボクシ,カクノダテマチナノカマチ,秋田県,仙北市,角館町七日町
0140321,アキタケン,センボクシ,カクノダテマチニシカツラクマチ,秋田県,仙北市,角館町西勝楽町
0140379,アキタケン,センボクシ,カクノダテマチニシキタノ,秋田県,仙北市,角館町西北野
0140376,アキタケン,センボクシ,カクノダテマチニシシタノ,秋田県,仙北市,角館町西下タ野
0140353,アキタケン,センボクシ,カクノダテマチニシスガザワ,秋田県,仙北市,角館町西菅沢
0140377,アキタケン,センボクシ,カクノダテマチニシタ,秋田県,仙北市,角館町西田
0140344,アキタケン,センボクシ,カクノダテマチニシナガノ,秋田県,仙北市,角館町西長野
0140378,アキタケン,センボクシ,カクノダテマチニシノカワラ,秋田県,仙北市,角館町西野川原
0140342,アキタケン,センボクシ,カクノダテマチハチワリ,秋田県,仙北市,角館町八割
0140356,アキタケン,センボクシ,カクノダテマチハナバ,秋田県,仙北市,角館町花場
0140357,アキタケン,センボクシ,カクノダテマチハナバシタ,秋田県,仙北市,角館町花場下
0140325,アキタケン,センボクシ,カクノダテマチヒガシカツラクチョウ,秋田県,仙北市,角館町東勝楽丁
0140301,アキタケン,センボクシ,カクノダテマチヒロクナイ,秋田県,仙北市,角館町広久内
0140337,アキタケン,センボクシ,カクノダテマチフルシロ,秋田県,仙北市,角館町古城
0140351,アキタケン,センボクシ,カクノダテマチフルシロヤマ,秋田県,仙北市,角館町古城山
0140335,アキタケン,センボクシ,カクノダテマチホソゴエマチ,秋田県,仙北市,角館町細越町
0140354,アキタケン,センボクシ,カクノダテマチミズノメサワ,秋田県,仙北市,角館町水ノ目沢
0140326,アキタケン,センボクシ,カクノダテマチヤマネマチ,秋田県,仙北市,角館町山根町
0140345,アキタケン,センボクシ,カクノダテマチヤマヤカワサキ,秋田県,仙北市,角館町山谷川崎
0140323,アキタケン,センボクシ,カクノダテマチヨコマチ,秋田県,仙北市,角館町横町
0141112,アキタケン,センボクシ,タザワコウメザワ,秋田県,仙北市,田沢湖梅沢
0141111,アキタケン,センボクシ,タザワコオカザキ,秋田県,仙北市,田沢湖岡崎
0141201,アキタケン,センボクシ,タザワコオボナイ,秋田県,仙北市,田沢湖生保内
0141116,アキタケン,センボクシ,タザワコカクノダテヒガシマエゴウ,秋田県,仙北市,田沢湖角館東前郷
0141203,アキタケン,センボクシ,タザワコカタ,秋田県,仙北市,田沢湖潟
0141115,アキタケン,センボクシ,タザワココマツ,秋田県,仙北市,田沢湖小松
0141202,アキタケン,センボクシ,タザワコサシマキ,秋田県,仙北市,田沢湖刺巻
0141114,アキタケン,センボクシ,タザワコジンダイ,秋田県,仙北市,田沢湖神代
0141113,アキタケン,センボクシ,タザワコソツダ,秋田県,仙北市,田沢湖卒田
0141204,アキタケン,センボクシ,タザワコタザワ,秋田県,仙北市,田沢湖田沢
0141205,アキタケン,センボクシ,タザワコタマガワ,秋田県,仙北市,田沢湖玉川
0140515,アキタケン,センボクシ,ニシキチョウカドヤ,秋田県,仙北市,西木町門屋
0140512,アキタケン,センボクシ,ニシキチョウカミアライ,秋田県,仙北市,西木町上荒井
0140601,アキタケン,センボクシ,ニシキチョウカミヒノキナイ,秋田県,仙北市,西木町上桧木内
0140513,アキタケン,センボクシ,ニシキチョウコブチノ,秋田県,仙北市,西木町小渕野
0140516,アキタケン,センボクシ,ニシキチョウコヤマダ,秋田県,仙北市,西木町小山田
0140511,アキタケン,センボクシ,ニシキチョウサイミョウジ,秋田県,仙北市,西木町西明寺
0140514,アキタケン,センボクシ,ニシキチョウニシアライ,秋田県,仙北市,西木町西荒井
0140602,アキタケン,センボクシ,ニシキチョウヒノキナイ,秋田県,仙北市,西木町桧木内
0170200,アキタケン,カヅノグンコサカマチ,イカニケイサイガナイバアイ,秋田県,鹿角郡小坂町,以下に掲載がない場合
0170204,アキタケン,カヅノグンコサカマチ,アラヤ,秋田県,鹿角郡小坂町,荒谷
0170203,アキタケン,カヅノグンコサカマチ,ウワムキ,秋田県,鹿角郡小坂町,上向
0170201,アキタケン,カヅノグンコサカマチ,コサカ,秋田県,鹿角郡小坂町,小坂
0170202,アキタケン,カヅノグンコサカマチ,コサカコウザン,秋田県,鹿角郡小坂町,小坂鉱山
0170205,アキタケン,カヅノグンコサカマチ,ダイチ,秋田県,鹿角郡小坂町,大地
0185511,アキタケン,カヅノグンコサカマチ,トワダコ,秋田県,鹿角郡小坂町,十和田湖
0184400,アキタケン,キタアキタグンカミコアニムラ,イカニケイサイガナイバアイ,秋田県,北秋田郡上小阿仁村,以下に掲載がない場合
0184431,アキタケン,キタアキタグンカミコアニムラ,オオバヤシ,秋田県,北秋田郡上小阿仁村,大林
0184401,アキタケン,キタアキタグンカミコアニムラ,オキタオモテ,秋田県,北秋田郡上小阿仁村,沖田面
0184421,アキタケン,キタアキタグンカミコアニムラ,コサワダ,秋田県,北秋田郡上小阿仁村,小沢田
0184412,アキタケン,キタアキタグンカミコアニムラ,ゴタンザワ,秋田県,北秋田郡上小阿仁村,五反沢
0184413,アキタケン,キタアキタグンカミコアニムラ,スギハナ,秋田県,北秋田郡上小阿仁村,杉花
0184422,アキタケン,キタアキタグンカミコアニムラ,ドウガワ,秋田県,北秋田郡上小阿仁村,堂川
0184411,アキタケン,キタアキタグンカミコアニムラ,フクダテ,秋田県,北秋田郡上小阿仁村,福舘
0184423,アキタケン,キタアキタグンカミコアニムラ,ブッシャ,秋田県,北秋田郡上小阿仁村,仏社
0184432,アキタケン,キタアキタグンカミコアニムラ,ミナミザワ,秋田県,北秋田郡上小阿仁村,南沢
0183200,アキタケン,ヤマモトグンフジサトマチ,イカニケイサイガナイバアイ,秋田県,山本郡藤里町,以下に掲載がない場合
0183203,アキタケン,ヤマモトグンフジサトマチ,オオサワ,秋田県,山本郡藤里町,大沢
0183205,アキタケン,ヤマモトグンフジサトマチ,カスゲ,秋田県,山本郡藤里町,粕毛
0183202,アキタケン,ヤマモトグンフジサトマチ,ダイラ,秋田県,山本郡藤里町,太良
0183201,アキタケン,ヤマモトグンフジサトマチ,フジコト,秋田県,山本郡藤里町,藤琴
0183204,アキタケン,ヤマモトグンフジサトマチ,ヤサカ,秋田県,山本郡藤里町,矢坂
0182400,アキタケン,ヤマモトグンミタネチョウ,イカニケイサイガナイバアイ,秋田県,山本郡三種町,以下に掲載がない場合
0182405,アキタケン,ヤマモトグンミタネチョウ,アシザキ,秋田県,山本郡三種町,芦崎
0182102,アキタケン,ヤマモトグンミタネチョウ,アマセガワ,秋田県,山本郡三種町,天瀬川
0182401,アキタケン,ヤマモトグンミタネチョウ,ウカワ,秋田県,山本郡三種町,鵜川
0182406,アキタケン,ヤマモトグンミタネチョウ,オオクチ,秋田県,山本郡三種町,大口
0182104,アキタケン,ヤマモトグンミタネチョウ,カド,秋田県,山本郡三種町,鹿渡
0182101,アキタケン,ヤマモトグンミタネチョウ,カミイワカワ,秋田県,山本郡三種町,上岩川
0182402,アキタケン,ヤマモトグンミタネチョウ,カワシリ,秋田県,山本郡三種町,川尻
0182403,アキタケン,ヤマモトグンミタネチョウ,クメオカシンデン,秋田県,山本郡三種町,久米岡新田
0182103,アキタケン,ヤマモトグンミタネチョウ,コイカワ,秋田県,山本郡三種町,鯉川
0182301,アキタケン,ヤマモトグンミタネチョウ,シトバシ,秋田県,山本郡三種町,志戸橋
0182302,アキタケン,ヤマモトグンミタネチョウ,シモイワカワ,秋田県,山本郡三種町,下岩川
0182305,アキタケン,ヤマモトグンミタネチョウ,ソトオカ,秋田県,山本郡三種町,外岡
0182404,アキタケン,ヤマモトグンミタネチョウ,トミオカシンデン,秋田県,山本郡三種町,富岡新田
0182304,アキタケン,ヤマモトグンミタネチョウ,トヨオカキンデン,秋田県,山本郡三種町,豊岡金田
0182407,アキタケン,ヤマモトグンミタネチョウ,ハマダ,秋田県,山本郡三種町,浜田
0182303,アキタケン,ヤマモトグンミタネチョウ,モリタケ,秋田県,山本郡三種町,森岳
0182500,アキタケン,ヤマモトグンハッポウチョウ,イカニケイサイガナイバアイ,秋田県,山本郡八峰町,以下に掲載がない場合
0182637,アキタケン,ヤマモトグンハッポウチョウ,ハチモリイエノウシロ,秋田県,山本郡八峰町,八森家の後
0182643,アキタケン,ヤマモトグンハッポウチョウ,ハチモリイエノカミ,秋田県,山本郡八峰町,八森家の上
0182622,アキタケン,ヤマモトグンハッポウチョウ,ハチモリイエノムカイ,秋田県,山本郡八峰町,八森家の向
0182615,アキタケン,ヤマモトグンハッポウチョウ,ハチモリイセバチダイ,秋田県,山本郡八峰町,八森伊勢鉢台
0182676,アキタケン,ヤマモトグンハッポウチョウ,ハチモリイソムラ,秋田県,山本郡八峰町,八森磯村
0182611,アキタケン,ヤマモトグンハッポウチョウ,ハチモリイワダテ,秋田県,山本郡八峰町,八森岩館
0182605,アキタケン,ヤマモトグンハッポウチョウ,ハチモリイワダテツカノダイ,秋田県,山本郡八峰町,八森岩館塚の台
0182608,アキタケン,ヤマモトグンハッポウチョウ,ハチモリイワダテムカイダイ,秋田県,山本郡八峰町,八森岩館向台
0182601,アキタケン,ヤマモトグンハッポウチョウ,ハチモリオトノミズ,秋田県,山本郡八峰町,八森乙の水
0182675,アキタケン,ヤマモトグンハッポウチョウ,ハチモリカゴタ,秋田県,山本郡八峰町,八森篭田
0182609,アキタケン,ヤマモトグンハッポウチョウ,ハチモリカドノサワ,秋田県,山本郡八峰町,八森門の沢
0182647,アキタケン,ヤマモトグンハッポウチョウ,ハチモリカノウラ,秋田県,山本郡八峰町,八森鹿の浦
0182606,アキタケン,ヤマモトグンハッポウチョウ,ハチモリカマノウエ,秋田県,山本郡八峰町,八森釜の上
0182674,アキタケン,ヤマモトグンハッポウチョウ,ハチモリカミイエウシロ,秋田県,山本郡八峰町,八森上家後
0182636,アキタケン,ヤマモトグンハッポウチョウ,ハチモリカミカジスケダイ,秋田県,山本郡八峰町,八森上嘉治助台
0182618,アキタケン,ヤマモトグンハッポウチョウ,ハチモリキドノサワ,秋田県,山本郡八峰町,八森木戸の沢
0182653,アキタケン,ヤマモトグンハッポウチョウ,ハチモリクラノサワ,秋田県,山本郡八峰町,八森倉の沢
0182614,アキタケン,ヤマモトグンハッポウチョウ,ハチモリコイリカワイエノカミ,秋田県,山本郡八峰町,八森小入川家の上
0182613,アキタケン,ヤマモトグンハッポウチョウ,ハチモリコウザン,秋田県,山本郡八峰町,八森鉱山
0182617,アキタケン,ヤマモトグンハッポウチョウ,ハチモリゴショノダイ,秋田県,山本郡八峰町,八森御所の台
0182631,アキタケン,ヤマモトグンハッポウチョウ,ハチモリゴリンダイゲダン,秋田県,山本郡八峰町,八森五輪台下段
0182633,アキタケン,ヤマモトグンハッポウチョウ,ハチモリゴリンダイジョウダン,秋田県,山本郡八峰町,八森五輪台上段
0182632,アキタケン,ヤマモトグンハッポウチョウ,ハチモリサンジュウガマ,秋田県,山本郡八峰町,八森三十釜
0182627,アキタケン,ヤマモトグンハッポウチョウ,ハチモリサンナイ,秋田県,山本郡八峰町,八森山内
0182625,アキタケン,ヤマモトグンハッポウチョウ,ハチモリサンナイダイ,秋田県,山本郡八峰町,八森山内台
0182672,アキタケン,ヤマモトグンハッポウチョウ,ハチモリシモイエウシロ,秋田県,山本郡八峰町,八森下家後
0182635,アキタケン,ヤマモトグンハッポウチョウ,ハチモリシモカジスケダイ,秋田県,山本郡八峰町,八森下嘉治助台
0182651,アキタケン,ヤマモトグンハッポウチョウ,ハチモリシモタテシタ,秋田県,山本郡八峰町,八森下館下
0182662,アキタケン,ヤマモトグンハッポウチョウ,ハチモリシンハマダ,秋田県,山本郡八峰町,八森新浜田
0182634,アキタケン,ヤマモトグンハッポウチョウ,ハチモリタキノウエ,秋田県,山本郡八峰町,八森滝の上
0182623,アキタケン,ヤマモトグンハッポウチョウ,ハチモリタキノマ,秋田県,山本郡八峰町,八森滝ノ間
0182628,アキタケン,ヤマモトグンハッポウチョウ,ハチモリタテイシ,秋田県,山本郡八峰町,八森立石
0182602,アキタケン,ヤマモトグンハッポウチョウ,ハチモリチゴキ,秋田県,山本郡八峰町,八森チゴキ
0182621,アキタケン,ヤマモトグンハッポウチョウ,ハチモリチャノサワ,秋田県,山本郡八峰町,八森茶の沢
0182646,アキタケン,ヤマモトグンハッポウチョウ,ハチモリツカノダイ,秋田県,山本郡八峰町,八森塚の台
0182642,アキタケン,ヤマモトグンハッポウチョウ,ハチモリツバキ,秋田県,山本郡八峰町,八森椿
0182644,アキタケン,ヤマモトグンハッポウチョウ,ハチモリツバキダイ,秋田県,山本郡八峰町,八森椿台
0182666,アキタケン,ヤマモトグンハッポウチョウ,ハチモリテラノウシロ,秋田県,山本郡八峰町,八森寺の後
0182665,アキタケン,ヤマモトグンハッポウチョウ,ハチモリテラノウシロカワムカイ,秋田県,山本郡八峰町,八森寺の後川向
0182648,アキタケン,ヤマモトグンハッポウチョウ,ハチモリトマリダイ,秋田県,山本郡八峰町,八森泊台
0182663,アキタケン,ヤマモトグンハッポウチョウ,ハチモリトヨナガ,秋田県,山本郡八峰町,八森樋長
0182673,アキタケン,ヤマモトグンハッポウチョウ,ハチモリナカイエウシロ,秋田県,山本郡八峰町,八森中家後
0182619,アキタケン,ヤマモトグンハッポウチョウ,ハチモリナガサカ,秋田県,山本郡八峰町,八森長坂
0182645,アキタケン,ヤマモトグンハッポウチョウ,ハチモリナカジマ,秋田県,山本郡八峰町,八森中嶋
0182641,アキタケン,ヤマモトグンハッポウチョウ,ハチモリナカハマ,秋田県,山本郡八峰町,八森中浜
0182612,アキタケン,ヤマモトグンハッポウチョウ,ハチモリノケソリ,秋田県,山本郡八峰町,八森ノケソリ
0182678,アキタケン,ヤマモトグンハッポウチョウ,ハチモリハチモリ,秋田県,山本郡八峰町,八森八森
0182667,アキタケン,ヤマモトグンハッポウチョウ,ハチモリハチモリイエウシロ,秋田県,山本郡八峰町,八森八森家後
0182677,アキタケン,ヤマモトグンハッポウチョウ,ハチモリハチモリウシロ,秋田県,山本郡八峰町,八森八森後
0182661,アキタケン,ヤマモトグンハッポウチョウ,ハチモリハマダ,秋田県,山本郡八峰町,八森浜田
0182607,アキタケン,ヤマモトグンハッポウチョウ,ハチモリハヤシノサワ,秋田県,山本郡八峰町,八森林の沢
0182664,アキタケン,ヤマモトグンハッポウチョウ,ハチモリフルヤシキ,秋田県,山本郡八峰町,八森古屋敷
0182616,アキタケン,ヤマモトグンハッポウチョウ,ハチモリミサワ,秋田県,山本郡八峰町,八森三沢
0182638,アキタケン,ヤマモトグンハッポウチョウ,ハチモリモウラ,秋田県,山本郡八峰町,八森茂浦
0182655,アキタケン,ヤマモトグンハッポウチョウ,ハチモリモトダテ,秋田県,山本郡八峰町,八森本館
0182652,アキタケン,ヤマモトグンハッポウチョウ,ハチモリモトダテナカダイ,秋田県,山本郡八峰町,八森本館中台
0182603,アキタケン,ヤマモトグンハッポウチョウ,ハチモリモノミ,秋田県,山本郡八峰町,八森物見
0182654,アキタケン,ヤマモトグンハッポウチョウ,ハチモリモロサワグチ,秋田県,山本郡八峰町,八森諸沢口
0182656,アキタケン,ヤマモトグンハッポウチョウ,ハチモリモロサワシモワキ,秋田県,山本郡八峰町,八森諸沢下脇
0182671,アキタケン,ヤマモトグンハッポウチョウ,ハチモリユノシリ,秋田県,山本郡八峰町,八森湯の尻
0182626,アキタケン,ヤマモトグンハッポウチョウ,ハチモリヨコマ,秋田県,山本郡八峰町,八森横間
0182624,アキタケン,ヤマモトグンハッポウチョウ,ハチモリヨコマダイ,秋田県,山本郡八峰町,八森横間台
0182604,アキタケン,ヤマモトグンハッポウチョウ,ハチモリワダオモテ,秋田県,山本郡八峰町,八森和田表
0182504,アキタケン,ヤマモトグンハッポウチョウ,ミネハマイシカワ,秋田県,山本郡八峰町,峰浜石川
0182505,アキタケン,ヤマモトグンハッポウチョウ,ミネハマウチアラマキ,秋田県,山本郡八峰町,峰浜内荒巻
0182511,アキタケン,ヤマモトグンハッポウチョウ,ミネハマコウヤノ,秋田県,山本郡八峰町,峰浜高野々
0182506,アキタケン,ヤマモトグンハッポウチョウ,ミネハマコテハギ,秋田県,山本郡八峰町,峰浜小手萩
0182508,アキタケン,ヤマモトグンハッポウチョウ,ミネハマサカガタ,秋田県,山本郡八峰町,峰浜坂形
0182507,アキタケン,ヤマモトグンハッポウチョウ,ミネハマタナカ,秋田県,山本郡八峰町,峰浜田中
0182509,アキタケン,ヤマモトグンハッポウチョウ,ミネハマヌマタ,秋田県,山本郡八峰町,峰浜沼田
0182512,アキタケン,ヤマモトグンハッポウチョウ,ミネハマハタヤ,秋田県,山本郡八峰町,峰浜畑谷
0182503,アキタケン,ヤマモトグンハッポウチョウ,ミネハマハナワ,秋田県,山本郡八峰町,峰浜塙
0182501,アキタケン,ヤマモトグンハッポウチョウ,ミネハマミズサワ,秋田県,山本郡八峰町,峰浜水沢
0182502,アキタケン,ヤマモトグンハッポウチョウ,ミネハマメナガタ,秋田県,山本郡八峰町,峰浜目名潟
0181700,アキタケン,ミナミアキタグンゴジョウメマチ,イカニケイサイガナイバアイ,秋田県,南秋田郡五城目町,以下に掲載がない場合
0181704,アキタケン,ミナミアキタグンゴジョウメマチ,イシダロッカソンセキゾイ,秋田県,南秋田郡五城目町,石田六ケ村堰添
0181743,アキタケン,ミナミアキタグンゴジョウメマチ,イナリマエ,秋田県,南秋田郡五城目町,稲荷前
0181851,アキタケン,ミナミアキタグンゴジョウメマチ,ウチカワアサミナイ,秋田県,南秋田郡五城目町,内川浅見内
0181857,アキタケン,ミナミアキタグンゴジョウメマチ,ウチカワオグラ,秋田県,南秋田郡五城目町,内川小倉
0181854,アキタケン,ミナミアキタグンゴジョウメマチ,ウチカワクロツチ,秋田県,南秋田郡五城目町,内川黒土
0181852,アキタケン,ミナミアキタグンゴジョウメマチ,ウチカワユノマタ,秋田県,南秋田郡五城目町,内川湯ノ又
0181722,アキタケン,ミナミアキタグンゴジョウメマチ,ウノキ,秋田県,南秋田郡五城目町,鵜ノ木
0181741,アキタケン,ミナミアキタグンゴジョウメマチ,ウラオオマチ,秋田県,南秋田郡五城目町,浦大町
0181742,アキタケン,ミナミアキタグンゴジョウメマチ,ウラヨコマチ,秋田県,南秋田郡五城目町,浦横町
0181705,アキタケン,ミナミアキタグンゴジョウメマチ,ウワマチ,秋田県,南秋田郡五城目町,上町
0181731,アキタケン,ミナミアキタグンゴジョウメマチ,オオカワイシザキ,秋田県,南秋田郡五城目町,大川石崎
0181734,アキタケン,ミナミアキタグンゴジョウメマチ,オオカワオオカワ,秋田県,南秋田郡五城目町,大川大川
0181735,アキタケン,ミナミアキタグンゴジョウメマチ,オオカワシモトヨグチ,秋田県,南秋田郡五城目町,大川下樋口
0181732,アキタケン,ミナミアキタグンゴジョウメマチ,オオカワニシノ,秋田県,南秋田郡五城目町,大川西野
0181733,アキタケン,ミナミアキタグンゴジョウメマチ,オオカワヤチナカ,秋田県,南秋田郡五城目町,大川谷地中
0181723,アキタケン,ミナミアキタグンゴジョウメマチ,カミヒグチ,秋田県,南秋田郡五城目町,上樋口
0181745,アキタケン,ミナミアキタグンゴジョウメマチ,カワサキ,秋田県,南秋田郡五城目町,川崎
0181712,アキタケン,ミナミアキタグンゴジョウメマチ,クボ,秋田県,南秋田郡五城目町,久保
0181746,アキタケン,ミナミアキタグンゴジョウメマチ,コイケ,秋田県,南秋田郡五城目町,小池
0181706,アキタケン,ミナミアキタグンゴジョウメマチ,シタマチ,秋田県,南秋田郡五城目町,下タ町
0181744,アキタケン,ミナミアキタグンゴジョウメマチ,シンメイマエ,秋田県,南秋田郡五城目町,神明前
0181702,アキタケン,ミナミアキタグンゴジョウメマチ,スギガサキ,秋田県,南秋田郡五城目町,杉ケ崎
0181711,アキタケン,ミナミアキタグンゴジョウメマチ,タカサキ,秋田県,南秋田郡五城目町,高崎
0181714,アキタケン,ミナミアキタグンゴジョウメマチ,タテゴシ,秋田県,南秋田郡五城目町,舘越
0181701,アキタケン,ミナミアキタグンゴジョウメマチ,トヒンザワ,秋田県,南秋田郡五城目町,兎品沢
0181721,アキタケン,ミナミアキタグンゴジョウメマチ,ナナクラ,秋田県,南秋田郡五城目町,七倉
0181725,アキタケン,ミナミアキタグンゴジョウメマチ,ニシイソノメ,秋田県,南秋田郡五城目町,西磯ノ目
0181747,アキタケン,ミナミアキタグンゴジョウメマチ,ノダ,秋田県,南秋田郡五城目町,野田
0181703,アキタケン,ミナミアキタグンゴジョウメマチ,ハグロマエ,秋田県,南秋田郡五城目町,羽黒前
0181713,アキタケン,ミナミアキタグンゴジョウメマチ,ババメ,秋田県,南秋田郡五城目町,馬場目
0181724,アキタケン,ミナミアキタグンゴジョウメマチ,ヒガシイソノメ,秋田県,南秋田郡五城目町,東磯ノ目
0181856,アキタケン,ミナミアキタグンゴジョウメマチ,フツナイシモサンナイ,秋田県,南秋田郡五城目町,富津内下山内
0181855,アキタケン,ミナミアキタグンゴジョウメマチ,フツナイトミタ,秋田県,南秋田郡五城目町,富津内富田
0181853,アキタケン,ミナミアキタグンゴジョウメマチ,フツナイナカツマタ,秋田県,南秋田郡五城目町,富津内中津又
0181600,アキタケン,ミナミアキタグンハチロウガタマチ,イカニケイサイガナイバアイ,秋田県,南秋田郡八郎潟町,以下に掲載がない場合
0181621,アキタケン,ミナミアキタグンハチロウガタマチ,イエノウシロ,秋田県,南秋田郡八郎潟町,家の後
0181617,アキタケン,ミナミアキタグンハチロウガタマチ,イカリ,秋田県,南秋田郡八郎潟町,イカリ
0181602,アキタケン,ミナミアキタグンハチロウガタマチ,ウラオオマチ,秋田県,南秋田郡八郎潟町,浦大町
0181616,アキタケン,ミナミアキタグンハチロウガタマチ,オオミチ,秋田県,南秋田郡八郎潟町,大道
0181627,アキタケン,ミナミアキタグンハチロウガタマチ,オシキリ,秋田県,南秋田郡八郎潟町,押切
0181615,アキタケン,ミナミアキタグンハチロウガタマチ,ガマヌマ,秋田県,南秋田郡八郎潟町,蒲沼
0181611,アキタケン,ミナミアキタグンハチロウガタマチ,カミオキヤチ,秋田県,南秋田郡八郎潟町,上沖谷地
0181613,アキタケン,ミナミアキタグンハチロウガタマチ,カミヒルネ,秋田県,南秋田郡八郎潟町,上昼根
0181618,アキタケン,ミナミアキタグンハチロウガタマチ,カワグチ,秋田県,南秋田郡八郎潟町,川口
0181605,アキタケン,ミナミアキタグンハチロウガタマチ,カワサキ,秋田県,南秋田郡八郎潟町,川崎
0181625,アキタケン,ミナミアキタグンハチロウガタマチ,クボミ,秋田県,南秋田郡八郎潟町,久保見
0181603,アキタケン,ミナミアキタグンハチロウガタマチ,コイケ,秋田県,南秋田郡八郎潟町,小池
0181628,アキタケン,ミナミアキタグンハチロウガタマチ,シマノウチ,秋田県,南秋田郡八郎潟町,島ノ内
0181623,アキタケン,ミナミアキタグンハチロウガタマチ,シモカワラ,秋田県,南秋田郡八郎潟町,下川原
0181635,アキタケン,ミナミアキタグンハチロウガタマチ,スサキ,秋田県,南秋田郡八郎潟町,洲先
0181624,アキタケン,ミナミアキタグンハチロウガタマチ,ナカクボ,秋田県,南秋田郡八郎潟町,中久保
0181629,アキタケン,ミナミアキタグンハチロウガタマチ,ナカジマ,秋田県,南秋田郡八郎潟町,中嶋
0181614,アキタケン,ミナミアキタグンハチロウガタマチ,ナカダ,秋田県,南秋田郡八郎潟町,中田
0181633,アキタケン,ミナミアキタグンハチロウガタマチ,ナカヤチ,秋田県,南秋田郡八郎潟町,中谷地
0181632,アキタケン,ミナミアキタグンハチロウガタマチ,ナガヌマ,秋田県,南秋田郡八郎潟町,長沼
0181634,アキタケン,ミナミアキタグンハチロウガタマチ,ノキシマ,秋田県,南秋田郡八郎潟町,軒嶋
0181604,アキタケン,ミナミアキタグンハチロウガタマチ,ノダ,秋田県,南秋田郡八郎潟町,野田
0181631,アキタケン,ミナミアキタグンハチロウガタマチ,ハチマヌマ,秋田県,南秋田郡八郎潟町,八幡沼
0181622,アキタケン,ミナミアキタグンハチロウガタマチ,ヒトイチ,秋田県,南秋田郡八郎潟町,一日市
0181612,アキタケン,ミナミアキタグンハチロウガタマチ,ヒルネシタ,秋田県,南秋田郡八郎潟町,昼根下
0181626,アキタケン,ミナミアキタグンハチロウガタマチ,ホソカワ,秋田県,南秋田郡八郎潟町,細川
0181601,アキタケン,ミナミアキタグンハチロウガタマチ,マサカ,秋田県,南秋田郡八郎潟町,真坂
0181606,アキタケン,ミナミアキタグンハチロウガタマチ,ヤシャフクロ,秋田県,南秋田郡八郎潟町,夜叉袋
0181500,アキタケン,ミナミアキタグンイカワマチ,イカニケイサイガナイバアイ,秋田県,南秋田郡井川町,以下に掲載がない場合
0181525,アキタケン,ミナミアキタグンイカワマチ,アカサワ,秋田県,南秋田郡井川町,赤沢
0181527,アキタケン,ミナミアキタグンイカワマチ,イナイ,秋田県,南秋田郡井川町,井内
0181511,アキタケン,ミナミアキタグンイカワマチ,イマド,秋田県,南秋田郡井川町,今戸
0181514,アキタケン,ミナミアキタグンイカワマチ,ウジキ,秋田県,南秋田郡井川町,宇治木
0181524,アキタケン,ミナミアキタグンイカワマチ,オオムギ,秋田県,南秋田郡井川町,大麦
0181512,アキタケン,ミナミアキタグンイカワマチ,キタカワシリ,秋田県,南秋田郡井川町,北川尻
0181513,アキタケン,ミナミアキタグンイカワマチ,クロツボ,秋田県,南秋田郡井川町,黒坪
0181515,アキタケン,ミナミアキタグンイカワマチ,コダケハナ,秋田県,南秋田郡井川町,小竹花
0181523,アキタケン,ミナミアキタグンイカワマチ,サカモト,秋田県,南秋田郡井川町,坂本
0181526,アキタケン,ミナミアキタグンイカワマチ,テラサワ,秋田県,南秋田郡井川町,寺沢
0181528,アキタケン,ミナミアキタグンイカワマチ,ナモミダ,秋田県,南秋田郡井川町,葹田
0181521,アキタケン,ミナミアキタグンイカワマチ,ハッタオオクラ,秋田県,南秋田郡井川町,八田大倉
0181516,アキタケン,ミナミアキタグンイカワマチ,ハマイカワ,秋田県,南秋田郡井川町,浜井川
0181522,アキタケン,ミナミアキタグンイカワマチ,ホノコ,秋田県,南秋田郡井川町,保野子
0100400,アキタケン,ミナミアキタグンオオガタムラ,イカニケイサイガナイバアイ,秋田県,南秋田郡大潟村,以下に掲載がない場合
0100451,アキタケン,ミナミアキタグンオオガタムラ,オオガタ,秋田県,南秋田郡大潟村,大潟
0100452,アキタケン,ミナミアキタグンオオガタムラ,カタガミ,秋田県,南秋田郡大潟村,方上
0100453,アキタケン,ミナミアキタグンオオガタムラ,カタグチ,秋田県,南秋田郡大潟村,方口
0100441,アキタケン,ミナミアキタグンオオガタムラ,キタ,秋田県,南秋田郡大潟村,北
0100443,アキタケン,ミナミアキタグンオオガタムラ,チュウオウ,秋田県,南秋田郡大潟村,中央
0100454,アキタケン,ミナミアキタグンオオガタムラ,ナカノ,秋田県,南秋田郡大潟村,中野
0100445,アキタケン,ミナミアキタグンオオガタムラ,ニシ,秋田県,南秋田郡大潟村,西
0100455,アキタケン,ミナミアキタグンオオガタムラ,ニシノ,秋田県,南秋田郡大潟村,西野
0100442,アキタケン,ミナミアキタグンオオガタムラ,ヒガシ,秋田県,南秋田郡大潟村,東
0100456,アキタケン,ミナミアキタグンオオガタムラ,ヒガシノ,秋田県,南秋田郡大潟村,東野
0100444,アキタケン,ミナミアキタグンオオガタムラ,ミナミ,秋田県,南秋田郡大潟村,南
0191400,アキタケン,センボクグンミサトチョウ,イカニケイサイガナイバアイ,秋田県,仙北郡美郷町,以下に掲載がない場合
0191533,アキタケン,センボクグンミサトチョウ,アンジョウジ,秋田県,仙北郡美郷町,安城寺
0191234,アキタケン,センボクグンミサトチョウ,イイヅメ,秋田県,仙北郡美郷町,飯詰
0191302,アキタケン,センボクグンミサトチョウ,カネザワ,秋田県,仙北郡美郷町,金沢
0191235,アキタケン,センボクグンミサトチョウ,カネザワニシネ,秋田県,仙北郡美郷町,金沢西根
0191522,アキタケン,センボクグンミサトチョウ,カネザワヒガシネ,秋田県,仙北郡美郷町,金沢東根
0191236,アキタケン,センボクグンミサトチョウ,カミフカイ,秋田県,仙北郡美郷町,上深井
0191511,アキタケン,センボクグンミサトチョウ,クロサワ,秋田県,仙北郡美郷町,黒沢
0191542,アキタケン,センボクグンミサトチョウ,コアラカワ,秋田県,仙北郡美郷町,小荒川
0191233,アキタケン,センボクグンミサトチョウ,サカイダ,秋田県,仙北郡美郷町,境田
0191237,アキタケン,センボクグンミサトチョウ,サノ,秋田県,仙北郡美郷町,佐野
0191502,アキタケン,センボクグンミサトチョウ,センヤ,秋田県,仙北郡美郷町,千屋
0191541,アキタケン,センボクグンミサトチョウ,ツチザキ,秋田県,仙北郡美郷町,土崎
0191232,アキタケン,センボクグンミサトチョウ,テンジンドウ,秋田県,仙北郡美郷町,天神堂
0191521,アキタケン,センボクグンミサトチョウ,ナカノ,秋田県,仙北郡美郷町,中野
0191501,アキタケン,センボクグンミサトチョウ,ナニワ,秋田県,仙北郡美郷町,浪花
0191301,アキタケン,センボクグンミサトチョウ,ノアラマチ,秋田県,仙北郡美郷町,野荒町
0191402,アキタケン,センボクグンミサトチョウ,ノナカ,秋田県,仙北郡美郷町,野中
0191531,アキタケン,センボクグンミサトチョウ,ハタヤ,秋田県,仙北郡美郷町,畑屋
0191532,アキタケン,センボクグンミサトチョウ,ハヌキヤチ,秋田県,仙北郡美郷町,羽貫谷地
0191512,アキタケン,センボクグンミサトチョウ,ホンドウシロマワリ,秋田県,仙北郡美郷町,本堂城回
0191231,アキタケン,センボクグンミサトチョウ,ミナミマチ,秋田県,仙北郡美郷町,南町
0191401,アキタケン,センボクグンミサトチョウ,ヤリダ,秋田県,仙北郡美郷町,鑓田
0191404,アキタケン,センボクグンミサトチョウ,ロクゴウ,秋田県,仙北郡美郷町,六郷
0191403,アキタケン,センボクグンミサトチョウ,ロクゴウヒガシネ,秋田県,仙北郡美郷町,六郷東根
0121100,アキタケン,オガチグンウゴマチ,イカニケイサイガナイバアイ,秋田県,雄勝郡羽後町,以下に掲載がない場合
0121124,アキタケン,オガチグンウゴマチ,アカバカマ,秋田県,雄勝郡羽後町,赤袴
0121136,アキタケン,オガチグンウゴマチ,イイザワ,秋田県,雄勝郡羽後町,飯沢
0121121,アキタケン,オガチグンウゴマチ,オオクボ,秋田県,雄勝郡羽後町,大久保
0121101,アキタケン,オガチグンウゴマチ,オオサワ,秋田県,雄勝郡羽後町,大沢
0121132,アキタケン,オガチグンウゴマチ,オオド,秋田県,雄勝郡羽後町,大戸
0121123,アキタケン,オガチグンウゴマチ,カイザワ,秋田県,雄勝郡羽後町,貝沢
0121122,アキタケン,オガチグンウゴマチ,カシワバラ,秋田県,雄勝郡羽後町,柏原
0121353,アキタケン,オガチグンウゴマチ,カミセンドウ,秋田県,雄勝郡羽後町,上仙道
0121242,アキタケン,オガチグンウゴマチ,カミトウマイ,秋田県,雄勝郡羽後町,上到米
0121243,アキタケン,オガチグンウゴマチ,カルイザワ,秋田県,雄勝郡羽後町,軽井沢
0121113,アキタケン,オガチグンウゴマチ,コオリヤマ,秋田県,雄勝郡羽後町,郡山
0121135,アキタケン,オガチグンウゴマチ,シカナイ,秋田県,雄勝郡羽後町,鹿内
0121111,アキタケン,オガチグンウゴマチ,シマダシンデン,秋田県,雄勝郡羽後町,嶋田新田
0121351,アキタケン,オガチグンウゴマチ,シモセンドウ,秋田県,雄勝郡羽後町,下仙道
0121102,アキタケン,オガチグンウゴマチ,シンマチ,秋田県,雄勝郡羽後町,新町
0121126,アキタケン,オガチグンウゴマチ,スギノミヤ,秋田県,雄勝郡羽後町,杉宮
0121116,アキタケン,オガチグンウゴマチ,タコウダ,秋田県,雄勝郡羽後町,高尾田
0121134,アキタケン,オガチグンウゴマチ,タザワ,秋田県,雄勝郡羽後町,田沢
0121241,アキタケン,オガチグンウゴマチ,タシロ,秋田県,雄勝郡羽後町,田代
0121115,アキタケン,オガチグンウゴマチ,タラダ,秋田県,雄勝郡羽後町,足田
0121133,アキタケン,オガチグンウゴマチ,トコマイ,秋田県,雄勝郡羽後町,床舞
0121352,アキタケン,オガチグンウゴマチ,ナカセンドウ,秋田県,雄勝郡羽後町,中仙道
0121131,アキタケン,オガチグンウゴマチ,ニシモナイ,秋田県,雄勝郡羽後町,西馬音内
0121137,アキタケン,オガチグンウゴマチ,ニシモナイホリマワリ,秋田県,雄勝郡羽後町,西馬音内堀回
0121114,アキタケン,オガチグンウゴマチ,ヌカヅカ,秋田県,雄勝郡羽後町,糠塚
0121125,アキタケン,オガチグンウゴマチ,ノナカ,秋田県,雄勝郡羽後町,野中
0121103,アキタケン,オガチグンウゴマチ,ハヤシザキ,秋田県,雄勝郡羽後町,林崎
0121106,アキタケン,オガチグンウゴマチ,ホッタイ,秋田県,雄勝郡羽後町,払体
0121104,アキタケン,オガチグンウゴマチ,ホリウチ,秋田県,雄勝郡羽後町,堀内
0121105,アキタケン,オガチグンウゴマチ,ミズサワ,秋田県,雄勝郡羽後町,水沢
0121112,アキタケン,オガチグンウゴマチ,ムツアイ,秋田県,雄勝郡羽後町,睦合
0190800,アキタケン,オガチグンヒガシナルセムラ,イカニケイサイガナイバアイ,秋田県,雄勝郡東成瀬村,以下に掲載がない場合
0190802,アキタケン,オガチグンヒガシナルセムラ,イワイカワ,秋田県,雄勝郡東成瀬村,岩井川
0190801,アキタケン,オガチグンヒガシナルセムラ,タゴナイ,秋田県,雄勝郡東成瀬村,田子内
0190803,アキタケン,オガチグンヒガシナルセムラ,ツバキカワ,秋田県,雄勝郡東成瀬村,椿川
