8500000,ナガサキケン,ナガサキシ,イカニケイサイガナイバアイ,長崎県,長崎市,以下に掲載がない場合
8500922,ナガサキケン,ナガサキシ,アイオイマチ,長崎県,長崎市,相生町
8511122,ナガサキケン,ナガサキシ,アイガワマチ,長崎県,長崎市,相川町
8528036,ナガサキケン,ナガサキシ,アオヤママチ,長崎県,長崎市,青山町
8512321,ナガサキケン,ナガサキシ,アカクビマチ,長崎県,長崎市,赤首町
8528156,ナガサキケン,ナガサキシ,アカサコ,長崎県,長崎市,赤迫
8500064,ナガサキケン,ナガサキシ,アキヅキマチ,長崎県,長崎市,秋月町
8500063,ナガサキケン,ナガサキシ,アクノウラマチ,長崎県,長崎市,飽の浦町
8528008,ナガサキケン,ナガサキシ,アケボノマチ,長崎県,長崎市,曙町
8528003,ナガサキケン,ナガサキシ,アサヒマチ,長崎県,長崎市,旭町
8512212,ナガサキケン,ナガサキシ,アゼカリマチ,長崎県,長崎市,畝刈町
8528141,ナガサキケン,ナガサキシ,アゼベツトウマチ,長崎県,長崎市,畦別当町
8512201,ナガサキケン,ナガサキシ,アゼマチ,長崎県,長崎市,畦町
8500822,ナガサキケン,ナガサキシ,アタゴ,長崎県,長崎市,愛宕
8510123,ナガサキケン,ナガサキシ,アバマチ,長崎県,長崎市,網場町
8528035,ナガサキケン,ナガサキシ,アブラギマチ,長崎県,長崎市,油木町
8500832,ナガサキケン,ナガサキシ,アブラヤマチ,長崎県,長崎市,油屋町
8528136,ナガサキケン,ナガサキシ,イエノマチ,長崎県,長崎市,家野町
8511201,ナガサキケン,ナガサキシ,イオウジママチ,長崎県,長崎市,伊王島町
8510254,ナガサキケン,ナガサキシ,イカノウラマチ,長崎県,長崎市,飯香浦町
8510502,ナガサキケン,ナガサキシ,イガヤドマチ,長崎県,長崎市,以下宿町
8570071,ナガサキケン,ナガサキシ,イケシママチ,長崎県,長崎市,池島町
8528126,ナガサキケン,ナガサキシ,イシガミマチ,長崎県,長崎市,石神町
8528151,ナガサキケン,ナガサキシ,イズミ,長崎県,長崎市,泉
8528157,ナガサキケン,ナガサキシ,イズミマチ,長崎県,長崎市,泉町
8500924,ナガサキケン,ナガサキシ,イズモ,長崎県,長崎市,出雲
8500018,ナガサキケン,ナガサキシ,イセマチ,長崎県,長崎市,伊勢町
8500971,ナガサキケン,ナガサキシ,イソミチマチ,長崎県,長崎市,磯道町
8528011,ナガサキケン,ナガサキシ,イナサマチ,長崎県,長崎市,稲佐町
8500907,ナガサキケン,ナガサキシ,イナダマチ,長崎県,長崎市,稲田町
8500025,ナガサキケン,ナガサキシ,イマハカタマチ,長崎県,長崎市,今博多町
8500802,ナガサキケン,ナガサキシ,イラバヤシ,長崎県,長崎市,伊良林
8500065,ナガサキケン,ナガサキシ,イリフネマチ,長崎県,長崎市,入船町
8528106,ナガサキケン,ナガサキシ,イワカワマチ,長崎県,長崎市,岩川町
8500072,ナガサキケン,ナガサキシ,イワセドウマチ,長崎県,長崎市,岩瀬道町
8528017,ナガサキケン,ナガサキシ,イワミマチ,長崎県,長崎市,岩見町
8528052,ナガサキケン,ナガサキシ,イワヤマチ,長崎県,長崎市,岩屋町
8500923,ナガサキケン,ナガサキシ,ウエダマチ,長崎県,長崎市,上田町
8528113,ナガサキケン,ナガサキシ,ウエノマチ,長崎県,長崎市,上野町
8500874,ナガサキケン,ナガサキシ,ウオノマチ,長崎県,長崎市,魚の町
8510135,ナガサキケン,ナガサキシ,ウツツガワマチ,長崎県,長崎市,現川町
8500022,ナガサキケン,ナガサキシ,ウママチ,長崎県,長崎市,馬町
8500909,ナガサキケン,ナガサキシ,ウメガサキマチ,長崎県,長崎市,梅香崎町
8500054,ナガサキケン,ナガサキシ,ウワマチ,長崎県,長崎市,上町
8500992,ナガサキケン,ナガサキシ,エガワマチ,長崎県,長崎市,江川町
8500861,ナガサキケン,ナガサキシ,エドマチ,長崎県,長崎市,江戸町
8528007,ナガサキケン,ナガサキシ,エノウラマチ,長崎県,長崎市,江の浦町
8500056,ナガサキケン,ナガサキシ,エビスマチ,長崎県,長崎市,恵美須町
8528101,ナガサキケン,ナガサキシ,エビラ,長崎県,長崎市,江平
8528054,ナガサキケン,ナガサキシ,エミネントハヤママチ,長崎県,長崎市,エミネント葉山町
8528032,ナガサキケン,ナガサキシ,エリマチ,長崎県,長崎市,江里町
8528132,ナガサキケン,ナガサキシ,オウギマチ,長崎県,長崎市,扇町
8500024,ナガサキケン,ナガサキシ,オオイデマチ,長崎県,長崎市,大井手町
8500916,ナガサキケン,ナガサキシ,オオウラヒガシマチ,長崎県,長崎市,大浦東町
8500918,ナガサキケン,ナガサキシ,オオウラマチ,長崎県,長崎市,大浦町
8510302,ナガサキケン,ナガサキシ,オオゴモリマチ,長崎県,長崎市,大籠町
8510244,ナガサキケン,ナガサキシ,オオサキマチ,長崎県,長崎市,大崎町
8528062,ナガサキケン,ナガサキシ,オオゾノマチ,長崎県,長崎市,大園町
8510255,ナガサキケン,ナガサキシ,オオタオマチ,長崎県,長崎市,太田尾町
8500062,ナガサキケン,ナガサキシ,オオタニマチ,長崎県,長崎市,大谷町
8528127,ナガサキケン,ナガサキシ,オオテ,長崎県,長崎市,大手
8528005,ナガサキケン,ナガサキシ,オオトリマチ,長崎県,長崎市,大鳥町
8528134,ナガサキケン,ナガサキシ,オオバシマチ,長崎県,長崎市,大橋町
8500066,ナガサキケン,ナガサキシ,オオハママチ,長崎県,長崎市,大浜町
8528056,ナガサキケン,ナガサキシ,オオミヤマチ,長崎県,長崎市,大宮町
8500964,ナガサキケン,ナガサキシ,オオヤママチ,長崎県,長崎市,大山町
8528115,ナガサキケン,ナガサキシ,オカマチ,長崎県,長崎市,岡町
8500027,ナガサキケン,ナガサキシ,オケヤマチ,長崎県,長崎市,桶屋町
8528044,ナガサキケン,ナガサキシ,オトナシマチ,長崎県,長崎市,音無町
8500058,ナガサキケン,ナガサキシ,オノウエマチ,長崎県,長崎市,尾上町
8500042,ナガサキケン,ナガサキシ,オフナグラマチ,長崎県,長崎市,御船蔵町
8510115,ナガサキケン,ナガサキシ,カキドウ,長崎県,長崎市,かき道
8511134,ナガサキケン,ナガサキシ,カキドマリマチ,長崎県,長崎市,柿泊町
8500905,ナガサキケン,ナガサキシ,カゴマチ,長崎県,長崎市,籠町
8500803,ナガサキケン,ナガサキシ,カザガシラマチ,長崎県,長崎市,風頭町
8512202,ナガサキケン,ナガサキシ,カシヤママチ,長崎県,長崎市,樫山町
8500831,ナガサキケン,ナガサキシ,カジヤマチ,長崎県,長崎市,鍛冶屋町
8510124,ナガサキケン,ナガサキシ,カスガマチ,長崎県,長崎市,春日町
8500003,ナガサキケン,ナガサキシ,カタフチ,長崎県,長崎市,片淵
8500028,ナガサキケン,ナガサキシ,カツヤママチ,長崎県,長崎市,勝山町
8528026,ナガサキケン,ナガサキシ,カナホリマチ,長崎県,長崎市,金堀町
8500037,ナガサキケン,ナガサキシ,カナヤマチ,長崎県,長崎市,金屋町
8500973,ナガサキケン,ナガサキシ,カノオマチ,長崎県,長崎市,鹿尾町
8500034,ナガサキケン,ナガサキシ,カバシママチ,長崎県,長崎市,樺島町
8511131,ナガサキケン,ナガサキシ,カミウラマチ,長崎県,長崎市,上浦町
8512426,ナガサキケン,ナガサキシ,カミオオノマチ,長崎県,長崎市,上大野町
8512324,ナガサキケン,ナガサキシ,カミクロサキマチ,長崎県,長崎市,上黒崎町
8500834,ナガサキケン,ナガサキシ,カミコシマ,長崎県,長崎市,上小島
8500048,ナガサキケン,ナガサキシ,カミゼンザマチ,長崎県,長崎市,上銭座町
8510111,ナガサキケン,ナガサキシ,カミトイシマチ,長崎県,長崎市,上戸石町
8500953,ナガサキケン,ナガサキシ,カミトマチ,長崎県,長崎市,上戸町
8500006,ナガサキケン,ナガサキシ,カミニシヤママチ,長崎県,長崎市,上西山町
8500078,ナガサキケン,ナガサキシ,カミノシママチ,長崎県,長崎市,神ノ島町
8510401,ナガサキケン,ナガサキシ,カヤキマチ,長崎県,長崎市,蚊焼町
8510112,ナガサキケン,ナガサキシ,カワチマチ,長崎県,長崎市,川内町
8500946,ナガサキケン,ナガサキシ,カワカミマチ,長崎県,長崎市,川上町
8528108,ナガサキケン,ナガサキシ,カワグチマチ,長崎県,長崎市,川口町
8528143,ナガサキケン,ナガサキシ,カワヒラマチ,長崎県,長崎市,川平町
8510407,ナガサキケン,ナガサキシ,カワラマチ,長崎県,長崎市,川原町
8500906,ナガサキケン,ナガサキシ,カンナイマチ,長崎県,長崎市,館内町
8510242,ナガサキケン,ナガサキシ,キタウラマチ,長崎県,長崎市,北浦町
8500076,ナガサキケン,ナガサキシ,キバチマチ,長崎県,長崎市,木鉢町
8500974,ナガサキケン,ナガサキシ,キョウタロウマチ,長崎県,長崎市,京太郎町
8512211,ナガサキケン,ナガサキシ,キョウドマリ,長崎県,長崎市,京泊
8513214,ナガサキケン,ナガサキシ,キンカイオオヒラマチ,長崎県,長崎市,琴海大平町
8513215,ナガサキケン,ナガサキシ,キンカイオドマチ,長崎県,長崎市,琴海尾戸町
8513213,ナガサキケン,ナガサキシ,キンカイカタガミマチ,長崎県,長崎市,琴海形上町
8513211,ナガサキケン,ナガサキシ,キンカイトネハラマチ,長崎県,長崎市,琴海戸根原町
8513103,ナガサキケン,ナガサキシ,キンカイトネマチ,長崎県,長崎市,琴海戸根町
8513102,ナガサキケン,ナガサキシ,キンカイムラマツマチ,長崎県,長崎市,琴海村松町
8500854,ナガサキケン,ナガサキシ,ギンヤマチ,長崎県,長崎市,銀屋町
8500981,ナガサキケン,ナガサキシ,クサズミマチ,長崎県,長崎市,草住町
8510501,ナガサキケン,ナガサキシ,クロハママチ,長崎県,長崎市,黒浜町
8500976,ナガサキケン,ナガサキシ,ケイクビマチ,長崎県,長崎市,毛井首町
8528146,ナガサキケン,ナガサキシ,ケヤキダイマチ,長崎県,長崎市,けやき台町
8500871,ナガサキケン,ナガサキシ,コウジヤマチ,長崎県,長崎市,麹屋町
8500032,ナガサキケン,ナガサキシ,コウゼンマチ,長崎県,長崎市,興善町
8512403,ナガサキケン,ナガサキシ,コウノウラエガワマチ,長崎県,長崎市,神浦江川町
8512411,ナガサキケン,ナガサキシ,コウノウラオオギヤママチ,長崎県,長崎市,神浦扇山町
8512422,ナガサキケン,ナガサキシ,コウノウラカミオオナカオマチ,長崎県,長崎市,神浦上大中尾町
8512424,ナガサキケン,ナガサキシ,コウノウラカミドウトクマチ,長崎県,長崎市,神浦上道徳町
8512421,ナガサキケン,ナガサキシ,コウノウラキタオオナカオマチ,長崎県,長崎市,神浦北大中尾町
8512401,ナガサキケン,ナガサキシ,コウノウラクチブクマチ,長崎県,長崎市,神浦口福町
8512423,ナガサキケン,ナガサキシ,コウノウラシモオオナカオマチ,長崎県,長崎市,神浦下大中尾町
8512425,ナガサキケン,ナガサキシ,コウノウラシモドウトクマチ,長崎県,長崎市,神浦下道徳町
8512413,ナガサキケン,ナガサキシ,コウノウラナツイマチ,長崎県,長崎市,神浦夏井町
8512404,ナガサキケン,ナガサキシ,コウノウラマルオマチ,長崎県,長崎市,神浦丸尾町
8512405,ナガサキケン,ナガサキシ,コウノウラムカイマチ,長崎県,長崎市,神浦向町
8510310,ナガサキケン,ナガサキシ,コウヤギマチ,長崎県,長崎市,香焼町
8500067,ナガサキケン,ナガサキシ,コウラマチ,長崎県,長崎市,小浦町
8511132,ナガサキケン,ナガサキシ,コエバル,長崎県,長崎市,小江原
8511133,ナガサキケン,ナガサキシ,コエマチ,長崎県,長崎市,小江町
8500961,ナガサキケン,ナガサキシ,コガクラマチ,長崎県,長崎市,小ケ倉町
8510101,ナガサキケン,ナガサキシ,コガマチ,長崎県,長崎市,古賀町
8500951,ナガサキケン,ナガサキシ,コクブマチ,長崎県,長崎市,国分町
8500934,ナガサキケン,ナガサキシ,コスゲマチ,長崎県,長崎市,小菅町
8500077,ナガサキケン,ナガサキシ,コセドマチ,長崎県,長崎市,小瀬戸町
8500937,ナガサキケン,ナガサキシ,コゾネマチ,長崎県,長崎市,小曽根町
8500036,ナガサキケン,ナガサキシ,ゴトウマチ,長崎県,長崎市,五島町
8500002,ナガサキケン,ナガサキシ,コバマチ,長崎県,長崎市,木場町
8528125,ナガサキケン,ナガサキシ,コミネマチ,長崎県,長崎市,小峰町
8500983,ナガサキケン,ナガサキシ,コメノヤママチ,長崎県,長崎市,米山町
8500046,ナガサキケン,ナガサキシ,サイワイマチ,長崎県,長崎市,幸町
8500994,ナガサキケン,ナガサキシ,サオノウラマチ,長崎県,長崎市,竿浦町
8510122,ナガサキケン,ナガサキシ,サカイ,長崎県,長崎市,界
8500875,ナガサキケン,ナガサキシ,サカエマチ,長崎県,長崎市,栄町
8528102,ナガサキケン,ナガサキシ,サカモト,長崎県,長崎市,坂本
8500835,ナガサキケン,ナガサキシ,サクラギマチ,長崎県,長崎市,桜木町
8512207,ナガサキケン,ナガサキシ,サクラノサト,長崎県,長崎市,さくらの里
8500015,ナガサキケン,ナガサキシ,サクラババ,長崎県,長崎市,桜馬場
8500031,ナガサキケン,ナガサキシ,サクラマチ,長崎県,長崎市,桜町
8512206,ナガサキケン,ナガサキシ,サンキョウマチ,長崎県,長崎市,三京町
8500824,ナガサキケン,ナガサキシ,サンケイダイマチ,長崎県,長崎市,三景台町
8500975,ナガサキケン,ナガサキシ,サンワマチ,長崎県,長崎市,三和町
8500947,ナガサキケン,ナガサキシ,シイノキマチ,長崎県,長崎市,椎の木町
8500071,ナガサキケン,ナガサキシ,シオハママチ,長崎県,長崎市,塩浜町
8510125,ナガサキケン,ナガサキシ,シオミマチ,長崎県,長崎市,潮見町
8511137,ナガサキケン,ナガサキシ,シキミマチ,長崎県,長崎市,式見町
8500917,ナガサキケン,ナガサキシ,シタマチ,長崎県,長崎市,下町
8528041,ナガサキケン,ナガサキシ,シミズマチ,長崎県,長崎市,清水町
8512427,ナガサキケン,ナガサキシ,シモオオノマチ,長崎県,長崎市,下大野町
8512326,ナガサキケン,ナガサキシ,シモクロサキマチ,長崎県,長崎市,下黒崎町
8500004,ナガサキケン,ナガサキシ,シモニシヤママチ,長崎県,長崎市,下西山町
8500908,ナガサキケン,ナガサキシ,ジュウニンマチ,長崎県,長崎市,十人町
8510121,ナガサキケン,ナガサキシ,シュクマチ,長崎県,長崎市,宿町
8528034,ナガサキケン,ナガサキシ,ジョウエイマチ,長崎県,長崎市,城栄町
8528145,ナガサキケン,ナガサキシ,ショウワ,長崎県,長崎市,昭和
8528042,ナガサキケン,ナガサキシ,シラトリマチ,長崎県,長崎市,白鳥町
8500812,ナガサキケン,ナガサキシ,シロキマチ,長崎県,長崎市,白木町
8528027,ナガサキケン,ナガサキシ,シロヤマダイ,長崎県,長崎市,城山台
8528021,ナガサキケン,ナガサキシ,シロヤママチ,長崎県,長崎市,城山町
8500962,ナガサキケン,ナガサキシ,シンコガクラ,長崎県,長崎市,新小が倉
8500017,ナガサキケン,ナガサキシ,シンダイクマチ,長崎県,長崎市,新大工町
8500842,ナガサキケン,ナガサキシ,シンチマチ,長崎県,長崎市,新地町
8500954,ナガサキケン,ナガサキシ,シントマチ,長崎県,長崎市,新戸町
8500014,ナガサキケン,ナガサキシ,シンナカガワマチ,長崎県,長崎市,新中川町
8512323,ナガサキケン,ナガサキシ,シンマキノマチ,長崎県,長崎市,新牧野町
8500991,ナガサキケン,ナガサキシ,スエイシマチ,長崎県,長崎市,末石町
8510126,ナガサキケン,ナガサキシ,ススキヅカマチ,長崎県,長崎市,芒塚町
8528152,ナガサキケン,ナガサキシ,スミヨシダイマチ,長崎県,長崎市,住吉台町
8528154,ナガサキケン,ナガサキシ,スミヨシマチ,長崎県,長崎市,住吉町
8500873,ナガサキケン,ナガサキシ,スワマチ,長崎県,長崎市,諏訪町
8500047,ナガサキケン,ナガサキシ,ゼンザマチ,長崎県,長崎市,銭座町
8511125,ナガサキケン,ナガサキシ,ソノダマチ,長崎県,長崎市,園田町
8500057,ナガサキケン,ナガサキシ,ダイコクマチ,長崎県,長崎市,大黒町
8500963,ナガサキケン,ナガサキシ,ダイヤランド,長崎県,長崎市,ダイヤランド
8512213,ナガサキケン,ナガサキシ,タイラマチ,長崎県,長崎市,多以良町
8500941,ナガサキケン,ナガサキシ,タカオカ,長崎県,長崎市,高丘
8528111,ナガサキケン,ナガサキシ,タカオマチ,長崎県,長崎市,高尾町
8511315,ナガサキケン,ナガサキシ,タカシママチ,長崎県,長崎市,高島町
8510137,ナガサキケン,ナガサキシ,タカシロダイ,長崎県,長崎市,高城台
8510503,ナガサキケン,ナガサキシ,タカハママチ,長崎県,長崎市,高浜町
8500821,ナガサキケン,ナガサキシ,タカヒラマチ,長崎県,長崎市,高平町
8500045,ナガサキケン,ナガサキシ,タカラマチ,長崎県,長崎市,宝町
8510251,ナガサキケン,ナガサキシ,タガミ,長崎県,長崎市,田上
8528014,ナガサキケン,ナガサキシ,タケノクボマチ,長崎県,長崎市,竹の久保町
8528025,ナガサキケン,ナガサキシ,タテイワマチ,長崎県,長崎市,立岩町
8500007,ナガサキケン,ナガサキシ,タテヤマ,長崎県,長崎市,立山
8510252,ナガサキケン,ナガサキシ,タデワラマチ,長崎県,長崎市,田手原町
8510134,ナガサキケン,ナガサキシ,タナカマチ,長崎県,長崎市,田中町
8500053,ナガサキケン,ナガサキシ,タマゾノマチ,長崎県,長崎市,玉園町
8510405,ナガサキケン,ナガサキシ,タメシマチ,長崎県,長崎市,為石町
8500052,ナガサキケン,ナガサキシ,チクゴマチ,長崎県,長崎市,筑後町
8510245,ナガサキケン,ナガサキシ,チヂマチ,長崎県,長崎市,千々町
8528135,ナガサキケン,ナガサキシ,チトセマチ,長崎県,長崎市,千歳町
8500877,ナガサキケン,ナガサキシ,ツキマチ,長崎県,長崎市,築町
8528124,ナガサキケン,ナガサキシ,ツジマチ,長崎県,長崎市,辻町
8510102,ナガサキケン,ナガサキシ,ツツジガオカ,長崎県,長崎市,つつじが丘
8510406,ナガサキケン,ナガサキシ,ツバキガオカマチ,長崎県,長崎市,椿が丘町
8510132,ナガサキケン,ナガサキシ,ツルノオマチ,長崎県,長崎市,鶴の尾町
8500984,ナガサキケン,ナガサキシ,ツルミダイ,長崎県,長崎市,鶴見台
8500023,ナガサキケン,ナガサキシ,デキダイクマチ,長崎県,長崎市,出来大工町
8511135,ナガサキケン,ナガサキシ,テグママチ,長崎県,長崎市,手熊町
8500862,ナガサキケン,ナガサキシ,デジママチ,長崎県,長崎市,出島町
8500872,ナガサキケン,ナガサキシ,テラマチ,長崎県,長崎市,寺町
8500044,ナガサキケン,ナガサキシ,テンジンマチ,長崎県,長崎市,天神町
8510113,ナガサキケン,ナガサキシ,トイシマチ,長崎県,長崎市,戸石町
8500977,ナガサキケン,ナガサキシ,ドイノクビマチ,長崎県,長崎市,土井首町
8500841,ナガサキケン,ナガサキシ,ドウザマチ,長崎県,長崎市,銅座町
8510404,ナガサキケン,ナガサキシ,トウダオマチ,長崎県,長崎市,藤田尾町
8500843,ナガサキケン,ナガサキシ,トキワマチ,長崎県,長崎市,常盤町
8500952,ナガサキケン,ナガサキシ,トマチ,長崎県,長崎市,戸町
8513212,ナガサキケン,ナガサキシ,ナガウラマチ,長崎県,長崎市,長浦町
8500013,ナガサキケン,ナガサキシ,ナカガワ,長崎県,長崎市,中川
8500836,ナガサキケン,ナガサキシ,ナカコシマ,長崎県,長崎市,中小島
8510103,ナガサキケン,ナガサキシ,ナカザトマチ,長崎県,長崎市,中里町
8500912,ナガサキケン,ナガサキシ,ナカシンマチ,長崎県,長崎市,中新町
8528155,ナガサキケン,ナガサキシ,ナカゾノマチ,長崎県,長崎市,中園町
8512325,ナガサキケン,ナガサキシ,ナガタマチ,長崎県,長崎市,永田町
8500055,ナガサキケン,ナガサキシ,ナカマチ,長崎県,長崎市,中町
8500936,ナガサキケン,ナガサキシ,ナミノヒラマチ,長崎県,長崎市,浪の平町
8528061,ナガサキケン,ナガサキシ,ナメシ,長崎県,長崎市,滑石
8500011,ナガサキケン,ナガサキシ,ナルタキ,長崎県,長崎市,鳴滝
8512215,ナガサキケン,ナガサキシ,ナルミダイ,長崎県,長崎市,鳴見台
8512214,ナガサキケン,ナガサキシ,ナルミマチ,長崎県,長崎市,鳴見町
8510504,ナガサキケン,ナガサキシ,ナンゴシマチ,長崎県,長崎市,南越町
8500876,ナガサキケン,ナガサキシ,ニギワイマチ,長崎県,長崎市,賑町
8513101,ナガサキケン,ナガサキシ,ニシウミマチ,長崎県,長崎市,西海町
8528055,ナガサキケン,ナガサキシ,ニジガオカマチ,長崎県,長崎市,虹が丘町
8528051,ナガサキケン,ナガサキシ,ニシキタマチ,長崎県,長崎市,西北町
8528045,ナガサキケン,ナガサキシ,ニシキ,長崎県,長崎市,錦
8500837,ナガサキケン,ナガサキシ,ニシコシマ,長崎県,長崎市,西小島
8500933,ナガサキケン,ナガサキシ,ニシコトヒラマチ,長崎県,長崎市,西琴平町
8500051,ナガサキケン,ナガサキシ,ニシザカマチ,長崎県,長崎市,西坂町
8512322,ナガサキケン,ナガサキシ,ニシシツマチ,長崎県,長崎市,西出津町
8500074,ナガサキケン,ナガサキシ,ニシタテガミマチ,長崎県,長崎市,西立神町
8500075,ナガサキケン,ナガサキシ,ニシドマリマチ,長崎県,長崎市,西泊町
8528043,ナガサキケン,ナガサキシ,ニシマチ,長崎県,長崎市,西町
8500001,ナガサキケン,ナガサキシ,ニシヤマ,長崎県,長崎市,西山
8528122,ナガサキケン,ナガサキシ,ニシヤマダイ,長崎県,長崎市,西山台
8500005,ナガサキケン,ナガサキシ,ニシヤマホンマチ,長崎県,長崎市,西山本町
8510403,ナガサキケン,ナガサキシ,ヌノマキマチ,長崎県,長崎市,布巻町
8510507,ナガサキケン,ナガサキシ,ノモザキカバシママチ,長崎県,長崎市,野母崎樺島町
8510505,ナガサキケン,ナガサキシ,ノモマチ,長崎県,長崎市,野母町
8528114,ナガサキケン,ナガサキシ,ハシグチマチ,長崎県,長崎市,橋口町
8500993,ナガサキケン,ナガサキシ,ハチロウダケマチ,長崎県,長崎市,八郎岳町
8500944,ナガサキケン,ナガサキシ,ハッケイマチ,長崎県,長崎市,八景町
8528153,ナガサキケン,ナガサキシ,ハナオカマチ,長崎県,長崎市,花丘町
8528024,ナガサキケン,ナガサキシ,ハナゾノマチ,長崎県,長崎市,花園町
8528107,ナガサキケン,ナガサキシ,ハマグチマチ,長崎県,長崎市,浜口町
8500041,ナガサキケン,ナガサキシ,ハマヒラ,長崎県,長崎市,浜平
8500853,ナガサキケン,ナガサキシ,ハママチ,長崎県,長崎市,浜町
8510253,ナガサキケン,ナガサキシ,ハヤサカマチ,長崎県,長崎市,早坂町
8528053,ナガサキケン,ナガサキシ,ハヤマ,長崎県,長崎市,葉山
8528015,ナガサキケン,ナガサキシ,ハルキマチ,長崎県,長崎市,春木町
8510402,ナガサキケン,ナガサキシ,ハルミダイマチ,長崎県,長崎市,晴海台町
8528001,ナガサキケン,ナガサキシ,ヒカリマチ,長崎県,長崎市,光町
8500833,ナガサキケン,ナガサキシ,ヒガシコシママチ,長崎県,長崎市,東小島町
8500932,ナガサキケン,ナガサキシ,ヒガシコトヒラ,長崎県,長崎市,東琴平
8512327,ナガサキケン,ナガサキシ,ヒガシシツマチ,長崎県,長崎市,東出津町
8500073,ナガサキケン,ナガサキシ,ヒガシタテガミマチ,長崎県,長崎市,東立神町
8500855,ナガサキケン,ナガサキシ,ヒガシフルカワマチ,長崎県,長崎市,東古川町
8510116,ナガサキケン,ナガサキシ,ヒガシマチ,長崎県,長崎市,東町
8500911,ナガサキケン,ナガサキシ,ヒガシヤマテマチ,長崎県,長崎市,東山手町
8500915,ナガサキケン,ナガサキシ,ヒガシヤママチ,長崎県,長崎市,東山町
8500804,ナガサキケン,ナガサキシ,ヒコミマチ,長崎県,長崎市,彦見町
8500914,ナガサキケン,ナガサキシ,ヒノデマチ,長崎県,長崎市,日の出町
8500985,ナガサキケン,ナガサキシ,ヒラセマチ,長崎県,長崎市,平瀬町
8528006,ナガサキケン,ナガサキシ,ヒラドゴヤマチ,長崎県,長崎市,平戸小屋町
8528117,ナガサキケン,ナガサキシ,ヒラノマチ,長崎県,長崎市,平野町
8510136,ナガサキケン,ナガサキシ,ヒラママチ,長崎県,長崎市,平間町
8500996,ナガサキケン,ナガサキシ,ヒラヤマダイ,長崎県,長崎市,平山台
8500995,ナガサキケン,ナガサキシ,ヒラヤママチ,長崎県,長崎市,平山町
8500016,ナガサキケン,ナガサキシ,フウフガワマチ,長崎県,長崎市,夫婦川町
8510301,ナガサキケン,ナガサキシ,フカホリマチ,長崎県,長崎市,深堀町
8500068,ナガサキケン,ナガサキシ,フクダホンマチ,長崎県,長崎市,福田本町
8528022,ナガサキケン,ナガサキシ,フジミマチ,長崎県,長崎市,富士見町
8528012,ナガサキケン,ナガサキシ,フチマチ,長崎県,長崎市,淵町
8510104,ナガサキケン,ナガサキシ,フナイシマチ,長崎県,長崎市,船石町
8500904,ナガサキケン,ナガサキシ,フナダイクマチ,長崎県,長崎市,船大工町
8500851,ナガサキケン,ナガサキシ,フルカワマチ,長崎県,長崎市,古川町
8500935,ナガサキケン,ナガサキシ,フルコマチ,長崎県,長崎市,古河町
8500026,ナガサキケン,ナガサキシ,フルマチ,長崎県,長崎市,古町
8500972,ナガサキケン,ナガサキシ,フルミチマチ,長崎県,長崎市,古道町
8528131,ナガサキケン,ナガサキシ,ブンキョウマチ,長崎県,長崎市,文教町
8528116,ナガサキケン,ナガサキシ,ヘイワマチ,長崎県,長崎市,平和町
8528002,ナガサキケン,ナガサキシ,ベンテンマチ,長崎県,長崎市,弁天町
8528016,ナガサキケン,ナガサキシ,ホウエイマチ,長崎県,長崎市,宝栄町
8512216,ナガサキケン,ナガサキシ,ホウヨウダイ,長崎県,長崎市,豊洋台
8528063,ナガサキケン,ナガサキシ,ホクエイマチ,長崎県,長崎市,北栄町
8528064,ナガサキケン,ナガサキシ,ホクヨウマチ,長崎県,長崎市,北陽町
8500945,ナガサキケン,ナガサキシ,ホシトリ,長崎県,長崎市,星取
8500012,ナガサキケン,ナガサキシ,ホンゴウチ,長崎県,長崎市,本河内
8510114,ナガサキケン,ナガサキシ,マキシママチ,長崎県,長崎市,牧島町
8511124,ナガサキケン,ナガサキシ,マキノマチ,長崎県,長崎市,牧野町
8500921,ナガサキケン,ナガサキシ,マツガエマチ,長崎県,長崎市,松が枝町
8512205,ナガサキケン,ナガサキシ,マツザキマチ,長崎県,長崎市,松崎町
8510131,ナガサキケン,ナガサキシ,マツバラマチ,長崎県,長崎市,松原町
8528118,ナガサキケン,ナガサキシ,マツヤママチ,長崎県,長崎市,松山町
8528004,ナガサキケン,ナガサキシ,マルオマチ,長崎県,長崎市,丸尾町
8500902,ナガサキケン,ナガサキシ,マルヤママチ,長崎県,長崎市,丸山町
8500033,ナガサキケン,ナガサキシ,マンザイマチ,長崎県,長崎市,万才町
8512203,ナガサキケン,ナガサキシ,ミエダマチ,長崎県,長崎市,三重田町
8512204,ナガサキケン,ナガサキシ,ミエマチ,長崎県,長崎市,三重町
8528121,ナガサキケン,ナガサキシ,ミカワマチ,長崎県,長崎市,三川町
8511121,ナガサキケン,ナガサキシ,ミサキマチ,長崎県,長崎市,見崎町
8500061,ナガサキケン,ナガサキシ,ミズノウラマチ,長崎県,長崎市,水の浦町
8528142,ナガサキケン,ナガサキシ,ミツヤママチ,長崎県,長崎市,三ツ山町
8528033,ナガサキケン,ナガサキシ,ミドリガオカマチ,長崎県,長崎市,緑が丘町
8528103,ナガサキケン,ナガサキシ,ミドリマチ,長崎県,長崎市,緑町
8500079,ナガサキケン,ナガサキシ,ミナトザカ,長崎県,長崎市,みなと坂
8500943,ナガサキケン,ナガサキシ,ミナミガオカマチ,長崎県,長崎市,南が丘町
8500942,ナガサキケン,ナガサキシ,ミナミマチ,長崎県,長崎市,南町
8500931,ナガサキケン,ナガサキシ,ミナミヤマテマチ,長崎県,長崎市,南山手町
8528123,ナガサキケン,ナガサキシ,ミハラ,長崎県,長崎市,三原
8510408,ナガサキケン,ナガサキシ,ミヤザキマチ,長崎県,長崎市,宮崎町
8510243,ナガサキケン,ナガサキシ,ミヤズリマチ,長崎県,長崎市,宮摺町
8528031,ナガサキケン,ナガサキシ,ミヨシマチ,長崎県,長崎市,三芳町
8511136,ナガサキケン,ナガサキシ,ムカエマチ,長崎県,長崎市,向町
8528105,ナガサキケン,ナガサキシ,メザメマチ,長崎県,長崎市,目覚町
8528144,ナガサキケン,ナガサキシ,メノト,長崎県,長崎市,女の都
8510241,ナガサキケン,ナガサキシ,モギマチ,長崎県,長崎市,茂木町
8528112,ナガサキケン,ナガサキシ,モトオマチ,長崎県,長崎市,本尾町
8500901,ナガサキケン,ナガサキシ,モトシックイマチ,長崎県,長崎市,本石灰町
8528133,ナガサキケン,ナガサキシ,モトハラマチ,長崎県,長崎市,本原町
8500035,ナガサキケン,ナガサキシ,モトフナマチ,長崎県,長崎市,元船町
8500913,ナガサキケン,ナガサキシ,モトマチ,長崎県,長崎市,元町
8528104,ナガサキケン,ナガサキシ,モリマチ,長崎県,長崎市,茂里町
8500029,ナガサキケン,ナガサキシ,ヤオヤマチ,長崎県,長崎市,八百屋町
8510133,ナガサキケン,ナガサキシ,ヤガミマチ,長崎県,長崎市,矢上町
8500043,ナガサキケン,ナガサキシ,ヤチヨマチ,長崎県,長崎市,八千代町
8500813,ナガサキケン,ナガサキシ,ヤツオマチ,長崎県,長崎市,八つ尾町
8528013,ナガサキケン,ナガサキシ,ヤナガワマチ,長崎県,長崎市,梁川町
8528046,ナガサキケン,ナガサキシ,ヤナギダニマチ,長崎県,長崎市,柳谷町
8500982,ナガサキケン,ナガサキシ,ヤナギダマチ,長崎県,長崎市,柳田町
8500811,ナガサキケン,ナガサキシ,ヤノヒラ,長崎県,長崎市,矢の平
8500801,ナガサキケン,ナガサキシ,ヤハタマチ,長崎県,長崎市,八幡町
8500823,ナガサキケン,ナガサキシ,ヤヨイマチ,長崎県,長崎市,弥生町
8528065,ナガサキケン,ナガサキシ,ヨコオ,長崎県,長崎市,横尾
8511123,ナガサキケン,ナガサキシ,ヨツエマチ,長崎県,長崎市,四杖町
8500903,ナガサキケン,ナガサキシ,ヨリアイマチ,長崎県,長崎市,寄合町
8500852,ナガサキケン,ナガサキシ,ヨロズヤマチ,長崎県,長崎市,万屋町
8500021,ナガサキケン,ナガサキシ,ロカスマチ,長崎県,長崎市,炉粕町
8528023,ナガサキケン,ナガサキシ,ワカクサマチ,長崎県,長崎市,若草町
8528047,ナガサキケン,ナガサキシ,ワカタケマチ,長崎県,長崎市,若竹町
8528137,ナガサキケン,ナガサキシ,ワカバマチ,長崎県,長崎市,若葉町
8510506,ナガサキケン,ナガサキシ,ワキミサキマチ,長崎県,長崎市,脇岬町
8570000,ナガサキケン,サセボシ,イカニケイサイガナイバアイ,長崎県,佐世保市,以下に掲載がない場合
8570044,ナガサキケン,サセボシ,アイオイチョウ,長崎県,佐世保市,相生町
8580918,ナガサキケン,サセボシ,アイノウラチョウ,長崎県,佐世保市,相浦町
8570013,ナガサキケン,サセボシ,アカギチョウ,長崎県,佐世保市,赤木町
8570064,ナガサキケン,サセボシ,アカサキチョウ,長崎県,佐世保市,赤崎町
8570431,ナガサキケン,サセボシ,アサゴチョウ,長崎県,佐世保市,浅子町
8580917,ナガサキケン,サセボシ,アタゴチョウ,長崎県,佐世保市,愛宕町
8593241,ナガサキケン,サセボシ,アリフクチョウ,長崎県,佐世保市,有福町
8571233,ナガサキケン,サセボシ,イオノウラチョウ,長崎県,佐世保市,庵浦町
8570037,ナガサキケン,サセボシ,イシザカチョウ,長崎県,佐世保市,石坂町
8570057,ナガサキケン,サセボシ,イズミチョウ,長崎県,佐世保市,泉町
8570851,ナガサキケン,サセボシ,イナリチョウ,長崎県,佐世保市,稲荷町
8570061,ナガサキケン,サセボシ,イマブクチョウ,長崎県,佐世保市,今福町
8574813,ナガサキケン,サセボシ,ウクマチイイラ,長崎県,佐世保市,宇久町飯良
8574815,ナガサキケン,サセボシ,ウクマチオオクボ,長崎県,佐世保市,宇久町大久保
8574903,ナガサキケン,サセボシ,ウクマチオオダエ,長崎県,佐世保市,宇久町太田江
8574812,ナガサキケン,サセボシ,ウクマチオバマ,長崎県,佐世保市,宇久町小浜
8574811,ナガサキケン,サセボシ,ウクマチコウノウラ,長崎県,佐世保市,宇久町神浦
8574904,ナガサキケン,サセボシ,ウクマチコバ,長崎県,佐世保市,宇久町木場
8574901,ナガサキケン,サセボシ,ウクマチタイラ,長崎県,佐世保市,宇久町平
8574816,ナガサキケン,サセボシ,ウクマチテラシマ,長崎県,佐世保市,宇久町寺島
8574902,ナガサキケン,サセボシ,ウクマチノガタ,長崎県,佐世保市,宇久町野方
8574814,ナガサキケン,サセボシ,ウクマチモトイイラ,長崎県,佐世保市,宇久町本飯良
8570069,ナガサキケン,サセボシ,ウドゴエチョウ,長崎県,佐世保市,鵜渡越町
8570017,ナガサキケン,サセボシ,ウメダマチ,長崎県,佐世保市,梅田町
8593225,ナガサキケン,サセボシ,ウラガワチチョウ,長崎県,佐世保市,浦川内町
8593202,ナガサキケン,サセボシ,ウワバルチョウ,長崎県,佐世保市,上原町
8570058,ナガサキケン,サセボシ,ウワマチ,長崎県,佐世保市,上町
8593244,ナガサキケン,サセボシ,エガミチョウ,長崎県,佐世保市,江上町
8593165,ナガサキケン,サセボシ,エナガチョウ,長崎県,佐世保市,江永町
8570001,ナガサキケン,サセボシ,エボシチョウ,長崎県,佐世保市,烏帽子町
8596131,ナガサキケン,サセボシ,エムカエチョウアカサカ,長崎県,佐世保市,江迎町赤坂
8596111,ナガサキケン,サセボシ,エムカエチョウイイラザカ,長崎県,佐世保市,江迎町飯良坂
8596133,ナガサキケン,サセボシ,エムカエチョウイノツキ,長崎県,佐世保市,江迎町猪調
8596103,ナガサキケン,サセボシ,エムカエチョウウメタテ,長崎県,佐世保市,江迎町埋立
8596114,ナガサキケン,サセボシ,エムカエチョウエビラオ,長崎県,佐世保市,江迎町箙尾
8596121,ナガサキケン,サセボシ,エムカエチョウオクガワチ,長崎県,佐世保市,江迎町奥川内
8596105,ナガサキケン,サセボシ,エムカエチョウカジノムラ,長崎県,佐世保市,江迎町梶ノ村
8596102,ナガサキケン,サセボシ,エムカエチョウカミガワチ,長崎県,佐世保市,江迎町上川内
8596106,ナガサキケン,サセボシ,エムカエチョウキタダ,長崎県,佐世保市,江迎町北田
8596126,ナガサキケン,サセボシ,エムカエチョウキタヒラ,長崎県,佐世保市,江迎町北平
8596113,ナガサキケン,サセボシ,エムカエチョウクリコシ,長崎県,佐世保市,江迎町栗越
8596123,ナガサキケン,サセボシ,エムカエチョウコガワチ,長崎県,佐世保市,江迎町小川内
8596132,ナガサキケン,サセボシ,エムカエチョウシトノウジ,長崎県,佐世保市,江迎町志戸氏
8596104,ナガサキケン,サセボシ,エムカエチョウスエタチバナ,長崎県,佐世保市,江迎町末橘
8596134,ナガサキケン,サセボシ,エムカエチョウタノモト,長崎県,佐世保市,江迎町田ノ元
8596115,ナガサキケン,サセボシ,エムカエチョウナカオ,長崎県,佐世保市,江迎町中尾
8596101,ナガサキケン,サセボシ,エムカエチョウナガサカ,長崎県,佐世保市,江迎町長坂
8596122,ナガサキケン,サセボシ,エムカエチョウナナカイ,長崎県,佐世保市,江迎町七腕
8596112,ナガサキケン,サセボシ,エムカエチョウネビキ,長崎県,佐世保市,江迎町根引
8596125,ナガサキケン,サセボシ,エムカエチョウミウラ,長崎県,佐世保市,江迎町三浦
8596124,ナガサキケン,サセボシ,エムカエチョウミダレバシ,長崎県,佐世保市,江迎町乱橋
8580926,ナガサキケン,サセボシ,オオガタチョウ,長崎県,佐世保市,大潟町
8571163,ナガサキケン,サセボシ,オオタケダイマチ,長崎県,佐世保市,大岳台町
8570131,ナガサキケン,サセボシ,オオノチョウ,長崎県,佐世保市,大野町
8570841,ナガサキケン,サセボシ,オオミヤチョウ,長崎県,佐世保市,大宮町
8570146,ナガサキケン,サセボシ,オガワチチョウ,長崎県,佐世保市,小川内町
8571171,ナガサキケン,サセボシ,オキシンマチ,長崎県,佐世保市,沖新町
8593233,ナガサキケン,サセボシ,オクヤマチョウ,長崎県,佐世保市,奥山町
8580902,ナガサキケン,サセボシ,オドリイシチョウ,長崎県,佐世保市,踊石町
8570065,ナガサキケン,サセボシ,オノチョウ（１２００−１４９９バンチ）,長崎県,佐世保市,小野町（１２００〜１４９９番地）
8580965,ナガサキケン,サセボシ,オノチョウ（ソノタ）,長崎県,佐世保市,小野町（その他）
8570021,ナガサキケン,サセボシ,オリハシチョウ,長崎県,佐世保市,折橋町
8571162,ナガサキケン,サセボシ,オロシホンマチ,長崎県,佐世保市,卸本町
8570144,ナガサキケン,サセボシ,カイゼチョウ,長崎県,佐世保市,皆瀬町
8580922,ナガサキケン,サセボシ,カシマエチョウ,長崎県,佐世保市,鹿子前町
8570011,ナガサキケン,サセボシ,カスガチョウ,長崎県,佐世保市,春日町
8593216,ナガサキケン,サセボシ,カツウミチョウ,長崎県,佐世保市,勝海町
8570803,ナガサキケン,サセボシ,カツトミチョウ,長崎県,佐世保市,勝富町
8580915,ナガサキケン,サセボシ,カミアイノウラチョウ,長崎県,佐世保市,上相浦町
8570872,ナガサキケン,サセボシ,カミキョウマチ,長崎県,佐世保市,上京町
8570067,ナガサキケン,サセボシ,カミシマチョウ,長崎県,佐世保市,神島町
8580903,ナガサキケン,サセボシ,カミモトヤマチョウ,長崎県,佐世保市,上本山町
8570126,ナガサキケン,サセボシ,カミユノキチョウ,長崎県,佐世保市,上柚木町
8580914,ナガサキケン,サセボシ,カワシモチョウ,長崎県,佐世保市,川下町
8570123,ナガサキケン,サセボシ,カワタニチョウ,長崎県,佐世保市,川谷町
8570801,ナガサキケン,サセボシ,ギオンチョウ,長崎県,佐世保市,祇園町
8571166,ナガサキケン,サセボシ,キカゼチョウ,長崎県,佐世保市,木風町
8580916,ナガサキケン,サセボシ,キノミヤチョウ,長崎県,佐世保市,木宮町
8593166,ナガサキケン,サセボシ,キハラチョウ,長崎県,佐世保市,木原町
8570874,ナガサキケン,サセボシ,キョウノツボチョウ,長崎県,佐世保市,京坪町
8570121,ナガサキケン,サセボシ,クグルギチョウ,長崎県,佐世保市,潜木町
8570104,ナガサキケン,サセボシ,クスノキチョウ,長崎県,佐世保市,楠木町
8593161,ナガサキケン,サセボシ,クチノオチョウ,長崎県,佐世保市,口の尾町
8570025,ナガサキケン,サセボシ,クマノチョウ,長崎県,佐世保市,熊野町
8571152,ナガサキケン,サセボシ,クロカミチョウ,長崎県,佐世保市,黒髪町
8573271,ナガサキケン,サセボシ,クロシマチョウ,長崎県,佐世保市,黒島町
8593157,ナガサキケン,サセボシ,クワコバチョウ,長崎県,佐世保市,桑木場町
8570805,ナガサキケン,サセボシ,コウゲツチョウ,長崎県,佐世保市,光月町
8570802,ナガサキケン,サセボシ,コウテンチョウ,長崎県,佐世保市,高天町
8593164,ナガサキケン,サセボシ,ココンノチョウ,長崎県,佐世保市,心野町
8570403,ナガサキケン,サセボシ,コサザチョウウスノウラ,長崎県,佐世保市,小佐々町臼ノ浦
8570413,ナガサキケン,サセボシ,コサザチョウクスドマリ,長崎県,佐世保市,小佐々町楠泊
8570401,ナガサキケン,サセボシ,コサザチョウクロイシ,長崎県,佐世保市,小佐々町黒石
8570402,ナガサキケン,サセボシ,コサザチョウコサカ,長崎県,佐世保市,小佐々町小坂
8570411,ナガサキケン,サセボシ,コサザチョウタケノコバ,長崎県,佐世保市,小佐々町岳ノ木場
8570404,ナガサキケン,サセボシ,コサザチョウタバル,長崎県,佐世保市,小佐々町田原
8570405,ナガサキケン,サセボシ,コサザチョウツヅラ,長崎県,佐世保市,小佐々町葛籠
8570412,ナガサキケン,サセボシ,コサザチョウニシカワウチ,長崎県,佐世保市,小佐々町西川内
8570406,ナガサキケン,サセボシ,コサザチョウヒラバル,長崎県,佐世保市,小佐々町平原
8570414,ナガサキケン,サセボシ,コサザチョウヤダケ,長崎県,佐世保市,小佐々町矢岳
8570813,ナガサキケン,サセボシ,コサセボチョウ,長崎県,佐世保市,小佐世保町
8570066,ナガサキケン,サセボシ,コジマチョウ,長崎県,佐世保市,小島町
8570041,ナガサキケン,サセボシ,コバタチョウ,長崎県,佐世保市,木場田町
8570114,ナガサキケン,サセボシ,コフネチョウ,長崎県,佐世保市,小舟町
8570106,ナガサキケン,サセボシ,コモダチョウ,長崎県,佐世保市,菰田町
8593214,ナガサキケン,サセボシ,ゴンジョウジ,長崎県,佐世保市,権常寺
8593213,ナガサキケン,サセボシ,ゴンジョウジチョウ,長崎県,佐世保市,権常寺町
8570062,ナガサキケン,サセボシ,コンピラチョウ,長崎県,佐世保市,金比良町
8570054,ナガサキケン,サセボシ,サカエマチ,長崎県,佐世保市,栄町
8593226,ナガサキケン,サセボシ,サキオカチョウ,長崎県,佐世保市,崎岡町
8571176,ナガサキケン,サセボシ,サキベチョウ,長崎県,佐世保市,崎辺町
8570012,ナガサキケン,サセボシ,サクラギチョウ,長崎県,佐世保市,桜木町
8593242,ナガサキケン,サセボシ,サシカタチョウ,長崎県,佐世保市,指方町
8570122,ナガサキケン,サセボシ,サトヨシチョウ,長崎県,佐世保市,里美町
8593211,ナガサキケン,サセボシ,サナエチョウ,長崎県,佐世保市,早苗町
8580925,ナガサキケン,サセボシ,シイノキチョウ,長崎県,佐世保市,椎木町
8570876,ナガサキケン,サセボシ,シオハマチョウ,長崎県,佐世保市,塩浜町
8593154,ナガサキケン,サセボシ,シオヒタシチョウ,長崎県,佐世保市,塩浸町
8570834,ナガサキケン,サセボシ,シオミチョウ,長崎県,佐世保市,潮見町
8596201,ナガサキケン,サセボシ,シカマチチョウオオヤ,長崎県,佐世保市,鹿町町大屋
8596202,ナガサキケン,サセボシ,シカマチチョウカミウタガウラ,長崎県,佐世保市,鹿町町上歌ヶ浦
8596203,ナガサキケン,サセボシ,シカマチチョウクチノサト,長崎県,佐世保市,鹿町町口ノ里
8596144,ナガサキケン,サセボシ,シカマチチョウシカマチ,長崎県,佐世保市,鹿町町鹿町
8596204,ナガサキケン,サセボシ,シカマチチョウシモウタガウラ,長崎県,佐世保市,鹿町町下歌ヶ浦
8596141,ナガサキケン,サセボシ,シカマチチョウシンフカエ,長崎県,佐世保市,鹿町町新深江
8596145,ナガサキケン,サセボシ,シカマチチョウドイノウラ,長崎県,佐世保市,鹿町町土肥ノ浦
8596205,ナガサキケン,サセボシ,シカマチチョウナカノ,長崎県,佐世保市,鹿町町中野
8596206,ナガサキケン,サセボシ,シカマチチョウナグシ,長崎県,佐世保市,鹿町町長串
8596142,ナガサキケン,サセボシ,シカマチチョウフカエ,長崎県,佐世保市,鹿町町深江
8596143,ナガサキケン,サセボシ,シカマチチョウフカエガタ,長崎県,佐世保市,鹿町町深江潟
8596207,ナガサキケン,サセボシ,シカマチチョウフネノムラ,長崎県,佐世保市,鹿町町船ノ村
8593224,ナガサキケン,サセボシ,シゲオチョウ,長崎県,佐世保市,重尾町
8570806,ナガサキケン,サセボシ,シマノセチョウ,長崎県,佐世保市,島瀬町
8570879,ナガサキケン,サセボシ,シマンジチョウ,長崎県,佐世保市,島地町
8570036,ナガサキケン,サセボシ,シミズチョウ,長崎県,佐世保市,清水町
8570113,ナガサキケン,サセボシ,シモウドチョウ,長崎県,佐世保市,下宇戸町
8570875,ナガサキケン,サセボシ,シモキョウマチ,長崎県,佐世保市,下京町
8593156,ナガサキケン,サセボシ,シモノハルチョウ,長崎県,佐世保市,下の原町
8571232,ナガサキケン,サセボシ,シモフナコシチョウ,長崎県,佐世保市,下船越町
8580905,ナガサキケン,サセボシ,シモモトヤマチョウ,長崎県,佐世保市,下本山町
8571173,ナガサキケン,サセボシ,ジュウロウシンマチ,長崎県,佐世保市,十郎新町
8593237,ナガサキケン,サセボシ,ジョウマチョウ,長崎県,佐世保市,城間町
8570821,ナガサキケン,サセボシ,シラキチョウ,長崎県,佐世保市,白木町
8571164,ナガサキケン,サセボシ,シラタケチョウ,長崎県,佐世保市,白岳町
8570105,ナガサキケン,サセボシ,シラニタチョウ,長崎県,佐世保市,白仁田町
8570862,ナガサキケン,サセボシ,シラハエチョウ,長崎県,佐世保市,白南風町
8570033,ナガサキケン,サセボシ,シロヤマチョウ,長崎県,佐世保市,城山町
8593158,ナガサキケン,サセボシ,シンガエチョウ,長崎県,佐世保市,新替町
8593152,ナガサキケン,サセボシ,シンギョウエチョウ,長崎県,佐世保市,新行江町
8580913,ナガサキケン,サセボシ,シンデンチョウ,長崎県,佐世保市,新田町
8593203,ナガサキケン,サセボシ,ジンノウチチョウ,長崎県,佐世保市,陣の内町
8570855,ナガサキケン,サセボシ,シンミナトマチ,長崎県,佐世保市,新港町
8570812,ナガサキケン,サセボシ,スサマチ,長崎県,佐世保市,須佐町
8570831,ナガサキケン,サセボシ,スダオチョウ,長崎県,佐世保市,須田尾町
8580924,ナガサキケン,サセボシ,セイワダイマチ,長崎県,佐世保市,星和台町
8596401,ナガサキケン,サセボシ,セチバルチョウアカコバ,長崎県,佐世保市,世知原町赤木場
8596402,ナガサキケン,サセボシ,セチバルチョウイワヤグチ,長崎県,佐世保市,世知原町岩谷口
8596403,ナガサキケン,サセボシ,セチバルチョウウエノハラ,長崎県,佐世保市,世知原町上野原
8596404,ナガサキケン,サセボシ,セチバルチョウオオタ,長崎県,佐世保市,世知原町太田
8596405,ナガサキケン,サセボシ,セチバルチョウカイサク,長崎県,佐世保市,世知原町開作
8596406,ナガサキケン,サセボシ,セチバルチョウキウラバル,長崎県,佐世保市,世知原町木浦原
8596407,ナガサキケン,サセボシ,セチバルチョウキタガワチ,長崎県,佐世保市,世知原町北川内
8596408,ナガサキケン,サセボシ,セチバルチョウクリムカエ,長崎県,佐世保市,世知原町栗迎
8596411,ナガサキケン,サセボシ,セチバルチョウナガタシロ,長崎県,佐世保市,世知原町長田代
8596409,ナガサキケン,サセボシ,セチバルチョウナカドオリ,長崎県,佐世保市,世知原町中通
8596412,ナガサキケン,サセボシ,セチバルチョウニシノタケ,長崎県,佐世保市,世知原町西ノ岳
8596413,ナガサキケン,サセボシ,セチバルチョウヤナゼ,長崎県,佐世保市,世知原町笥瀬
8596414,ナガサキケン,サセボシ,セチバルチョウヤビツ,長崎県,佐世保市,世知原町矢櫃
8596415,ナガサキケン,サセボシ,セチバルチョウヤリマキ,長崎県,佐世保市,世知原町槍巻
8593231,ナガサキケン,サセボシ,セドウチョウ,長崎県,佐世保市,瀬道町
8570134,ナガサキケン,サセボシ,セトゴエ,長崎県,佐世保市,瀬戸越
8570135,ナガサキケン,サセボシ,セトゴエチョウ,長崎県,佐世保市,瀬戸越町
8570045,ナガサキケン,サセボシ,ソノダマチ,長崎県,佐世保市,園田町
8570843,ナガサキケン,サセボシ,ダイコクチョウ,長崎県,佐世保市,大黒町
8571161,ナガサキケン,サセボシ,ダイトウチョウ,長崎県,佐世保市,大塔町
8570042,ナガサキケン,サセボシ,タカサゴチョウ,長崎県,佐世保市,高砂町
8580931,ナガサキケン,サセボシ,タカシマチョウ,長崎県,佐世保市,高島町
8570811,ナガサキケン,サセボシ,タカナシチョウ,長崎県,佐世保市,高梨町
8570125,ナガサキケン,サセボシ,タカハナチョウ,長崎県,佐世保市,高花町
8580901,ナガサキケン,サセボシ,タケノチョウ,長崎県,佐世保市,岳野町
8580911,ナガサキケン,サセボシ,タケベチョウ,長崎県,佐世保市,竹辺町
8570014,ナガサキケン,サセボシ,タシロチョウ,長崎県,佐世保市,田代町
8570063,ナガサキケン,サセボシ,タテガミチョウ,長崎県,佐世保市,立神町
8580907,ナガサキケン,サセボシ,タナガタチョウ,長崎県,佐世保市,棚方町
8570027,ナガサキケン,サセボシ,タニゴウチョウ,長崎県,佐世保市,谷郷町
8593205,ナガサキケン,サセボシ,タノウラチョウ,長崎県,佐世保市,田の浦町
8570136,ナガサキケン,サセボシ,タバルチョウ,長崎県,佐世保市,田原町
8571235,ナガサキケン,サセボシ,タワラガウラチョウ,長崎県,佐世保市,俵ケ浦町
8570016,ナガサキケン,サセボシ,タワラマチ,長崎県,佐世保市,俵町
8570101,ナガサキケン,サセボシ,チケンジチョウ,長崎県,佐世保市,知見寺町
8570111,ナガサキケン,サセボシ,ツツイチョウ,長崎県,佐世保市,筒井町
8571174,ナガサキケン,サセボシ,テンジン,長崎県,佐世保市,天神
8571175,ナガサキケン,サセボシ,テンジンチョウ,長崎県,佐世保市,天神町
8570043,ナガサキケン,サセボシ,テンマチョウ,長崎県,佐世保市,天満町
8570124,ナガサキケン,サセボシ,トガクラチョウ,長崎県,佐世保市,戸ケ倉町
8570053,ナガサキケン,サセボシ,トキワチョウ,長崎県,佐世保市,常盤町
8570864,ナガサキケン,サセボシ,トノオチョウ,長崎県,佐世保市,戸尾町
8570141,ナガサキケン,サセボシ,トモンノチョウ,長崎県,佐世保市,十文野町
8570046,ナガサキケン,サセボシ,ナガオチョウ,長崎県,佐世保市,長尾町
8580921,ナガサキケン,サセボシ,ナガサカチョウ,長崎県,佐世保市,長坂町
8580904,ナガサキケン,サセボシ,ナカザトチョウ,長崎県,佐世保市,中里町
8570038,ナガサキケン,サセボシ,ナカドオリチョウ,長崎県,佐世保市,中通町
8593234,ナガサキケン,サセボシ,ナガハタチョウ,長崎県,佐世保市,長畑町
8593221,ナガサキケン,サセボシ,ナカハラチョウ,長崎県,佐世保市,中原町
8570023,ナガサキケン,サセボシ,ナキリチョウ,長崎県,佐世保市,名切町
8570048,ナガサキケン,サセボシ,ニシオオクボチョウ,長崎県,佐世保市,西大久保町
8571234,ナガサキケン,サセボシ,ノザキチョウ,長崎県,佐世保市,野崎町
8570142,ナガサキケン,サセボシ,ノナカチョウ,長崎県,佐世保市,野中町
8593215,ナガサキケン,サセボシ,ハイキ,長崎県,佐世保市,早岐
8593243,ナガサキケン,サセボシ,ハウステンボスマチ,長崎県,佐世保市,ハウステンボス町
8593236,ナガサキケン,サセボシ,ハエノサキチョウ,長崎県,佐世保市,南風崎町
8593232,ナガサキケン,サセボシ,ハギサカチョウ,長崎県,佐世保市,萩坂町
8580906,ナガサキケン,サセボシ,ハチノクボチョウ,長崎県,佐世保市,八の久保町
8570028,ナガサキケン,サセボシ,ハチマンチョウ,長崎県,佐世保市,八幡町
8570024,ナガサキケン,サセボシ,ハナゾノチョウ,長崎県,佐世保市,花園町
8593212,ナガサキケン,サセボシ,ハナタカ,長崎県,佐世保市,花高
8570051,ナガサキケン,サセボシ,ハマダマチ,長崎県,佐世保市,浜田町
8593454,ナガサキケン,サセボシ,ハリオキタマチ,長崎県,佐世保市,針尾北町
8593452,ナガサキケン,サセボシ,ハリオナカマチ,長崎県,佐世保市,針尾中町
8593453,ナガサキケン,サセボシ,ハリオニシマチ,長崎県,佐世保市,針尾西町
8593451,ナガサキケン,サセボシ,ハリオヒガシマチ,長崎県,佐世保市,針尾東町
8570103,ナガサキケン,サセボシ,ハルブンチョウ,長崎県,佐世保市,原分町
8571151,ナガサキケン,サセボシ,ヒウチョウ,長崎県,佐世保市,日宇町
8571167,ナガサキケン,サセボシ,ヒウミマチ,長崎県,佐世保市,ひうみ町
8570049,ナガサキケン,サセボシ,ヒガシオオクボチョウ,長崎県,佐世保市,東大久保町
8571172,ナガサキケン,サセボシ,ヒガシハマチョウ,長崎県,佐世保市,東浜町
8570842,ナガサキケン,サセボシ,ヒガシヤマチョウ,長崎県,佐世保市,東山町
8580908,ナガサキケン,サセボシ,ヒカリマチ,長崎県,佐世保市,光町
8570852,ナガサキケン,サセボシ,ヒヅクシマチ,長崎県,佐世保市,干尽町
8580923,ナガサキケン,サセボシ,ヒノチョウ,長崎県,佐世保市,日野町
8570056,ナガサキケン,サセボシ,ヒラセチョウ,長崎県,佐世保市,平瀬町
8570040,ナガサキケン,サセボシ,ヒラマチ,長崎県,佐世保市,比良町
8593201,ナガサキケン,サセボシ,ヒラマツチョウ,長崎県,佐世保市,平松町
8593223,ナガサキケン,サセボシ,ヒロタ,長崎県,佐世保市,広田
8593222,ナガサキケン,サセボシ,ヒロダチョウ,長崎県,佐世保市,広田町
8570854,ナガサキケン,サセボシ,フクイシチョウ,長崎県,佐世保市,福石町
8570035,ナガサキケン,サセボシ,フクダマチ,長崎県,佐世保市,福田町
8570832,ナガサキケン,サセボシ,フジワラチョウ,長崎県,佐世保市,藤原町
8571231,ナガサキケン,サセボシ,フナコシチョウ,長崎県,佐世保市,船越町
8580912,ナガサキケン,サセボシ,ホウガウラチョウ,長崎県,佐世保市,母ケ浦町
8570031,ナガサキケン,サセボシ,ホタテチョウ,長崎県,佐世保市,保立町
8570853,ナガサキケン,サセボシ,マエハタチョウ,長崎県,佐世保市,前畑町
8570145,ナガサキケン,サセボシ,マキノジチョウ,長崎県,佐世保市,牧の地町
8570052,ナガサキケン,サセボシ,マツウラチョウ,長崎県,佐世保市,松浦町
8570804,ナガサキケン,サセボシ,マツカワチョウ,長崎県,佐世保市,松川町
8570102,ナガサキケン,サセボシ,マツセチョウ,長崎県,佐世保市,松瀬町
8570132,ナガサキケン,サセボシ,マツバラチョウ,長崎県,佐世保市,松原町
8570015,ナガサキケン,サセボシ,マツヤマチョウ,長崎県,佐世保市,松山町
8570034,ナガサキケン,サセボシ,マントクチョウ,長崎県,佐世保市,万徳町
8570863,ナガサキケン,サセボシ,ミウラチョウ,長崎県,佐世保市,三浦町
8593153,ナガサキケン,サセボシ,ミカワチシンマチ,長崎県,佐世保市,三川内新町
8593155,ナガサキケン,サセボシ,ミカワチチョウ,長崎県,佐世保市,三川内町
8593151,ナガサキケン,サセボシ,ミカワチホンマチ,長崎県,佐世保市,三川内本町
8570055,ナガサキケン,サセボシ,ミナトマチ,長崎県,佐世保市,湊町
8570861,ナガサキケン,サセボシ,ミネノサカチョウ,長崎県,佐世保市,峰坂町
8570068,ナガサキケン,サセボシ,ミフネチョウ,長崎県,佐世保市,御船町
8570873,ナガサキケン,サセボシ,ミヤザキチョウ,長崎県,佐世保市,宮崎町
8570026,ナガサキケン,サセボシ,ミヤジチョウ,長崎県,佐世保市,宮地町
8570032,ナガサキケン,サセボシ,ミヤダマチ,長崎県,佐世保市,宮田町
8593235,ナガサキケン,サセボシ,ミヤヅチョウ,長崎県,佐世保市,宮津町
8570871,ナガサキケン,サセボシ,モトシマチョウ,長崎県,佐世保市,本島町
8570059,ナガサキケン,サセボシ,モトマチ,長崎県,佐世保市,元町
8571153,ナガサキケン,サセボシ,モミジガオカマチ,長崎県,佐世保市,もみじが丘町
8570047,ナガサキケン,サセボシ,ヤタケチョウ,長崎県,佐世保市,矢岳町
8570878,ナガサキケン,サセボシ,ヤマガタチョウ,長崎県,佐世保市,山県町
8570822,ナガサキケン,サセボシ,ヤマズミチョウ,長崎県,佐世保市,山祇町
8570022,ナガサキケン,サセボシ,ヤマテチョウ,長崎県,佐世保市,山手町
8571165,ナガサキケン,サセボシ,ヤマトチョウ,長崎県,佐世保市,大和町
8570133,ナガサキケン,サセボシ,ヤミネチョウ,長崎県,佐世保市,矢峰町
8570112,ナガサキケン,サセボシ,ユノキチョウ,長崎県,佐世保市,柚木町
8570115,ナガサキケン,サセボシ,ユノキモトマチ,長崎県,佐世保市,柚木元町
8570018,ナガサキケン,サセボシ,ヨコオチョウ,長崎県,佐世保市,横尾町
8593163,ナガサキケン,サセボシ,ヨコテチョウ,長崎県,佐世保市,横手町
8596303,ナガサキケン,サセボシ,ヨシイチョウイタビ,長崎県,佐世保市,吉井町板樋
8596325,ナガサキケン,サセボシ,ヨシイチョウオオワタリ,長崎県,佐世保市,吉井町大渡
8596316,ナガサキケン,サセボシ,ヨシイチョウオツイシオ,長崎県,佐世保市,吉井町乙石尾
8596322,ナガサキケン,サセボシ,ヨシイチョウオドリゼ,長崎県,佐世保市,吉井町踊瀬
8596304,ナガサキケン,サセボシ,ヨシイチョウカジコバ,長崎県,佐世保市,吉井町梶木場
8596313,ナガサキケン,サセボシ,ヨシイチョウカミヨシダ,長崎県,佐世保市,吉井町上吉田
8596315,ナガサキケン,サセボシ,ヨシイチョウシモバル,長崎県,佐世保市,吉井町下原
8596301,ナガサキケン,サセボシ,ヨシイチョウソウノオ,長崎県,佐世保市,吉井町草ノ尾
8596317,ナガサキケン,サセボシ,ヨシイチョウタカミネ,長崎県,佐世保市,吉井町高峰
8596326,ナガサキケン,サセボシ,ヨシイチョウタテイシ,長崎県,佐世保市,吉井町立石
8596314,ナガサキケン,サセボシ,ヨシイチョウタバル,長崎県,佐世保市,吉井町田原
8596305,ナガサキケン,サセボシ,ヨシイチョウナオヤ,長崎県,佐世保市,吉井町直谷
8596311,ナガサキケン,サセボシ,ヨシイチョウハシカワチ,長崎県,佐世保市,吉井町橋川内
8596312,ナガサキケン,サセボシ,ヨシイチョウハシグチ,長崎県,佐世保市,吉井町橋口
8596323,ナガサキケン,サセボシ,ヨシイチョウハルアケ,長崎県,佐世保市,吉井町春明
8596302,ナガサキケン,サセボシ,ヨシイチョウフクイ,長崎県,佐世保市,吉井町福井
8596321,ナガサキケン,サセボシ,ヨシイチョウマエダケ,長崎県,佐世保市,吉井町前岳
8596324,ナガサキケン,サセボシ,ヨシイチョウヨシモト,長崎県,佐世保市,吉井町吉元
8570143,ナガサキケン,サセボシ,ヨシオカチョウ,長崎県,佐世保市,吉岡町
8593162,ナガサキケン,サセボシ,ヨシフクチョウ,長崎県,佐世保市,吉福町
8570877,ナガサキケン,サセボシ,ヨロヅチョウ,長崎県,佐世保市,万津町
8593204,ナガサキケン,サセボシ,ワカタケダイマチ,長崎県,佐世保市,若竹台町
8570833,ナガサキケン,サセボシ,ワカバチョウ,長崎県,佐世保市,若葉町
8550000,ナガサキケン,シマバラシ,イカニケイサイガナイバアイ,長崎県,島原市,以下に掲載がない場合
8550038,ナガサキケン,シマバラシ,シマバラシノツギニバンチガクルバアイ,長崎県,島原市,島原市の次に番地がくる場合
8550855,ナガサキケン,シマバラシ,アオバマチ,長崎県,島原市,青葉町
8550021,ナガサキケン,シマバラシ,アブラボリマチ,長崎県,島原市,油堀町
8550002,ナガサキケン,シマバラシ,アライキリマチ,長崎県,島原市,洗切町
8591412,ナガサキケン,シマバラシ,アリアケチョウオオミサキオツ,長崎県,島原市,有明町大三東乙
8591411,ナガサキケン,シマバラシ,アリアケチョウオオミサキコウ,長崎県,島原市,有明町大三東甲
8591414,ナガサキケン,シマバラシ,アリアケチョウオオミサキテイ,長崎県,島原市,有明町大三東丁
8591413,ナガサキケン,シマバラシ,アリアケチョウオオミサキヘイ,長崎県,島原市,有明町大三東丙
8591415,ナガサキケン,シマバラシ,アリアケチョウオオミサキボ,長崎県,島原市,有明町大三東戊
8591402,ナガサキケン,シマバラシ,アリアケチョウユエオツ,長崎県,島原市,有明町湯江乙
8591401,ナガサキケン,シマバラシ,アリアケチョウユエコウ,長崎県,島原市,有明町湯江甲
8591404,ナガサキケン,シマバラシ,アリアケチョウユエテイ,長崎県,島原市,有明町湯江丁
8591403,ナガサキケン,シマバラシ,アリアケチョウユエヘイ,長崎県,島原市,有明町湯江丙
8550813,ナガサキケン,シマバラシ,アリマフナツマチ,長崎県,島原市,有馬船津町
8550023,ナガサキケン,シマバラシ,イデノカワマチ,長崎県,島原市,出の川町
8550015,ナガサキケン,シマバラシ,イデヒラマチ,長崎県,島原市,出平町
8550046,ナガサキケン,シマバラシ,イマガワマチ,長崎県,島原市,今川町
8550853,ナガサキケン,シマバラシ,ウエノハラ,長崎県,島原市,上の原
8550045,ナガサキケン,シマバラシ,ウエノマチ,長崎県,島原市,上の町
8550071,ナガサキケン,シマバラシ,ウトマチ,長崎県,島原市,宇土町
8550872,ナガサキケン,シマバラシ,ウメゾノマチ,長崎県,島原市,梅園町
8550817,ナガサキケン,シマバラシ,ウラタ,長崎県,島原市,浦田
8550056,ナガサキケン,シマバラシ,ウラノカワ,長崎県,島原市,浦の川
8550067,ナガサキケン,シマバラシ,ウワジンチョウ,長崎県,島原市,上新丁
8550059,ナガサキケン,シマバラシ,エドチョウ,長崎県,島原市,江戸丁
8550816,ナガサキケン,シマバラシ,エビスマチ,長崎県,島原市,蛭子町
8550017,ナガサキケン,シマバラシ,エリマチ,長崎県,島原市,江里町
8550878,ナガサキケン,シマバラシ,オオジモマチ,長崎県,島原市,大下町
8550012,ナガサキケン,シマバラシ,オオテバラマチ,長崎県,島原市,大手原町
8550011,ナガサキケン,シマバラシ,オチョウズマチ,長崎県,島原市,御手水町
8550066,ナガサキケン,シマバラシ,カキノキマチ,長崎県,島原市,柿の木町
8550064,ナガサキケン,シマバラシ,カシワノマチ,長崎県,島原市,柏野町
8550042,ナガサキケン,シマバラシ,カタマチ,長崎県,島原市,片町
8550881,ナガサキケン,シマバラシ,カドウチマチ,長崎県,島原市,門内町
8550874,ナガサキケン,シマバラシ,カマダマチ,長崎県,島原市,鎌田町
8550076,ナガサキケン,シマバラシ,カミオリハシマチ,長崎県,島原市,上折橋町
8550808,ナガサキケン,シマバラシ,カミマチ,長崎県,島原市,加美町
8550004,ナガサキケン,シマバラシ,カメノコウマチ,長崎県,島原市,亀の甲町
8550873,ナガサキケン,シマバラシ,キタアントクマチ,長崎県,島原市,北安徳町
8550886,ナガサキケン,シマバラシ,キタカミコバマチ,長崎県,島原市,北上木場町
8550078,ナガサキケン,シマバラシ,キタセンボンギマチ,長崎県,島原市,北千本木町
8550058,ナガサキケン,シマバラシ,キタバラマチ,長崎県,島原市,北原町
8550032,ナガサキケン,シマバラシ,キタモンマチ,長崎県,島原市,北門町
8550841,ナガサキケン,シマバラシ,クエヤママチ,長崎県,島原市,崩山町
8550026,ナガサキケン,シマバラシ,クレイシバルマチ,長崎県,島原市,礫石原町
8550836,ナガサキケン,シマバラシ,コナンマチ,長崎県,島原市,湖南町
8550856,ナガサキケン,シマバラシ,コヤママチ,長崎県,島原市,小山町
8550832,ナガサキケン,シマバラシ,サカウエマチ,長崎県,島原市,坂上町
8550842,ナガサキケン,シマバラシ,サカエマチ,長崎県,島原市,栄町
8550833,ナガサキケン,シマバラシ,サカシタマチ,長崎県,島原市,坂下町
8550035,ナガサキケン,シマバラシ,サキガケマチ,長崎県,島原市,先魁町
8550809,ナガサキケン,シマバラシ,サクラマチ,長崎県,島原市,桜町
8550051,ナガサキケン,シマバラシ,サクラモンマチ,長崎県,島原市,桜門町
8550006,ナガサキケン,シマバラシ,ジチュウマチ,長崎県,島原市,寺中町
8550055,ナガサキケン,シマバラシ,シタジンチョウ,長崎県,島原市,下新丁
8550052,ナガサキケン,シマバラシ,シタノチョウ,長崎県,島原市,下の丁
8550075,ナガサキケン,シマバラシ,シモオリハシマチ,長崎県,島原市,下折橋町
8550861,ナガサキケン,シマバラシ,シモカワシリマチ,長崎県,島原市,下川尻町
8550014,ナガサキケン,シマバラシ,シモミヤマチ,長崎県,島原市,下宮町
8550053,ナガサキケン,シマバラシ,ジョウセイナカノチョウ,長崎県,島原市,城西中の丁
8550036,ナガサキケン,シマバラシ,ジョウナイ,長崎県,島原市,城内
8550885,ナガサキケン,シマバラシ,シラタニマチ,長崎県,島原市,白谷町
8550807,ナガサキケン,シマバラシ,シラチマチ,長崎県,島原市,白土町
8550811,ナガサキケン,シマバラシ,シラチモモヤマ,長崎県,島原市,白土桃山
8550074,ナガサキケン,シマバラシ,シロミマチ,長崎県,島原市,城見町
8550057,ナガサキケン,シマバラシ,シンダチ,長崎県,島原市,新建
8550043,ナガサキケン,シマバラシ,シンデンマチ,長崎県,島原市,新田町
8550033,ナガサキケン,シマバラシ,シンババマチ,長崎県,島原市,新馬場町
8550803,ナガサキケン,シマバラシ,シンマチ,長崎県,島原市,新町
8550862,ナガサキケン,シマバラシ,シンミナト,長崎県,島原市,新湊
8550843,ナガサキケン,シマバラシ,シンヤマ,長崎県,島原市,新山
8550863,ナガサキケン,シマバラシ,シンワマチ,長崎県,島原市,親和町
8550068,ナガサキケン,シマバラシ,スギヤママチ,長崎県,島原市,杉山町
8550801,ナガサキケン,シマバラシ,タカジマ,長崎県,島原市,高島
8550025,ナガサキケン,シマバラシ,タテノマチ,長崎県,島原市,立野町
8550034,ナガサキケン,シマバラシ,タマチ,長崎県,島原市,田町
8550864,ナガサキケン,シマバラシ,チチブガウラマチ,長崎県,島原市,秩父が浦町
8550007,ナガサキケン,シマバラシ,ツブキマチ,長崎県,島原市,津吹町
8550814,ナガサキケン,シマバラシ,ツマチ,長崎県,島原市,津町
8550852,ナガサキケン,シマバラシ,テラマチ,長崎県,島原市,寺町
8550883,ナガサキケン,シマバラシ,テンジンモトマチ,長崎県,島原市,天神元町
8550875,ナガサキケン,シマバラシ,ナカアントクマチ,長崎県,島原市,中安徳町
8550061,ナガサキケン,シマバラシ,ナカオマチ,長崎県,島原市,中尾町
8550822,ナガサキケン,シマバラシ,ナカグミマチ,長崎県,島原市,中組町
8550001,ナガサキケン,シマバラシ,ナカノマチ,長崎県,島原市,中野町
8550005,ナガサキケン,シマバラシ,ナカバラマチ,長崎県,島原市,中原町
8550806,ナガサキケン,シマバラシ,ナカホリマチ,長崎県,島原市,中堀町
8550044,ナガサキケン,シマバラシ,ナカマチ,長崎県,島原市,中町
8550022,ナガサキケン,シマバラシ,ナガヌキマチ,長崎県,島原市,長貫町
8550018,ナガサキケン,シマバラシ,ニシマチ,長崎県,島原市,西町
8550835,ナガサキケン,シマバラシ,ニシヤハタマチ,長崎県,島原市,西八幡町
8550884,ナガサキケン,シマバラシ,ニタマチ,長崎県,島原市,仁田町
8550854,ナガサキケン,シマバラシ,ハギガオカ,長崎県,島原市,萩が丘
8550851,ナガサキケン,シマバラシ,ハギハラ,長崎県,島原市,萩原
8550824,ナガサキケン,シマバラシ,ハクサンマチ,長崎県,島原市,白山町
8550877,ナガサキケン,シマバラシ,ハマノマチ,長崎県,島原市,浜の町
8550008,ナガサキケン,シマバラシ,ハラグチマチ,長崎県,島原市,原口町
8550063,ナガサキケン,シマバラシ,ハラマチ,長崎県,島原市,原町
8550013,ナガサキケン,シマバラシ,ヒエダマチ,長崎県,島原市,稗田町
8550024,ナガサキケン,シマバラシ,ヒロコウヤマチ,長崎県,島原市,広高野町
8550825,ナガサキケン,シマバラシ,ヒロババマチ,長崎県,島原市,広馬場町
8550882,ナガサキケン,シマバラシ,フダノモトマチ,長崎県,島原市,札の元町
8550865,ナガサキケン,シマバラシ,フナドマリマチ,長崎県,島原市,船泊町
8550054,ナガサキケン,シマバラシ,フルチョウ,長崎県,島原市,古丁
8550879,ナガサキケン,シマバラシ,ヘイセイマチ,長崎県,島原市,平成町
8550802,ナガサキケン,シマバラシ,ベンテンマチ,長崎県,島原市,弁天町
8550805,ナガサキケン,シマバラシ,ホリマチ,長崎県,島原市,堀町
8550073,ナガサキケン,シマバラシ,ホンコウジマチ,長崎県,島原市,本光寺町
8550062,ナガサキケン,シマバラシ,ホンマチ,長崎県,島原市,本町
8550031,ナガサキケン,シマバラシ,マエハママチ,長崎県,島原市,前浜町
8550003,ナガサキケン,シマバラシ,ミエマチ,長崎県,島原市,三会町
8550867,ナガサキケン,シマバラシ,ミドリマチ,長崎県,島原市,緑町
8550821,ナガサキケン,シマバラシ,ミナトシンチマチ,長崎県,島原市,湊新地町
8550823,ナガサキケン,シマバラシ,ミナトマチ,長崎県,島原市,湊町
8550831,ナガサキケン,シマバラシ,ミナトミチ,長崎県,島原市,湊道
8550876,ナガサキケン,シマバラシ,ミナミアントクマチ,長崎県,島原市,南安徳町
8550065,ナガサキケン,シマバラシ,ミナミカシワノマチ,長崎県,島原市,南柏野町
8550887,ナガサキケン,シマバラシ,ミナミカミコバマチ,長崎県,島原市,南上木場町
8550871,ナガサキケン,シマバラシ,ミナミクエヤママチ,長崎県,島原市,南崩山町
8550866,ナガサキケン,シマバラシ,ミナミシモカワシリマチ,長崎県,島原市,南下川尻町
8550077,ナガサキケン,シマバラシ,ミナミセンボンギマチ,長崎県,島原市,南千本木町
8550041,ナガサキケン,シマバラシ,ミヤノマチ,長崎県,島原市,宮の町
8550072,ナガサキケン,シマバラシ,ムツギマチ,長崎県,島原市,六ツ木町
8550815,ナガサキケン,シマバラシ,モトフナツマチ,長崎県,島原市,元船津町
8550834,ナガサキケン,シマバラシ,ヤハタマチ,長崎県,島原市,八幡町
8550016,ナガサキケン,シマバラシ,ヤマデラマチ,長崎県,島原市,山寺町
8550804,ナガサキケン,シマバラシ,ヨロズマチ,長崎県,島原市,万町
8550812,ナガサキケン,シマバラシ,レイナン,長崎県,島原市,霊南
8540000,ナガサキケン,イサハヤシ,イカニケイサイガナイバアイ,長崎県,諫早市,以下に掲載がない場合
8540068,ナガサキケン,イサハヤシ,アオバダイ,長崎県,諫早市,青葉台
8540032,ナガサキケン,イサハヤシ,アカサキマチ,長崎県,諫早市,赤崎町
8540027,ナガサキケン,イサハヤシ,アサヒマチ,長崎県,諫早市,旭町
8590311,ナガサキケン,イサハヤシ,アズキサキマチ,長崎県,諫早市,小豆崎町
8541125,ナガサキケン,イサハヤシ,イイモリチョウイケシモ,長崎県,諫早市,飯盛町池下
8541104,ナガサキケン,イサハヤシ,イイモリチョウウエハラ,長崎県,諫早市,飯盛町上原
8541105,ナガサキケン,イサハヤシ,イイモリチョウウシロダ,長崎県,諫早市,飯盛町後田
8541124,ナガサキケン,イサハヤシ,イイモリチョウカワシモ,長崎県,諫早市,飯盛町川下
8541114,ナガサキケン,イサハヤシ,イイモリチョウクボ,長崎県,諫早市,飯盛町久保
8541121,ナガサキケン,イサハヤシ,イイモリチョウコバ,長崎県,諫早市,飯盛町古場
8541122,ナガサキケン,イサハヤシ,イイモリチョウサダ,長崎県,諫早市,飯盛町佐田
8541123,ナガサキケン,イサハヤシ,イイモリチョウサト,長崎県,諫早市,飯盛町里
8541113,ナガサキケン,イサハヤシ,イイモリチョウシモガマ,長崎県,諫早市,飯盛町下釜
8541103,ナガサキケン,イサハヤシ,イイモリチョウナカヤマ,長崎県,諫早市,飯盛町中山
8541101,ナガサキケン,イサハヤシ,イイモリチョウノナカ,長崎県,諫早市,飯盛町野中
8541112,ナガサキケン,イサハヤシ,イイモリチョウヒラキ,長崎県,諫早市,飯盛町開
8541111,ナガサキケン,イサハヤシ,イイモリチョウヒラコバ,長崎県,諫早市,飯盛町平古場
8541102,ナガサキケン,イサハヤシ,イイモリチョウヤマグチ,長崎県,諫早市,飯盛町山口
8540003,ナガサキケン,イサハヤシ,イズミマチ,長崎県,諫早市,泉町
8540042,ナガサキケン,イサハヤシ,ウエノマチ,長崎県,諫早市,上野町
8540121,ナガサキケン,イサハヤシ,ウキマチ,長崎県,諫早市,有喜町
8540061,ナガサキケン,イサハヤシ,ウヅマチ,長崎県,諫早市,宇都町
8540071,ナガサキケン,イサハヤシ,エイショウヒガシマチ,長崎県,諫早市,永昌東町
8540072,ナガサキケン,イサハヤシ,エイショウマチ,長崎県,諫早市,永昌町
8540081,ナガサキケン,イサハヤシ,エイダマチ,長崎県,諫早市,栄田町
8540087,ナガサキケン,イサハヤシ,オオサコマチ,長崎県,諫早市,大さこ町
8590315,ナガサキケン,イサハヤシ,オオバマチ,長崎県,諫早市,大場町
8540053,ナガサキケン,イサハヤシ,オガワマチ,長崎県,諫早市,小川町
8590314,ナガサキケン,イサハヤシ,オチョウズマチ,長崎県,諫早市,御手水町
8540031,ナガサキケン,イサハヤシ,オノジママチ,長崎県,諫早市,小野島町
8540034,ナガサキケン,イサハヤシ,オノマチ,長崎県,諫早市,小野町
8540062,ナガサキケン,イサハヤシ,オブナコシマチ,長崎県,諫早市,小船越町
8540069,ナガサキケン,イサハヤシ,カイヅガオカ,長崎県,諫早市,貝津ヶ丘
8540063,ナガサキケン,イサハヤシ,カイヅマチ,長崎県,諫早市,貝津町
8540004,ナガサキケン,イサハヤシ,カナヤマチ,長崎県,諫早市,金谷町
8540095,ナガサキケン,イサハヤシ,カミオオワタノマチ,長崎県,諫早市,上大渡野町
8540024,ナガサキケン,イサハヤシ,カミマチ,長崎県,諫早市,上町
8540037,ナガサキケン,イサハヤシ,カワチマチ,長崎県,諫早市,川内町
8540052,ナガサキケン,イサハヤシ,カワトコマチ,長崎県,諫早市,川床町
8540067,ナガサキケン,イサハヤシ,クヤマダイ,長崎県,諫早市,久山台
8540066,ナガサキケン,イサハヤシ,クヤママチ,長崎県,諫早市,久山町
8540055,ナガサキケン,イサハヤシ,クレモマチ,長崎県,諫早市,栗面町
8540033,ナガサキケン,イサハヤシ,クロサキマチ,長崎県,諫早市,黒崎町
8540023,ナガサキケン,イサハヤシ,コウセイマチ,長崎県,諫早市,厚生町
8590303,ナガサキケン,イサハヤシ,コウテンマチ,長崎県,諫早市,高天町
8540054,ナガサキケン,イサハヤシ,コガクラマチ,長崎県,諫早市,小ケ倉町
8590166,ナガサキケン,イサハヤシ,コナガイチョウイザキ,長崎県,諫早市,小長井町井崎
8590151,ナガサキケン,イサハヤシ,コナガイチョウウチコシ,長崎県,諫早市,小長井町打越
8590152,ナガサキケン,イサハヤシ,コナガイチョウオオガラミ,長崎県,諫早市,小長井町大搦
8590153,ナガサキケン,イサハヤシ,コナガイチョウオオミネ,長崎県,諫早市,小長井町大峰
8590165,ナガサキケン,イサハヤシ,コナガイチョウオガワハラウラ,長崎県,諫早市,小長井町小川原浦
8590154,ナガサキケン,イサハヤシ,コナガイチョウコウチ,長崎県,諫早市,小長井町川内
8590161,ナガサキケン,イサハヤシ,コナガイチョウコバ,長崎県,諫早市,小長井町古場
8590162,ナガサキケン,イサハヤシ,コナガイチョウシンタバル,長崎県,諫早市,小長井町新田原
8590163,ナガサキケン,イサハヤシ,コナガイチョウタバル,長崎県,諫早市,小長井町田原
8590167,ナガサキケン,イサハヤシ,コナガイチョウトオダケ,長崎県,諫早市,小長井町遠竹
8590164,ナガサキケン,イサハヤシ,コナガイチョウマキ,長崎県,諫早市,小長井町牧
8540022,ナガサキケン,イサハヤシ,サイワイマチ,長崎県,諫早市,幸町
8540013,ナガサキケン,イサハヤシ,サカエマチ,長崎県,諫早市,栄町
8590305,ナガサキケン,イサハヤシ,サルザキマチ,長崎県,諫早市,猿崎町
8540096,ナガサキケン,イサハヤシ,シモオオワタノマチ,長崎県,諫早市,下大渡野町
8590302,ナガサキケン,イサハヤシ,ショウキュウジマチ,長崎県,諫早市,正久寺町
8540077,ナガサキケン,イサハヤシ,シライワマチ,長崎県,諫早市,白岩町
8590307,ナガサキケン,イサハヤシ,シラキミネマチ,長崎県,諫早市,白木峰町
8590304,ナガサキケン,イサハヤシ,シラハママチ,長崎県,諫早市,白浜町
8590306,ナガサキケン,イサハヤシ,シラハラマチ,長崎県,諫早市,白原町
8540005,ナガサキケン,イサハヤシ,シロミマチ,長崎県,諫早市,城見町
8540045,ナガサキケン,イサハヤシ,シンミチマチ,長崎県,諫早市,新道町
8590121,ナガサキケン,イサハヤシ,タカキチョウイズミ,長崎県,諫早市,高来町泉
8590111,ナガサキケン,イサハヤシ,タカキチョウウワグミ,長崎県,諫早市,高来町上与
8590171,ナガサキケン,イサハヤシ,タカキチョウオエカンタク,長崎県,諫早市,高来町小江干拓
8590101,ナガサキケン,イサハヤシ,タカキチョウオオト,長崎県,諫早市,高来町大戸
8590102,ナガサキケン,イサハヤシ,タカキチョウオリヤマ,長崎県,諫早市,高来町折山
8590146,ナガサキケン,イサハヤシ,タカキチョウカナサキ,長崎県,諫早市,高来町金崎
8590141,ナガサキケン,イサハヤシ,タカキチョウクミズ,長崎県,諫早市,高来町汲水
8590122,ナガサキケン,イサハヤシ,タカキチョウクロサキ,長崎県,諫早市,高来町黒崎
8590142,ナガサキケン,イサハヤシ,タカキチョウクロニタ,長崎県,諫早市,高来町黒新田
8590131,ナガサキケン,イサハヤシ,タカキチョウコウヅクラ,長崎県,諫早市,高来町神津倉
8590103,ナガサキケン,イサハヤシ,タカキチョウコバ,長崎県,諫早市,高来町古場
8590112,ナガサキケン,イサハヤシ,タカキチョウコブナツ,長崎県,諫早市,高来町小船津
8590123,ナガサキケン,イサハヤシ,タカキチョウコミネ,長崎県,諫早市,高来町小峰
8590143,ナガサキケン,イサハヤシ,タカキチョウサカモト,長崎県,諫早市,高来町坂元
8590124,ナガサキケン,イサハヤシ,タカキチョウサト,長崎県,諫早市,高来町里
8590132,ナガサキケン,イサハヤシ,タカキチョウサンブイチ,長崎県,諫早市,高来町三部壱
8590113,ナガサキケン,イサハヤシ,タカキチョウシタグミ,長崎県,諫早市,高来町下与
8590125,ナガサキケン,イサハヤシ,タカキチョウゼンジュウジ,長崎県,諫早市,高来町善住寺
8590104,ナガサキケン,イサハヤシ,タカキチョウタチヤマ,長崎県,諫早市,高来町建山
8590115,ナガサキケン,イサハヤシ,タカキチョウニシノオ,長崎県,諫早市,高来町西尾
8590114,ナガサキケン,イサハヤシ,タカキチョウニシヒラバル,長崎県,諫早市,高来町西平原
8590126,ナガサキケン,イサハヤシ,タカキチョウノリガワ,長崎県,諫早市,高来町法川
8590133,ナガサキケン,イサハヤシ,タカキチョウヒガシヒラバル,長崎県,諫早市,高来町東平原
8590116,ナガサキケン,イサハヤシ,タカキチョウヒラタ,長崎県,諫早市,高来町平田
8590106,ナガサキケン,イサハヤシ,タカキチョウフジト,長崎県,諫早市,高来町冨地戸
8590105,ナガサキケン,イサハヤシ,タカキチョウフナツ,長崎県,諫早市,高来町船津
8590127,ナガサキケン,イサハヤシ,タカキチョウマチミョウ,長崎県,諫早市,高来町町名
8590147,ナガサキケン,イサハヤシ,タカキチョウミズノウラ,長崎県,諫早市,高来町水ノ浦
8590144,ナガサキケン,イサハヤシ,タカキチョウミゾグチ,長崎県,諫早市,高来町溝口
8590117,ナガサキケン,イサハヤシ,タカキチョウミネ,長崎県,諫早市,高来町峰
8590145,ナガサキケン,イサハヤシ,タカキチョウヤマミチ,長崎県,諫早市,高来町山道
8540016,ナガサキケン,イサハヤシ,タカシロマチ,長崎県,諫早市,高城町
8540043,ナガサキケン,イサハヤシ,タテイシマチ,長崎県,諫早市,立石町
8590403,ナガサキケン,イサハヤシ,タラミチョウイチヌノ,長崎県,諫早市,多良見町市布
8590402,ナガサキケン,イサハヤシ,タラミチョウカコイ,長崎県,諫早市,多良見町囲
8590406,ナガサキケン,イサハヤシ,タラミチョウキドコ,長崎県,諫早市,多良見町木床
8590401,ナガサキケン,イサハヤシ,タラミチョウケヤ,長崎県,諫早市,多良見町化屋
8590418,ナガサキケン,イサハヤシ,タラミチョウサセ,長崎県,諫早市,多良見町佐瀬
8590407,ナガサキケン,イサハヤシ,タラミチョウシーサイド,長崎県,諫早市,多良見町シーサイド
8590405,ナガサキケン,イサハヤシ,タラミチョウナカザト,長崎県,諫早市,多良見町中里
8590404,ナガサキケン,イサハヤシ,タラミチョウニシカワウチ,長崎県,諫早市,多良見町西川内
8590412,ナガサキケン,イサハヤシ,タラミチョウニシゾノ,長崎県,諫早市,多良見町西園
8590416,ナガサキケン,イサハヤシ,タラミチョウノガワウチ,長崎県,諫早市,多良見町野川内
8590413,ナガサキケン,イサハヤシ,タラミチョウノゾエ,長崎県,諫早市,多良見町野副
8590411,ナガサキケン,イサハヤシ,タラミチョウヒガシゾノ,長崎県,諫早市,多良見町東園
8590417,ナガサキケン,イサハヤシ,タラミチョウフナツ,長崎県,諫早市,多良見町舟津
8590414,ナガサキケン,イサハヤシ,タラミチョウモトガマ,長崎県,諫早市,多良見町元釜
8590415,ナガサキケン,イサハヤシ,タラミチョウヤマガワウチ,長崎県,諫早市,多良見町山川内
8540038,ナガサキケン,イサハヤシ,チュウオウカンタク,長崎県,諫早市,中央干拓
8540065,ナガサキケン,イサハヤシ,ツクバマチ,長崎県,諫早市,津久葉町
8540083,ナガサキケン,イサハヤシ,ツミズマチ,長崎県,諫早市,津水町
8540122,ナガサキケン,イサハヤシ,ツルタマチ,長崎県,諫早市,鶴田町
8540123,ナガサキケン,イサハヤシ,テンジンマチ,長崎県,諫早市,天神町
8540006,ナガサキケン,イサハヤシ,テンマンマチ,長崎県,諫早市,天満町
8540076,ナガサキケン,イサハヤシ,ドウザキマチ,長崎県,諫早市,堂崎町
8540091,ナガサキケン,イサハヤシ,トミガワマチ,長崎県,諫早市,富川町
8540021,ナガサキケン,イサハヤシ,ナカオキマチ,長崎県,諫早市,仲沖町
8540073,ナガサキケン,イサハヤシ,ナカオマチ,長崎県,諫早市,中尾町
8590313,ナガサキケン,イサハヤシ,ナカダマチ,長崎県,諫早市,中田町
8590301,ナガサキケン,イサハヤシ,ナガタマチ,長崎県,諫早市,長田町
8540124,ナガサキケン,イサハヤシ,ナカドオリマチ,長崎県,諫早市,中通町
8540036,ナガサキケン,イサハヤシ,ナガノマチ,長崎県,諫早市,長野町
8540082,ナガサキケン,イサハヤシ,ニシエイダマチ,長崎県,諫早市,西栄田町
8540015,ナガサキケン,イサハヤシ,ニシコウジマチ,長崎県,諫早市,西小路町
8540044,ナガサキケン,イサハヤシ,ニシゴウマチ,長崎県,諫早市,西郷町
8590312,ナガサキケン,イサハヤシ,ニシザトマチ,長崎県,諫早市,西里町
8540047,ナガサキケン,イサハヤシ,ノナカマチ,長崎県,諫早市,野中町
8540056,ナガサキケン,イサハヤシ,ハジノオマチ,長崎県,諫早市,土師野尾町
8540011,ナガサキケン,イサハヤシ,ハッテンマチ,長崎県,諫早市,八天町
8540125,ナガサキケン,イサハヤシ,ハヤミマチ,長崎県,諫早市,早見町
8540046,ナガサキケン,イサハヤシ,ハラグチマチ,長崎県,諫早市,原口町
8540014,ナガサキケン,イサハヤシ,ヒガシコウジマチ,長崎県,諫早市,東小路町
8540026,ナガサキケン,イサハヤシ,ヒガシホンマチ,長崎県,諫早市,東本町
8540002,ナガサキケン,イサハヤシ,ヒノデマチ,長崎県,諫早市,日の出町
8540057,ナガサキケン,イサハヤシ,ヒラヤママチ,長崎県,諫早市,平山町
8540001,ナガサキケン,イサハヤシ,フクダマチ,長崎県,諫早市,福田町
8540041,ナガサキケン,イサハヤシ,フナコシマチ,長崎県,諫早市,船越町
8540086,ナガサキケン,イサハヤシ,ホリノウチマチ,長崎県,諫早市,堀の内町
8540012,ナガサキケン,イサハヤシ,ホンマチ,長崎県,諫早市,本町
8540094,ナガサキケン,イサハヤシ,ホンミョウマチ,長崎県,諫早市,本明町
8540084,ナガサキケン,イサハヤシ,マサキマチ,長崎県,諫早市,真崎町
8540126,ナガサキケン,イサハヤシ,マツザトマチ,長崎県,諫早市,松里町
8540075,ナガサキケン,イサハヤシ,マワタリマチ,長崎県,諫早市,馬渡町
8540035,ナガサキケン,イサハヤシ,ムナカタマチ,長崎県,諫早市,宗方町
8540007,ナガサキケン,イサハヤシ,メシロマチ,長崎県,諫早市,目代町
8540093,ナガサキケン,イサハヤシ,モトノマチ,長崎県,諫早市,本野町
8540209,ナガサキケン,イサハヤシ,モリヤマチョウカミイムタ,長崎県,諫早市,森山町上井牟田
8540206,ナガサキケン,イサハヤシ,モリヤマチョウカラコキタ,長崎県,諫早市,森山町唐比北
8540208,ナガサキケン,イサハヤシ,モリヤマチョウカラコニシ,長崎県,諫早市,森山町唐比西
8540207,ナガサキケン,イサハヤシ,モリヤマチョウカラコヒガシ,長崎県,諫早市,森山町唐比東
8540202,ナガサキケン,イサハヤシ,モリヤマチョウケイシノ,長崎県,諫早市,森山町慶師野
8540201,ナガサキケン,イサハヤシ,モリヤマチョウシモイムタ,長崎県,諫早市,森山町下井牟田
8540205,ナガサキケン,イサハヤシ,モリヤマチョウスギタニ,長崎県,諫早市,森山町杉谷
8540204,ナガサキケン,イサハヤシ,モリヤマチョウタジリ,長崎県,諫早市,森山町田尻
8540203,ナガサキケン,イサハヤシ,モリヤマチョウホンムラ,長崎県,諫早市,森山町本村
8540025,ナガサキケン,イサハヤシ,ヤサカマチ,長崎県,諫早市,八坂町
8540074,ナガサキケン,イサハヤシ,ヤマカワマチ,長崎県,諫早市,山川町
8540092,ナガサキケン,イサハヤシ,ユノオマチ,長崎県,諫早市,湯野尾町
8540064,ナガサキケン,イサハヤシ,ワカバマチ,長崎県,諫早市,若葉町
8540051,ナガサキケン,イサハヤシ,ワシザキマチ,長崎県,諫早市,鷲崎町
8540085,ナガサキケン,イサハヤシ,ワリゴイマチ,長崎県,諫早市,破籠井町
8560000,ナガサキケン,オオムラシ,イカニケイサイガナイバアイ,長崎県,大村市,以下に掲載がない場合
8560048,ナガサキケン,オオムラシ,アカサコマチ,長崎県,大村市,赤佐古町
8560017,ナガサキケン,オオムラシ,アラセマチ,長崎県,大村市,荒瀬町
8560033,ナガサキケン,オオムラシ,アラヒラマチ,長崎県,大村市,荒平町
8560026,ナガサキケン,オオムラシ,イケダ,長崎県,大村市,池田
8560029,ナガサキケン,オオムラシ,イケダシンマチ,長崎県,大村市,池田新町
8560823,ナガサキケン,オオムラシ,イヌイババマチ,長崎県,大村市,乾馬場町
8560818,ナガサキケン,オオムラシ,イマヅマチ,長崎県,大村市,今津町
8560018,ナガサキケン,オオムラシ,イマトミマチ,長崎県,大村市,今富町
8560843,ナガサキケン,オオムラシ,イマムラマチ,長崎県,大村市,今村町
8560044,ナガサキケン,オオムラシ,イワマツマチ,長崎県,大村市,岩松町
8560027,ナガサキケン,オオムラシ,ウエマツ,長崎県,大村市,植松
8560804,ナガサキケン,オオムラシ,オオカワダマチ,長崎県,大村市,大川田町
8560845,ナガサキケン,オオムラシ,オオザトマチ,長崎県,大村市,大里町
8560043,ナガサキケン,オオムラシ,オガワウチマチ,長崎県,大村市,小川内町
8560809,ナガサキケン,オオムラシ,オキタマチ,長崎県,大村市,沖田町
8560021,ナガサキケン,オオムラシ,オニバシマチ,長崎県,大村市,鬼橋町
8560020,ナガサキケン,オオムラシ,オログチホンマチ,長崎県,大村市,小路口本町
8560025,ナガサキケン,オオムラシ,オログチマチ,長崎県,大村市,小路口町
8560802,ナガサキケン,オオムラシ,カイドウマチ,長崎県,大村市,皆同町
8560841,ナガサキケン,オオムラシ,カゲヒラマチ,長崎県,大村市,陰平町
8560827,ナガサキケン,オオムラシ,カコマチ,長崎県,大村市,水主町
8560833,ナガサキケン,オオムラシ,カタマチ,長崎県,大村市,片町
8560023,ナガサキケン,オオムラシ,カミスワマチ,長崎県,大村市,上諏訪町
8560820,ナガサキケン,オオムラシ,キョウワマチ,長崎県,大村市,協和町
8560828,ナガサキケン,オオムラシ,クイデツ,長崎県,大村市,杭出津
8560007,ナガサキケン,オオムラシ,クサバマチ,長崎県,大村市,草場町
8560834,ナガサキケン,オオムラシ,クシマ,長崎県,大村市,玖島
8560835,ナガサキケン,オオムラシ,クバラ,長崎県,大村市,久原
8560012,ナガサキケン,オオムラシ,クロキマチ,長崎県,大村市,黒木町
8560808,ナガサキケン,オオムラシ,クロマルマチ,長崎県,大村市,黒丸町
8560817,ナガサキケン,オオムラシ,コガシママチ,長崎県,大村市,古賀島町
8560046,ナガサキケン,オオムラシ,コバ,長崎県,大村市,木場
8560836,ナガサキケン,オオムラシ,サイワイマチ,長崎県,大村市,幸町
8560028,ナガサキケン,オオムラシ,サカグチマチ,長崎県,大村市,坂口町
8560812,ナガサキケン,オオムラシ,サクラババ,長崎県,大村市,桜馬場
8560031,ナガサキケン,オオムラシ,サンジョウチョウ,長崎県,大村市,三城町
8560011,ナガサキケン,オオムラシ,シゲイダマチ,長崎県,大村市,重井田町
8560801,ナガサキケン,オオムラシ,スコマチ,長崎県,大村市,寿古町
8560047,ナガサキケン,オオムラシ,スダノキマチ,長崎県,大村市,須田ノ木町
8560024,ナガサキケン,オオムラシ,スワ,長崎県,大村市,諏訪
8560847,ナガサキケン,オオムラシ,セイブマチ,長崎県,大村市,西部町
8560035,ナガサキケン,オオムラシ,タケベマチ,長崎県,大村市,武部町
8560805,ナガサキケン,オオムラシ,タケマツホンマチ,長崎県,大村市,竹松本町
8560803,ナガサキケン,オオムラシ,タケマツマチ,長崎県,大村市,竹松町
8560014,ナガサキケン,オオムラシ,タジモマチ,長崎県,大村市,田下町
8560041,ナガサキケン,オオムラシ,トクセンガワチマチ,長崎県,大村市,徳泉川内町
8560806,ナガサキケン,オオムラシ,トミノハラ,長崎県,大村市,富の原
8560842,ナガサキケン,オオムラシ,ナカザトマチ,長崎県,大村市,中里町
8560013,ナガサキケン,オオムラシ,ナカダケマチ,長崎県,大村市,中岳町
8560821,ナガサキケン,オオムラシ,ニシイヌイババマチ,長崎県,大村市,西乾馬場町
8560813,ナガサキケン,オオムラシ,ニシオオムラホンマチ,長崎県,大村市,西大村本町
8560825,ナガサキケン,オオムラシ,ニシサンジョウチョウ,長崎県,大村市,西三城町
8560837,ナガサキケン,オオムラシ,ニシホンマチ,長崎県,大村市,西本町
8560003,ナガサキケン,オオムラシ,ノダケマチ,長崎県,大村市,野岳町
8560019,ナガサキケン,オオムラシ,ノダマチ,長崎県,大村市,野田町
8560811,ナガサキケン,オオムラシ,ハラグチマチ,長崎県,大村市,原口町
8560016,ナガサキケン,オオムラシ,ハラマチ,長崎県,大村市,原町
8560032,ナガサキケン,オオムラシ,ヒガシオオムラ,長崎県,大村市,東大村
8560826,ナガサキケン,オオムラシ,ヒガシサンジョウチョウ,長崎県,大村市,東三城町
8560002,ナガサキケン,オオムラシ,ヒガシノダケマチ,長崎県,大村市,東野岳町
8560831,ナガサキケン,オオムラシ,ヒガシホンマチ,長崎県,大村市,東本町
8560846,ナガサキケン,オオムラシ,ヒドマルマチ,長崎県,大村市,日泊町
8560042,ナガサキケン,オオムラシ,ヒラマチ,長崎県,大村市,平町
8560006,ナガサキケン,オオムラシ,フクシゲマチ,長崎県,大村市,福重町
8560822,ナガサキケン,オオムラシ,フルマチ,長崎県,大村市,古町
8560832,ナガサキケン,オオムラシ,ホンマチ,長崎県,大村市,本町
8560022,ナガサキケン,オオムラシ,マスラガハラマチ,長崎県,大村市,雄ケ原町
8560814,ナガサキケン,オオムラシ,マツナミ,長崎県,大村市,松並
8560008,ナガサキケン,オオムラシ,マツバラ,長崎県,大村市,松原
8560009,ナガサキケン,オオムラシ,マツバラホンマチ,長崎県,大村市,松原本町
8560829,ナガサキケン,オオムラシ,マツヤママチ,長崎県,大村市,松山町
8560816,ナガサキケン,オオムラシ,ミシママチ,長崎県,大村市,箕島町
8560824,ナガサキケン,オオムラシ,ミズタマチ,長崎県,大村市,水田町
8560034,ナガサキケン,オオムラシ,ミズハカリマチ,長崎県,大村市,水計町
8560844,ナガサキケン,オオムラシ,ミゾロクマチ,長崎県,大村市,溝陸町
8560807,ナガサキケン,オオムラシ,ミヤショウジ,長崎県,大村市,宮小路
8560015,ナガサキケン,オオムラシ,ミヤダイマチ,長崎県,大村市,宮代町
8560005,ナガサキケン,オオムラシ,ミロクジマチ,長崎県,大村市,弥勒寺町
8560045,ナガサキケン,オオムラシ,ムカイコバマチ,長崎県,大村市,向木場町
8560001,ナガサキケン,オオムラシ,ムルロマチ,長崎県,大村市,武留路町
8560815,ナガサキケン,オオムラシ,モリゾノマチ,長崎県,大村市,森園町
8560004,ナガサキケン,オオムラシ,リフクジマチ,長崎県,大村市,立福寺町
8595100,ナガサキケン,ヒラドシ,イカニケイサイガナイバアイ,長崎県,平戸市,以下に掲載がない場合
8595384,ナガサキケン,ヒラドシ,アカマツチョウ,長崎県,平戸市,赤松町
8595122,ナガサキケン,ヒラドシ,アケノカワチチョウ,長崎県,平戸市,明の川内町
8595515,ナガサキケン,ヒラドシ,アユカワチョウ,長崎県,平戸市,鮎川町
8595382,ナガサキケン,ヒラドシ,イイラチョウ,長崎県,平戸市,飯良町
8595701,ナガサキケン,ヒラドシ,イキツキチョウイチブ,長崎県,平戸市,生月町壱部
8595702,ナガサキケン,ヒラドシ,イキツキチョウイチブウラ,長崎県,平戸市,生月町壱部浦
8595703,ナガサキケン,ヒラドシ,イキツキチョウサトメン,長崎県,平戸市,生月町里免
8595705,ナガサキケン,ヒラドシ,イキツキチョウタチウラ,長崎県,平戸市,生月町舘浦
8595707,ナガサキケン,ヒラドシ,イキツキチョウミサキ,長崎県,平戸市,生月町御崎
8595706,ナガサキケン,ヒラドシ,イキツキチョウミナミメン,長崎県,平戸市,生月町南免
8595704,ナガサキケン,ヒラドシ,イキツキチョウヤマダメン,長崎県,平戸市,生月町山田免
8595502,ナガサキケン,ヒラドシ,イトヤチョウ,長崎県,平戸市,猪渡谷町
8595121,ナガサキケン,ヒラドシ,イワノウエチョウ,長崎県,平戸市,岩の上町
8595117,ナガサキケン,ヒラドシ,ウオノタナチョウ,長崎県,平戸市,魚の棚町
8595111,ナガサキケン,ヒラドシ,ウラノチョウ,長崎県,平戸市,浦の町
8595376,ナガサキケン,ヒラドシ,オオイシワキチョウ,長崎県,平戸市,大石脇町
8595383,ナガサキケン,ヒラドシ,オオカワラチョウ,長崎県,平戸市,大川原町
8595102,ナガサキケン,ヒラドシ,オオクボチョウ,長崎県,平戸市,大久保町
8595516,ナガサキケン,ヒラドシ,オオサシチョウ,長崎県,平戸市,大佐志町
8595532,ナガサキケン,ヒラドシ,オオシジキチョウ,長崎県,平戸市,大志々伎町
8595805,ナガサキケン,ヒラドシ,オオシマムラアヅチカワチ,長崎県,平戸市,大島村的山川内
8595806,ナガサキケン,ヒラドシ,オオシマムラアヅチトダ,長崎県,平戸市,大島村的山戸田
8595804,ナガサキケン,ヒラドシ,オオシマムラオオネザカ,長崎県,平戸市,大島村大根坂
8595801,ナガサキケン,ヒラドシ,オオシマムラコウノウラ,長崎県,平戸市,大島村神浦
8595803,ナガサキケン,ヒラドシ,オオシマムラニシウド,長崎県,平戸市,大島村西宇戸
8595802,ナガサキケン,ヒラドシ,オオシマムラマエビラ,長崎県,平戸市,大島村前平
8595123,ナガサキケン,ヒラドシ,オオノチョウ,長崎県,平戸市,大野町
8595131,ナガサキケン,ヒラドシ,オオヤマチョウ,長崎県,平戸市,大山町
8595534,ナガサキケン,ヒラドシ,オダチョウ,長崎県,平戸市,小田町
8595152,ナガサキケン,ヒラドシ,カガミガワチョウ,長崎県,平戸市,鏡川町
8595373,ナガサキケン,ヒラドシ,カスガチョウ,長崎県,平戸市,春日町
8595524,ナガサキケン,ヒラドシ,カミアゲチョウ,長崎県,平戸市,神上町
8595503,ナガサキケン,ヒラドシ,カミナカツラチョウ,長崎県,平戸市,上中津良町
8595132,ナガサキケン,ヒラドシ,カワチチョウ,長崎県,平戸市,川内町
8595362,ナガサキケン,ヒラドシ,キガツチョウ,長崎県,平戸市,木ケ津町
8595113,ナガサキケン,ヒラドシ,キヒキダチョウ,長崎県,平戸市,木引田町
8595363,ナガサキケン,ヒラドシ,クサヅミチョウ,長崎県,平戸市,草積町
8595522,ナガサキケン,ヒラドシ,コウノカワチョウ,長崎県,平戸市,神ノ川町
8595118,ナガサキケン,ヒラドシ,コウヤマチ,長崎県,平戸市,紺屋町
8595365,ナガサキケン,ヒラドシ,コバチョウ,長崎県,平戸市,木場町
8595151,ナガサキケン,ヒラドシ,コヒキチョウ,長崎県,平戸市,木引町
8595104,ナガサキケン,ヒラドシ,サキガタチョウ,長崎県,平戸市,崎方町
8595505,ナガサキケン,ヒラドシ,シキサチョウ,長崎県,平戸市,敷佐町
8595371,ナガサキケン,ヒラドシ,シシチョウ,長崎県,平戸市,獅子町
8595533,ナガサキケン,ヒラドシ,シジキチョウ,長崎県,平戸市,志々伎町
8595511,ナガサキケン,ヒラドシ,シブネチョウ,長崎県,平戸市,神船町
8595504,ナガサキケン,ヒラドシ,シモナカツラチョウ,長崎県,平戸市,下中津良町
8595144,ナガサキケン,ヒラドシ,シモナカノチョウ,長崎県,平戸市,下中野町
8595142,ナガサキケン,ヒラドシ,シュウシチョウ,長崎県,平戸市,主師町
8595116,ナガサキケン,ヒラドシ,ショクニンチョウ,長崎県,平戸市,職人町
8595115,ナガサキケン,ヒラドシ,シンマチ,長崎県,平戸市,新町
8595372,ナガサキケン,ヒラドシ,タカゴエチョウ,長崎県,平戸市,高越町
8595101,ナガサキケン,ヒラドシ,タクシマチョウ,長崎県,平戸市,度島町
8595527,ナガサキケン,ヒラドシ,タシロチョウ,長崎県,平戸市,田代町
8595103,ナガサキケン,ヒラドシ,タスケチョウ,長崎県,平戸市,田助町
8594822,ナガサキケン,ヒラドシ,タビラチョウイッセキメン,長崎県,平戸市,田平町一関免
8594814,ナガサキケン,ヒラドシ,タビラチョウイヨシメン,長崎県,平戸市,田平町以善免
8594821,ナガサキケン,ヒラドシ,タビラチョウオオクボメン,長崎県,平戸市,田平町大久保免
8594823,ナガサキケン,ヒラドシ,タビラチョウオギタメン,長崎県,平戸市,田平町荻田免
8594804,ナガサキケン,ヒラドシ,タビラチョウカミガメメン,長崎県,平戸市,田平町上亀免
8594803,ナガサキケン,ヒラドシ,タビラチョウコザキメン,長崎県,平戸市,田平町小崎免
8594824,ナガサキケン,ヒラドシ,タビラチョウコテダメン,長崎県,平戸市,田平町小手田免
8594807,ナガサキケン,ヒラドシ,タビラチョウサトメン,長崎県,平戸市,田平町里免
8594806,ナガサキケン,ヒラドシ,タビラチョウシモガメメン,長崎県,平戸市,田平町下亀免
8594815,ナガサキケン,ヒラドシ,タビラチョウシモデラメン,長崎県,平戸市,田平町下寺免
8594801,ナガサキケン,ヒラドシ,タビラチョウタケザキメン,長崎県,平戸市,田平町岳崎免
8594812,ナガサキケン,ヒラドシ,タビラチョウタシロメン,長崎県,平戸市,田平町田代免
8594826,ナガサキケン,ヒラドシ,タビラチョウノダメン,長崎県,平戸市,田平町野田免
8594813,ナガサキケン,ヒラドシ,タビラチョウフカツキメン,長崎県,平戸市,田平町深月免
8594802,ナガサキケン,ヒラドシ,タビラチョウフクザキメン,長崎県,平戸市,田平町福崎免
8594811,ナガサキケン,ヒラドシ,タビラチョウフルカジメン,長崎県,平戸市,田平町古梶免
8594805,ナガサキケン,ヒラドシ,タビラチョウモトヤマメン,長崎県,平戸市,田平町本山免
8594825,ナガサキケン,ヒラドシ,タビラチョウヤマウチメン,長崎県,平戸市,田平町山内免
8594827,ナガサキケン,ヒラドシ,タビラチョウヨコシマメン,長崎県,平戸市,田平町横島免
8595114,ナガサキケン,ヒラドシ,ツキジチョウ,長崎県,平戸市,築地町
8595513,ナガサキケン,ヒラドシ,ツジチョウ,長崎県,平戸市,辻町
8595501,ナガサキケン,ヒラドシ,ツツミチョウ,長崎県,平戸市,堤町
8595512,ナガサキケン,ヒラドシ,ツヨシチョウ,長崎県,平戸市,津吉町
8595153,ナガサキケン,ヒラドシ,トイシガワチョウ,長崎県,平戸市,戸石川町
8595133,ナガサキケン,ヒラドシ,ナカノオオクボチョウ,長崎県,平戸市,中野大久保町
8595526,ナガサキケン,ヒラドシ,ニシナカヤマチョウ,長崎県,平戸市,西中山町
8595381,ナガサキケン,ヒラドシ,ネシコチョウ,長崎県,平戸市,根獅子町
8595535,ナガサキケン,ヒラドシ,ノコチョウ,長崎県,平戸市,野子町
8595531,ナガサキケン,ヒラドシ,ハイフクチョウ,長崎県,平戸市,早福町
8595525,ナガサキケン,ヒラドシ,ヒガシナカヤマチョウ,長崎県,平戸市,東中山町
8595361,ナガサキケン,ヒラドシ,ヒモサシチョウ,長崎県,平戸市,紐差町
8595374,ナガサキケン,ヒラドシ,フカガワチョウ,長崎県,平戸市,深川町
8595514,ナガサキケン,ヒラドシ,ブダイジチョウ,長崎県,平戸市,無代寺町
8595521,ナガサキケン,ヒラドシ,フナギチョウ,長崎県,平戸市,船木町
8595145,ナガサキケン,ヒラドシ,フルエチョウ,長崎県,平戸市,古江町
8595375,ナガサキケン,ヒラドシ,ヘゴノハラチョウ,長崎県,平戸市,朶の原町
8595143,ナガサキケン,ヒラドシ,ボウガタチョウ,長崎県,平戸市,坊方町
8595366,ナガサキケン,ヒラドシ,ホウキチョウ,長崎県,平戸市,宝亀町
8595523,ナガサキケン,ヒラドシ,マエツヨシチョウ,長崎県,平戸市,前津吉町
8595134,ナガサキケン,ヒラドシ,ミズタリチョウ,長崎県,平戸市,水垂町
8595112,ナガサキケン,ヒラドシ,ミヤノチョウ,長崎県,平戸市,宮の町
8595364,ナガサキケン,ヒラドシ,ムカエヒモサシチョウ,長崎県,平戸市,迎紐差町
8595141,ナガサキケン,ヒラドシ,ヤマナカチョウ,長崎県,平戸市,山中町
8594500,ナガサキケン,マツウラシ,イカニケイサイガナイバアイ,長崎県,松浦市,以下に掲載がない場合
8594528,ナガサキケン,マツウラシ,イマフクチョウウラメン,長崎県,松浦市,今福町浦免
8594521,ナガサキケン,マツウラシ,イマフクチョウキタメン,長崎県,松浦市,今福町北免
8594524,ナガサキケン,マツウラシ,イマフクチョウコバメン,長崎県,松浦市,今福町木場免
8594526,ナガサキケン,マツウラシ,イマフクチョウサカノメン,長崎県,松浦市,今福町坂野免
8594525,ナガサキケン,マツウラシ,イマフクチョウテラゲメン,長崎県,松浦市,今福町寺上免
8594529,ナガサキケン,マツウラシ,イマフクチョウトビシマメン,長崎県,松浦市,今福町飛島免
8594523,ナガサキケン,マツウラシ,イマフクチョウナベルバエメン,長崎県,松浦市,今福町滑栄免
8594522,ナガサキケン,マツウラシ,イマフクチョウヒガシメン,長崎県,松浦市,今福町東免
8594527,ナガサキケン,マツウラシ,イマフクチョウホトケザカメン,長崎県,松浦市,今福町仏坂免
8594511,ナガサキケン,マツウラシ,シサチョウアカギメン,長崎県,松浦市,志佐町赤木免
8594518,ナガサキケン,マツウラシ,シサチョウイケナリメン,長崎県,松浦市,志佐町池成免
8594501,ナガサキケン,マツウラシ,シサチョウウラメン,長崎県,松浦市,志佐町浦免
8594504,ナガサキケン,マツウラシ,シサチョウカヤノキメン,長崎県,松浦市,志佐町栢木免
8594502,ナガサキケン,マツウラシ,シサチョウサトメン,長崎県,松浦市,志佐町里免
8594507,ナガサキケン,マツウラシ,シサチョウショウノメン,長崎県,松浦市,志佐町庄野免
8594506,ナガサキケン,マツウラシ,シサチョウシラハマメン,長崎県,松浦市,志佐町白浜免
8594503,ナガサキケン,マツウラシ,シサチョウタカノメン,長崎県,松浦市,志佐町高野免
8594513,ナガサキケン,マツウラシ,シサチョウタノヒラメン,長崎県,松浦市,志佐町田ノ平免
8594516,ナガサキケン,マツウラシ,シサチョウナガノメン,長崎県,松浦市,志佐町長野免
8594505,ナガサキケン,マツウラシ,シサチョウニシヤマメン,長崎県,松浦市,志佐町西山免
8594515,ナガサキケン,マツウラシ,シサチョウヒエコバメン,長崎県,松浦市,志佐町稗木場免
8594512,ナガサキケン,マツウラシ,シサチョウフエフキメン,長崎県,松浦市,志佐町笛吹免
8594514,ナガサキケン,マツウラシ,シサチョウユノキガワチメン,長崎県,松浦市,志佐町柚木川内免
8594517,ナガサキケン,マツウラシ,シサチョウヨコベタメン,長崎県,松浦市,志佐町横辺田免
8594301,ナガサキケン,マツウラシ,タカシマチョウアオウウラメン,長崎県,松浦市,鷹島町阿翁浦免
8594302,ナガサキケン,マツウラシ,タカシマチョウアオウメン,長崎県,松浦市,鷹島町阿翁免
8594309,ナガサキケン,マツウラシ,タカシマチョウクロシマメン,長崎県,松浦市,鷹島町黒島免
8594303,ナガサキケン,マツウラシ,タカシマチョウコウザキメン,長崎県,松浦市,鷹島町神崎免
8594304,ナガサキケン,マツウラシ,タカシマチョウサトメン,長崎県,松浦市,鷹島町里免
8594307,ナガサキケン,マツウラシ,タカシマチョウサンリメン,長崎県,松浦市,鷹島町三里免
8594305,ナガサキケン,マツウラシ,タカシマチョウナカドオリメン,長崎県,松浦市,鷹島町中通免
8594306,ナガサキケン,マツウラシ,タカシマチョウハルメン,長崎県,松浦市,鷹島町原免
8594308,ナガサキケン,マツウラシ,タカシマチョウフナトウヅメン,長崎県,松浦市,鷹島町船唐津免
8594533,ナガサキケン,マツウラシ,ツキノカワチョウカミメン,長崎県,松浦市,調川町上免
8594532,ナガサキケン,マツウラシ,ツキノカワチョウナカメン,長崎県,松浦市,調川町中免
8594536,ナガサキケン,マツウラシ,ツキノカワチョウシモメン,長崎県,松浦市,調川町下免
8594534,ナガサキケン,マツウラシ,ツキノカワチョウシライメン,長崎県,松浦市,調川町白井免
8594531,ナガサキケン,マツウラシ,ツキノカワチョウヒラオメン,長崎県,松浦市,調川町平尾免
8594535,ナガサキケン,マツウラシ,ツキノカワチョウマツヤマダメン,長崎県,松浦市,調川町松山田免
8480404,ナガサキケン,マツウラシ,フクシマチョウアサガイメン,長崎県,松浦市,福島町浅谷免
8480401,ナガサキケン,マツウラシ,フクシマチョウキナイセメン,長崎県,松浦市,福島町喜内瀬免
8480408,ナガサキケン,マツウラシ,フクシマチョウサトメン,長崎県,松浦市,福島町里免
8480403,ナガサキケン,マツウラシ,フクシマチョウシオハマメン,長崎県,松浦市,福島町塩浜免
8480405,ナガサキケン,マツウラシ,フクシマチョウドヤメン,長崎県,松浦市,福島町土谷免
8480407,ナガサキケン,マツウラシ,フクシマチョウナベグシメン,長崎県,松浦市,福島町鍋串免
8480402,ナガサキケン,マツウラシ,フクシマチョウハシメン,長崎県,松浦市,福島町端免
8480406,ナガサキケン,マツウラシ,フクシマチョウハルメン,長崎県,松浦市,福島町原免
8594745,ナガサキケン,マツウラシ,ホシカチョウアオシマメン,長崎県,松浦市,星鹿町青島免
8594741,ナガサキケン,マツウラシ,ホシカチョウキタクボメン,長崎県,松浦市,星鹿町北久保免
8594743,ナガサキケン,マツウラシ,ホシカチョウシモダメン,長崎県,松浦市,星鹿町下田免
8594744,ナガサキケン,マツウラシ,ホシカチョウタケザキメン,長崎県,松浦市,星鹿町岳崎免
8594742,ナガサキケン,マツウラシ,ホシカチョウムタメン,長崎県,松浦市,星鹿町牟田免
8594761,ナガサキケン,マツウラシ,ミクリヤチョウアイサカメン,長崎県,松浦市,御厨町相坂免
8594751,ナガサキケン,マツウラシ,ミクリヤチョウイケダメン,長崎県,松浦市,御厨町池田免
8594777,ナガサキケン,マツウラシ,ミクリヤチョウイタバシメン,長崎県,松浦市,御厨町板橋免
8594758,ナガサキケン,マツウラシ,ミクリヤチョウオオサキメン,長崎県,松浦市,御厨町大崎免
8594773,ナガサキケン,マツウラシ,ミクリヤチョウカミノボリキメン,長崎県,松浦市,御厨町上登木免
8594764,ナガサキケン,マツウラシ,ミクリヤチョウカリハラメン,長崎県,松浦市,御厨町狩原免
8594767,ナガサキケン,マツウラシ,ミクリヤチョウカワチメン,長崎県,松浦市,御厨町川内免
8594754,ナガサキケン,マツウラシ,ミクリヤチョウキタビラメン,長崎県,松浦市,御厨町北平免
8594775,ナガサキケン,マツウラシ,ミクリヤチョウコッコウノオメン,長崎県,松浦市,御厨町郭公尾免
8594776,ナガサキケン,マツウラシ,ミクリヤチョウコバメン,長崎県,松浦市,御厨町木場免
8594762,ナガサキケン,マツウラシ,ミクリヤチョウコブネメン,長崎県,松浦市,御厨町小船免
8594765,ナガサキケン,マツウラシ,ミクリヤチョウコメノヤマメン,長崎県,松浦市,御厨町米ノ山免
8594752,ナガサキケン,マツウラシ,ミクリヤチョウサトメン,長崎県,松浦市,御厨町里免
8594771,ナガサキケン,マツウラシ,ミクリヤチョウシモノボリキメン,長崎県,松浦市,御厨町下登木免
8594757,ナガサキケン,マツウラシ,ミクリヤチョウタカノメン,長崎県,松浦市,御厨町高野免
8594778,ナガサキケン,マツウラシ,ミクリヤチョウタシロメン,長崎県,松浦市,御厨町田代免
8594761,ナガサキケン,マツウラシ,ミクリヤチョウタバルメン,長崎県,松浦市,御厨町田原免
8594774,ナガサキケン,マツウラシ,ミクリヤチョウタチキメン,長崎県,松浦市,御厨町立木免
8594772,ナガサキケン,マツウラシ,ミクリヤチョウテラノオメン,長崎県,松浦市,御厨町寺ノ尾免
8594753,ナガサキケン,マツウラシ,ミクリヤチョウナカノメン,長崎県,松浦市,御厨町中野免
8594769,ナガサキケン,マツウラシ,ミクリヤチョウニシコバメン,長崎県,松浦市,御厨町西木場免
8594768,ナガサキケン,マツウラシ,ミクリヤチョウニシダメン,長崎県,松浦市,御厨町西田免
8594766,ナガサキケン,マツウラシ,ミクリヤチョウフジュウメン,長崎県,松浦市,御厨町普住免
8594756,ナガサキケン,マツウラシ,ミクリヤチョウマエダメン,長崎県,松浦市,御厨町前田免
8594763,ナガサキケン,マツウラシ,ミクリヤチョウヤマネメン,長崎県,松浦市,御厨町山根免
8594755,ナガサキケン,マツウラシ,ミクリヤチョウヨコクボメン,長崎県,松浦市,御厨町横久保免
8170000,ナガサキケン,ツシマシ,イカニケイサイガナイバアイ,長崎県,対馬市,以下に掲載がない場合
8170034,ナガサキケン,ツシマシ,イヅハラマチアガミ,長崎県,対馬市,厳原町安神
8170153,ナガサキケン,ツシマシ,イヅハラマチアザモ,長崎県,対馬市,厳原町浅藻
8170241,ナガサキケン,ツシマシ,イヅハラマチアレ,長崎県,対馬市,厳原町阿連
8170021,ナガサキケン,ツシマシ,イヅハラマチイマヤシキ,長崎県,対馬市,厳原町今屋敷
8170157,ナガサキケン,ツシマシ,イヅハラマチウチヤマ,長崎県,対馬市,厳原町内山
8170033,ナガサキケン,ツシマシ,イヅハラマチオウラ,長崎県,対馬市,厳原町尾浦
8170024,ナガサキケン,ツシマシ,イヅハラマチオオテバシ,長崎県,対馬市,厳原町大手橋
8170243,ナガサキケン,ツシマシ,イヅハラマチカシネ,長崎県,対馬市,厳原町樫根
8170006,ナガサキケン,ツシマシ,イヅハラマチキタザト,長崎県,対馬市,厳原町北里
8170032,ナガサキケン,ツシマシ,イヅハラマチクタ,長崎県,対馬市,厳原町久田
8170031,ナガサキケン,ツシマシ,イヅハラマチクタミチ,長崎県,対馬市,厳原町久田道
8170245,ナガサキケン,ツシマシ,イヅハラマチクネイナカ,長崎県,対馬市,厳原町久根田舎
8170244,ナガサキケン,ツシマシ,イヅハラマチクネハマ,長崎県,対馬市,厳原町久根浜
8170035,ナガサキケン,ツシマシ,イヅハラマチクワ,長崎県,対馬市,厳原町久和
8170246,ナガサキケン,ツシマシ,イヅハラマチコウツキ,長崎県,対馬市,厳原町上槻
8170001,ナガサキケン,ツシマシ,イヅハラマチコウラ,長崎県,対馬市,厳原町小浦
8170022,ナガサキケン,ツシマシ,イヅハラマチコクブ,長崎県,対馬市,厳原町国分
8170248,ナガサキケン,ツシマシ,イヅハラマチコモダ,長崎県,対馬市,厳原町小茂田
8170005,ナガサキケン,ツシマシ,イヅハラマチサジキバラ,長崎県,対馬市,厳原町桟原
8170156,ナガサキケン,ツシマシ,イヅハラマチサスセ,長崎県,対馬市,厳原町佐須瀬
8170247,ナガサキケン,ツシマシ,イヅハラマチシイネ,長崎県,対馬市,厳原町椎根
8170242,ナガサキケン,ツシマシ,イヅハラマチシモバル,長崎県,対馬市,厳原町下原
8170023,ナガサキケン,ツシマシ,イヅハラマチタブチ,長崎県,対馬市,厳原町田渕
8170154,ナガサキケン,ツシマシ,イヅハラマチツツ,長崎県,対馬市,厳原町豆酘
8170155,ナガサキケン,ツシマシ,イヅハラマチツツセ,長崎県,対馬市,厳原町豆酘瀬
8170152,ナガサキケン,ツシマシ,イヅハラマチツツナイイン,長崎県,対馬市,厳原町豆酘内院
8170014,ナガサキケン,ツシマシ,イヅハラマチテンドウシゲ,長崎県,対馬市,厳原町天道茂
8170013,ナガサキケン,ツシマシ,イヅハラマチナカムラ,長崎県,対馬市,厳原町中村
8170003,ナガサキケン,ツシマシ,イヅハラマチナムロ,長崎県,対馬市,厳原町南室
8170015,ナガサキケン,ツシマシ,イヅハラマチニシザト,長崎県,対馬市,厳原町西里
8170016,ナガサキケン,ツシマシ,イヅハラマチヒガシザト,長崎県,対馬市,厳原町東里
8170012,ナガサキケン,ツシマシ,イヅハラマチヒヨシ,長崎県,対馬市,厳原町日吉
8170002,ナガサキケン,ツシマシ,イヅハラマチマガリ,長崎県,対馬市,厳原町曲
8170011,ナガサキケン,ツシマシ,イヅハラマチミヤダニ,長崎県,対馬市,厳原町宮谷
8170151,ナガサキケン,ツシマシ,イヅハラマチヨラナイイン,長崎県,対馬市,厳原町与良内院
8171532,ナガサキケン,ツシマシ,カミアガタマチイナ,長崎県,対馬市,上県町伊奈
8171524,ナガサキケン,ツシマシ,カミアガタマチイヌガウラ,長崎県,対馬市,上県町犬ケ浦
8171513,ナガサキケン,ツシマシ,カミアガタマチウナツラ,長崎県,対馬市,上県町女連
8171521,ナガサキケン,ツシマシ,カミアガタマチカイドコロ,長崎県,対馬市,上県町飼所
8171522,ナガサキケン,ツシマシ,カミアガタマチカシタキ,長崎県,対馬市,上県町樫滝
8171512,ナガサキケン,ツシマシ,カミアガタマチクバラ,長崎県,対馬市,上県町久原
8171531,ナガサキケン,ツシマシ,カミアガタマチコシタカ,長崎県,対馬市,上県町越高
8171603,ナガサキケン,ツシマシ,カミアガタマチサゴ,長崎県,対馬市,上県町佐護
8171602,ナガサキケン,ツシマシ,カミアガタマチサスナ,長崎県,対馬市,上県町佐須奈
8171511,ナガサキケン,ツシマシ,カミアガタマチシシミ,長崎県,対馬市,上県町鹿見
8171533,ナガサキケン,ツシマシ,カミアガタマチシタル,長崎県,対馬市,上県町志多留
8171523,ナガサキケン,ツシマシ,カミアガタマチセタ,長崎県,対馬市,上県町瀬田
8171601,ナガサキケン,ツシマシ,カミアガタマチニシツヤ,長崎県,対馬市,上県町西津屋
8171525,ナガサキケン,ツシマシ,カミアガタマチミソ,長崎県,対馬市,上県町御園
8172243,ナガサキケン,ツシマシ,カミツシママチアシミ,長崎県,対馬市,上対馬町芦見
8171704,ナガサキケン,ツシマシ,カミツシママチアジロ,長崎県,対馬市,上対馬町網代
8171725,ナガサキケン,ツシマシ,カミツシママチイズミ,長崎県,対馬市,上対馬町泉
8171722,ナガサキケン,ツシマシ,カミツシママチオオウラ,長崎県,対馬市,上対馬町大浦
8171715,ナガサキケン,ツシマシ,カミツシママチオオマス,長崎県,対馬市,上対馬町大増
8172241,ナガサキケン,ツシマシ,カミツシママチオシカ,長崎県,対馬市,上対馬町小鹿
8171721,ナガサキケン,ツシマシ,カミツシママチカワチ,長崎県,対馬市,上対馬町河内
8172331,ナガサキケン,ツシマシ,カミツシママチキン,長崎県,対馬市,上対馬町琴
8171714,ナガサキケン,ツシマシ,カミツシママチクス,長崎県,対馬市,上対馬町玖須
8172332,ナガサキケン,ツシマシ,カミツシママチゴネオ,長崎県,対馬市,上対馬町五根緒
8172333,ナガサキケン,ツシマシ,カミツシママチシュウシ,長崎県,対馬市,上対馬町舟志
8171712,ナガサキケン,ツシマシ,カミツシママチトウジュウシ,長崎県,対馬市,上対馬町唐舟志
8171711,ナガサキケン,ツシマシ,カミツシママチトミガウラ,長崎県,対馬市,上対馬町冨浦
8171724,ナガサキケン,ツシマシ,カミツシママチトヨ,長崎県,対馬市,上対馬町豊
8171703,ナガサキケン,ツシマシ,カミツシママチニシドマリ,長崎県,対馬市,上対馬町西泊
8171713,ナガサキケン,ツシマシ,カミツシママチハマグス,長崎県,対馬市,上対馬町浜久須
8171701,ナガサキケン,ツシマシ,カミツシママチヒタカツ,長崎県,対馬市,上対馬町比田勝
8172242,ナガサキケン,ツシマシ,カミツシママチヒトエ,長崎県,対馬市,上対馬町一重
8171702,ナガサキケン,ツシマシ,カミツシママチフルサト,長崎県,対馬市,上対馬町古里
8171723,ナガサキケン,ツシマシ,カミツシママチワニウラ,長崎県,対馬市,上対馬町鰐浦
8171231,ナガサキケン,ツシマシ,トヨタママチイトセ,長崎県,対馬市,豊玉町糸瀬
8171253,ナガサキケン,ツシマシ,トヨタママチウムギ,長崎県,対馬市,豊玉町卯麦
8171252,ナガサキケン,ツシマシ,トヨタママチオオツナ,長崎県,対馬市,豊玉町大綱
8171241,ナガサキケン,ツシマシ,トヨタママチカイグチ,長崎県,対馬市,豊玉町貝口
8171233,ナガサキケン,ツシマシ,トヨタママチカイフナ,長崎県,対馬市,豊玉町貝鮒
8171245,ナガサキケン,ツシマシ,トヨタママチカラス,長崎県,対馬市,豊玉町唐洲
8171256,ナガサキケン,ツシマシ,トヨタママチコヅナ,長崎県,対馬市,豊玉町小綱
8171232,ナガサキケン,ツシマシ,トヨタママチサガ,長崎県,対馬市,豊玉町嵯峨
8171234,ナガサキケン,ツシマシ,トヨタママチサシカ,長崎県,対馬市,豊玉町佐志賀
8171254,ナガサキケン,ツシマシ,トヨタママチサホ,長崎県,対馬市,豊玉町佐保
8171255,ナガサキケン,ツシマシ,トヨタママチシタノウラ,長崎県,対馬市,豊玉町志多浦
8171212,ナガサキケン,ツシマシ,トヨタママチソ,長崎県,対馬市,豊玉町曽
8171251,ナガサキケン,ツシマシ,トヨタママチタ,長崎県,対馬市,豊玉町田
8171213,ナガサキケン,ツシマシ,トヨタママチチロモ,長崎県,対馬市,豊玉町千尋藻
8171201,ナガサキケン,ツシマシ,トヨタママチニイ,長崎県,対馬市,豊玉町仁位
8171246,ナガサキケン,ツシマシ,トヨタママチマワリ,長崎県,対馬市,豊玉町廻
8171257,ナガサキケン,ツシマシ,トヨタママチメイ,長崎県,対馬市,豊玉町銘
8171214,ナガサキケン,ツシマシ,トヨタママチヤリカワ,長崎県,対馬市,豊玉町鑓川
8171223,ナガサキケン,ツシマシ,トヨタママチヨコウラ,長崎県,対馬市,豊玉町横浦
8171202,ナガサキケン,ツシマシ,トヨタママチワイタ,長崎県,対馬市,豊玉町和板
8171106,ナガサキケン,ツシマシ,ミツシママチイヌボエ,長崎県,対馬市,美津島町犬吠
8170432,ナガサキケン,ツシマシ,ミツシママチイマザト,長崎県,対馬市,美津島町今里
8170323,ナガサキケン,ツシマシ,ミツシママチオオフナコシ,長崎県,対馬市,美津島町大船越
8170325,ナガサキケン,ツシマシ,ミツシママチオカタ,長崎県,対馬市,美津島町緒方
8170431,ナガサキケン,ツシマシ,ミツシママチオサキ,長崎県,対馬市,美津島町尾崎
8171105,ナガサキケン,ツシマシ,ミツシママチオヤマ,長崎県,対馬市,美津島町大山
8170433,ナガサキケン,ツシマシ,ミツシママチカシ,長崎県,対馬市,美津島町加志
8171107,ナガサキケン,ツシマシ,ミツシママチカモイセ,長崎県,対馬市,美津島町鴨居瀬
8171103,ナガサキケン,ツシマシ,ミツシママチガヤ,長崎県,対馬市,美津島町賀谷
8170324,ナガサキケン,ツシマシ,ミツシママチクスボ,長崎県,対馬市,美津島町久須保
8170512,ナガサキケン,ツシマシ,ミツシママチクロセ,長崎県,対馬市,美津島町黒瀬
8170322,ナガサキケン,ツシマシ,ミツシママチケチ,長崎県,対馬市,美津島町鶏知
8171101,ナガサキケン,ツシマシ,ミツシママチコフナコシ,長崎県,対馬市,美津島町小船越
8170514,ナガサキケン,ツシマシ,ミツシママチシマヤマ,長崎県,対馬市,美津島町島山
8170321,ナガサキケン,ツシマシ,ミツシママチスモ,長崎県,対馬市,美津島町洲藻
8170511,ナガサキケン,ツシマシ,ミツシママチタケシキ,長崎県,対馬市,美津島町竹敷
8170326,ナガサキケン,ツシマシ,ミツシママチネオ,長崎県,対馬市,美津島町根緒
8171104,ナガサキケン,ツシマシ,ミツシママチノブ,長崎県,対馬市,美津島町濃部
8170513,ナガサキケン,ツシマシ,ミツシママチヒルガウラ,長崎県,対馬市,美津島町昼ケ浦
8170434,ナガサキケン,ツシマシ,ミツシママチフクザキ,長崎県,対馬市,美津島町吹崎
8170435,ナガサキケン,ツシマシ,ミツシママチミカタ,長崎県,対馬市,美津島町箕形
8171102,ナガサキケン,ツシマシ,ミツシママチヨシガウラ,長崎県,対馬市,美津島町芦浦
8171304,ナガサキケン,ツシマシ,ミネマチオウミ,長崎県,対馬市,峰町青海
8171307,ナガサキケン,ツシマシ,ミネマチカサ,長崎県,対馬市,峰町賀佐
8171302,ナガサキケン,ツシマシ,ミネマチカリオ,長崎県,対馬市,峰町狩尾
8171303,ナガサキケン,ツシマシ,ミネマチキサカ,長崎県,対馬市,峰町木坂
8171411,ナガサキケン,ツシマシ,ミネマチクシ,長崎県,対馬市,峰町櫛
8171412,ナガサキケン,ツシマシ,ミネマチサカ,長崎県,対馬市,峰町佐賀
8171413,ナガサキケン,ツシマシ,ミネマチシタカ,長崎県,対馬市,峰町志多賀
8171305,ナガサキケン,ツシマシ,ミネマチツヤナギ,長崎県,対馬市,峰町津柳
8171301,ナガサキケン,ツシマシ,ミネマチミネ,長崎県,対馬市,峰町三根
8171306,ナガサキケン,ツシマシ,ミネマチヨシダ,長崎県,対馬市,峰町吉田
8115100,ナガサキケン,イキシ,イカニケイサイガナイバアイ,長崎県,壱岐市,以下に掲載がない場合
8115301,ナガサキケン,イキシ,アシベチョウアシベウラ,長崎県,壱岐市,芦辺町芦辺浦
8115733,ナガサキケン,イキシ,アシベチョウコクブカワムカエフレ,長崎県,壱岐市,芦辺町国分川迎触
8115731,ナガサキケン,イキシ,アシベチョウコクブトウダフレ,長崎県,壱岐市,芦辺町国分当田触
8115732,ナガサキケン,イキシ,アシベチョウコクブヒガシフレ,長崎県,壱岐市,芦辺町国分東触
8115734,ナガサキケン,イキシ,アシベチョウコクブホンムラフレ,長崎県,壱岐市,芦辺町国分本村触
8115744,ナガサキケン,イキシ,アシベチョウスミヨシウシロフレ,長崎県,壱岐市,芦辺町住吉後触
8115742,ナガサキケン,イキシ,アシベチョウスミヨシヒガシフレ,長崎県,壱岐市,芦辺町住吉東触
8115743,ナガサキケン,イキシ,アシベチョウスミヨシマエフレ,長崎県,壱岐市,芦辺町住吉前触
8115741,ナガサキケン,イキシ,アシベチョウスミヨシヤマノブフレ,長崎県,壱岐市,芦辺町住吉山信触
8115461,ナガサキケン,イキシ,アシベチョウセトウラ,長崎県,壱岐市,芦辺町瀬戸浦
8115751,ナガサキケン,イキシ,アシベチョウナカノゴウナカフレ,長崎県,壱岐市,芦辺町中野郷仲触
8115757,ナガサキケン,イキシ,アシベチョウナカノゴウニシフレ,長崎県,壱岐市,芦辺町中野郷西触
8115752,ナガサキケン,イキシ,アシベチョウナカノゴウヒガシフレ,長崎県,壱岐市,芦辺町中野郷東触
8115756,ナガサキケン,イキシ,アシベチョウナカノゴウホンムラフレ,長崎県,壱岐市,芦辺町中野郷本村触
8115467,ナガサキケン,イキシ,アシベチョウハコザキエスミフレ,長崎県,壱岐市,芦辺町箱崎江角触
8115465,ナガサキケン,イキシ,アシベチョウハコザキクギノオフレ,長崎県,壱岐市,芦辺町箱崎釘ノ尾触
8115462,ナガサキケン,イキシ,アシベチョウハコザキタイソウフレ,長崎県,壱岐市,芦辺町箱崎大左右触
8115464,ナガサキケン,イキシ,アシベチョウハコザキタニエフレ,長崎県,壱岐市,芦辺町箱崎谷江触
8115463,ナガサキケン,イキシ,アシベチョウハコザキナカヤマフレ,長崎県,壱岐市,芦辺町箱崎中山触
8115466,ナガサキケン,イキシ,アシベチョウハコザキホンムラフレ,長崎県,壱岐市,芦辺町箱崎本村触
8115468,ナガサキケン,イキシ,アシベチョウハコザキモロツフレ,長崎県,壱岐市,芦辺町箱崎諸津触
8115321,ナガサキケン,イキシ,アシベチョウフカエサカエフレ,長崎県,壱岐市,芦辺町深江栄触
8115322,ナガサキケン,イキシ,アシベチョウフカエツルキフレ,長崎県,壱岐市,芦辺町深江鶴亀触
8115324,ナガサキケン,イキシ,アシベチョウフカエヒガシフレ,長崎県,壱岐市,芦辺町深江東触
8115323,ナガサキケン,イキシ,アシベチョウフカエヒラフレ,長崎県,壱岐市,芦辺町深江平触
8115326,ナガサキケン,イキシ,アシベチョウフカエホンムラフレ,長崎県,壱岐市,芦辺町深江本村触
8115325,ナガサキケン,イキシ,アシベチョウフカエミナミフレ,長崎県,壱岐市,芦辺町深江南触
8115316,ナガサキケン,イキシ,アシベチョウモロヨシオオイシフレ,長崎県,壱岐市,芦辺町諸吉大石触
8115313,ナガサキケン,イキシ,アシベチョウモロヨシナカフレ,長崎県,壱岐市,芦辺町諸吉仲触
8115314,ナガサキケン,イキシ,アシベチョウモロヨシヒガシフレ,長崎県,壱岐市,芦辺町諸吉東触
8115315,ナガサキケン,イキシ,アシベチョウモロヨシフタマタフレ,長崎県,壱岐市,芦辺町諸吉二亦触
8115311,ナガサキケン,イキシ,アシベチョウモロヨシホンムラフレ,長崎県,壱岐市,芦辺町諸吉本村触
8115312,ナガサキケン,イキシ,アシベチョウモロヨシミナミフレ,長崎県,壱岐市,芦辺町諸吉南触
8115755,ナガサキケン,イキシ,アシベチョウユタケコウフレ,長崎県,壱岐市,芦辺町湯岳興触
8115754,ナガサキケン,イキシ,アシベチョウユタケコンザカフレ,長崎県,壱岐市,芦辺町湯岳今坂触
8115753,ナガサキケン,イキシ,アシベチョウユタケホンムラフレ,長崎県,壱岐市,芦辺町湯岳本村触
8115222,ナガサキケン,イキシ,イシダチョウイケダナカフレ,長崎県,壱岐市,石田町池田仲触
8115224,ナガサキケン,イキシ,イシダチョウイケダニシフレ,長崎県,壱岐市,石田町池田西触
8115221,ナガサキケン,イキシ,イシダチョウイケダヒガシフレ,長崎県,壱岐市,石田町池田東触
8115215,ナガサキケン,イキシ,イシダチョウイシダニシフレ,長崎県,壱岐市,石田町石田西触
8115211,ナガサキケン,イキシ,イシダチョウイシダヒガシフレ,長崎県,壱岐市,石田町石田東触
8115214,ナガサキケン,イキシ,イシダチョウインドオジウラ,長崎県,壱岐市,石田町印通寺浦
8115223,ナガサキケン,イキシ,イシダチョウクキフレ,長崎県,壱岐市,石田町久喜触
8115202,ナガサキケン,イキシ,イシダチョウツツキナカフレ,長崎県,壱岐市,石田町筒城仲触
8115204,ナガサキケン,イキシ,イシダチョウツツキニシフレ,長崎県,壱岐市,石田町筒城西触
8115203,ナガサキケン,イキシ,イシダチョウツツキヒガシフレ,長崎県,壱岐市,石田町筒城東触
8115212,ナガサキケン,イキシ,イシダチョウホンムラフレ,長崎県,壱岐市,石田町本村触
8115213,ナガサキケン,イキシ,イシダチョウミナミフレ,長崎県,壱岐市,石田町南触
8115201,ナガサキケン,イキシ,イシダチョウヤマサキフレ,長崎県,壱岐市,石田町山崎触
8115226,ナガサキケン,イキシ,イシダチョウユタケイテヨシフレ,長崎県,壱岐市,石田町湯岳射手吉触
8115225,ナガサキケン,イキシ,イシダチョウユタケコウフレ,長崎県,壱岐市,石田町湯岳興触
8115543,ナガサキケン,イキシ,カツモトチョウウワバフレ,長崎県,壱岐市,勝本町上場触
8115532,ナガサキケン,イキシ,カツモトチョウオオクボフレ,長崎県,壱岐市,勝本町大久保触
8115523,ナガサキケン,イキシ,カツモトチョウカタヤマフレ,長崎県,壱岐市,勝本町片山触
8115501,ナガサキケン,イキシ,カツモトチョウカツモトウラ,長崎県,壱岐市,勝本町勝本浦
8115513,ナガサキケン,イキシ,カツモトチョウキタフレ,長崎県,壱岐市,勝本町北触
8115521,ナガサキケン,イキシ,カツモトチョウサイドフレ,長崎県,壱岐市,勝本町西戸触
8115531,ナガサキケン,イキシ,カツモトチョウサカモトフレ,長崎県,壱岐市,勝本町坂本触
8115533,ナガサキケン,イキシ,カツモトチョウシンジョウニシフレ,長崎県,壱岐市,勝本町新城西触
8115522,ナガサキケン,イキシ,カツモトチョウシンジョウヒガシフレ,長崎県,壱岐市,勝本町新城東触
8115554,ナガサキケン,イキシ,カツモトチョウタテイシナカフレ,長崎県,壱岐市,勝本町立石仲触
8115556,ナガサキケン,イキシ,カツモトチョウタテイシニシフレ,長崎県,壱岐市,勝本町立石西触
8115553,ナガサキケン,イキシ,カツモトチョウタテイシヒガシフレ,長崎県,壱岐市,勝本町立石東触
8115555,ナガサキケン,イキシ,カツモトチョウタテイシミナミフレ,長崎県,壱岐市,勝本町立石南触
8115511,ナガサキケン,イキシ,カツモトチョウナカフレ,長崎県,壱岐市,勝本町仲触
8115512,ナガサキケン,イキシ,カツモトチョウヒガシフレ,長崎県,壱岐市,勝本町東触
8115544,ナガサキケン,イキシ,カツモトチョウフケフレ,長崎県,壱岐市,勝本町布気触
8115546,ナガサキケン,イキシ,カツモトチョウホングウナカフレ,長崎県,壱岐市,勝本町本宮仲触
8115541,ナガサキケン,イキシ,カツモトチョウホングウニシフレ,長崎県,壱岐市,勝本町本宮西触
8115542,ナガサキケン,イキシ,カツモトチョウホングウヒガシフレ,長崎県,壱岐市,勝本町本宮東触
8115545,ナガサキケン,イキシ,カツモトチョウホングウミナミフレ,長崎県,壱岐市,勝本町本宮南触
8115551,ナガサキケン,イキシ,カツモトチョウユノモトウラ,長崎県,壱岐市,勝本町湯本浦
8115552,ナガサキケン,イキシ,カツモトチョウユリハタフレ,長崎県,壱岐市,勝本町百合畑触
8115107,ナガサキケン,イキシ,ゴウノウラチョウアリヤスフレ,長崎県,壱岐市,郷ノ浦町有安触
8115113,ナガサキケン,イキシ,ゴウノウラチョウウシカタフレ,長崎県,壱岐市,郷ノ浦町牛方触
8115112,ナガサキケン,イキシ,ゴウノウラチョウオオウラフレ,長崎県,壱岐市,郷ノ浦町大浦触
8115161,ナガサキケン,イキシ,ゴウノウラチョウオオシマ,長崎県,壱岐市,郷ノ浦町大島
8115136,ナガサキケン,イキシ,ゴウノウラチョウカタバルフレ,長崎県,壱岐市,郷ノ浦町片原触
8115115,ナガサキケン,イキシ,ゴウノウラチョウキダフレ,長崎県,壱岐市,郷ノ浦町木田触
8115123,ナガサキケン,イキシ,ゴウノウラチョウクギヤマフレ,長崎県,壱岐市,郷ノ浦町釘山触
8115135,ナガサキケン,イキシ,ゴウノウラチョウゴウノウラ,長崎県,壱岐市,郷ノ浦町郷ノ浦
8115105,ナガサキケン,イキシ,ゴウノウラチョウコマキニシフレ,長崎県,壱岐市,郷ノ浦町小牧西触
8115106,ナガサキケン,イキシ,ゴウノウラチョウコマキヒガシフレ,長崎県,壱岐市,郷ノ浦町小牧東触
8115104,ナガサキケン,イキシ,ゴウノウラチョウサトフレ,長崎県,壱岐市,郷ノ浦町里触
8115125,ナガサキケン,イキシ,ゴウノウラチョウシハラニシフレ,長崎県,壱岐市,郷ノ浦町志原西触
8115124,ナガサキケン,イキシ,ゴウノウラチョウシハラミナミフレ,長崎県,壱岐市,郷ノ浦町志原南触
8115134,ナガサキケン,イキシ,ゴウノウラチョウショウフレ,長崎県,壱岐市,郷ノ浦町庄触
8115103,ナガサキケン,イキシ,ゴウノウラチョウシンデンフレ,長崎県,壱岐市,郷ノ浦町新田触
8115122,ナガサキケン,イキシ,ゴウノウラチョウタイバルフレ,長崎県,壱岐市,郷ノ浦町大原触
8115117,ナガサキケン,イキシ,ゴウノウラチョウタナカフレ,長崎県,壱岐市,郷ノ浦町田中触
8115142,ナガサキケン,イキシ,ゴウノウラチョウツボフレ,長崎県,壱岐市,郷ノ浦町坪触
8115162,ナガサキケン,イキシ,ゴウノウラチョウナガシマ,長崎県,壱岐市,郷ノ浦町長島
8115131,ナガサキケン,イキシ,ゴウノウラチョウナガタフレ,長崎県,壱岐市,郷ノ浦町永田触
8115102,ナガサキケン,イキシ,ゴウノウラチョウナガミネヒガシフレ,長崎県,壱岐市,郷ノ浦町長峰東触
8115101,ナガサキケン,イキシ,ゴウノウラチョウナガミネホンムラフレ,長崎県,壱岐市,郷ノ浦町長峰本村触
8115143,ナガサキケン,イキシ,ゴウノウラチョウハツヤマニシフレ,長崎県,壱岐市,郷ノ浦町初山西触
8115144,ナガサキケン,イキシ,ゴウノウラチョウハツヤマヒガシフレ,長崎県,壱岐市,郷ノ浦町初山東触
8115163,ナガサキケン,イキシ,ゴウノウラチョウハルシマ,長崎県,壱岐市,郷ノ浦町原島
8115111,ナガサキケン,イキシ,ゴウノウラチョウハンセイホンムラフレ,長崎県,壱岐市,郷ノ浦町半城本村触
8115132,ナガサキケン,イキシ,ゴウノウラチョウヒガシフレ,長崎県,壱岐市,郷ノ浦町東触
8115121,ナガサキケン,イキシ,ゴウノウラチョウヒロウトフレ,長崎県,壱岐市,郷ノ浦町平人触
8115133,ナガサキケン,イキシ,ゴウノウラチョウホンムラフレ,長崎県,壱岐市,郷ノ浦町本村触
8115155,ナガサキケン,イキシ,ゴウノウラチョウムギヤフレ,長崎県,壱岐市,郷ノ浦町麦谷触
8115116,ナガサキケン,イキシ,ゴウノウラチョウモノベホンムラフレ,長崎県,壱岐市,郷ノ浦町物部本村触
8115114,ナガサキケン,イキシ,ゴウノウラチョウヤナギダフレ,長崎県,壱岐市,郷ノ浦町柳田触
8115141,ナガサキケン,イキシ,ゴウノウラチョウワカマツフレ,長崎県,壱岐市,郷ノ浦町若松触
8115151,ナガサキケン,イキシ,ゴウノウラチョウワタラウラ,長崎県,壱岐市,郷ノ浦町渡良浦
8115153,ナガサキケン,イキシ,ゴウノウラチョウワタラニシフレ,長崎県,壱岐市,郷ノ浦町渡良西触
8115154,ナガサキケン,イキシ,ゴウノウラチョウワタラヒガシフレ,長崎県,壱岐市,郷ノ浦町渡良東触
8115152,ナガサキケン,イキシ,ゴウノウラチョウワタラミナミフレ,長崎県,壱岐市,郷ノ浦町渡良南触
8530000,ナガサキケン,ゴトウシ,イカニケイサイガナイバアイ,長崎県,五島市,以下に掲載がない場合
8530062,ナガサキケン,ゴトウシ,アカシマチョウ,長崎県,五島市,赤島町
8530018,ナガサキケン,ゴトウシ,イケダマチ,長崎県,五島市,池田町
8532174,ナガサキケン,ゴトウシ,イノキチョウ,長崎県,五島市,猪之木町
8532481,ナガサキケン,ゴトウシ,イフキチョウ,長崎県,五島市,伊福貴町
8530006,ナガサキケン,ゴトウシ,エガワマチ,長崎県,五島市,江川町
8530061,ナガサキケン,ゴトウシ,オウシマチョウ,長崎県,五島市,黄島町
8530032,ナガサキケン,ゴトウシ,オオアレチョウ,長崎県,五島市,大荒町
8530053,ナガサキケン,ゴトウシ,オクウラチョウ,長崎県,五島市,奥浦町
8530025,ナガサキケン,ゴトウシ,オドマリチョウ,長崎県,五島市,小泊町
8530013,ナガサキケン,ゴトウシ,カミオオヅチョウ,長崎県,五島市,上大津町
8530023,ナガサキケン,ゴトウシ,カミサキヤマチョウ,長崎県,五島市,上崎山町
8530702,ナガサキケン,ゴトウシ,キシクマチカワラ,長崎県,五島市,岐宿町川原
8530701,ナガサキケン,ゴトウシ,キシクマチキシク,長崎県,五島市,岐宿町岐宿
8530703,ナガサキケン,ゴトウシ,キシクマチクスハラ,長崎県,五島市,岐宿町楠原
8530704,ナガサキケン,ゴトウシ,キシクマチコウム,長崎県,五島市,岐宿町河務
8530706,ナガサキケン,ゴトウシ,キシクマチトウセンノウラ,長崎県,五島市,岐宿町唐船ノ浦
8530705,ナガサキケン,ゴトウシ,キシクマチトギノクビ,長崎県,五島市,岐宿町戸岐ノ首
8530312,ナガサキケン,ゴトウシ,キシクマチナカダケ,長崎県,五島市,岐宿町中嶽
8530311,ナガサキケン,ゴトウシ,キシクマチニホングス,長崎県,五島市,岐宿町二本楠
8530313,ナガサキケン,ゴトウシ,キシクマチマツヤマ,長崎県,五島市,岐宿町松山
8530043,ナガサキケン,ゴトウシ,コウダチョウ,長崎県,五島市,高田町
8530033,ナガサキケン,ゴトウシ,コバチョウ,長崎県,五島市,木場町
8530041,ナガサキケン,ゴトウシ,コモリブチチョウ,長崎県,五島市,籠淵町
8530016,ナガサキケン,ゴトウシ,コンヤマチ,長崎県,五島市,紺屋町
8530004,ナガサキケン,ゴトウシ,サイワイマチ,長崎県,五島市,幸町
8530001,ナガサキケン,ゴトウシ,サカエマチ,長崎県,五島市,栄町
8530065,ナガサキケン,ゴトウシ,サカノウエ,長崎県,五島市,坂の上
8530011,ナガサキケン,ゴトウシ,シモオオヅチョウ,長崎県,五島市,下大津町
8530021,ナガサキケン,ゴトウシ,シモサキヤマチョウ,長崎県,五島市,下崎山町
8530063,ナガサキケン,ゴトウシ,シンミナトマチ,長崎県,五島市,新港町
8530005,ナガサキケン,ゴトウシ,スエヒロマチ,長崎県,五島市,末広町
8530066,ナガサキケン,ゴトウシ,ダイエンジチョウ,長崎県,五島市,大円寺町
8532173,ナガサキケン,ゴトウシ,タノウラチョウ,長崎県,五島市,田ノ浦町
8530501,ナガサキケン,ゴトウシ,タマノウラマチアラカワ,長崎県,五島市,玉之浦町荒川
8530502,ナガサキケン,ゴトウシ,タマノウラマチイツクヤマ,長崎県,五島市,玉之浦町幾久山
8530503,ナガサキケン,ゴトウシ,タマノウラマチオガワ,長崎県,五島市,玉之浦町小川
8530506,ナガサキケン,ゴトウシ,タマノウラマチカミノヒラ,長崎県,五島市,玉之浦町上の平
8530413,ナガサキケン,ゴトウシ,タマノウラマチダイホウ,長崎県,五島市,玉之浦町大宝
8530412,ナガサキケン,ゴトウシ,タマノウラマチタチヤ,長崎県,五島市,玉之浦町立谷
8530411,ナガサキケン,ゴトウシ,タマノウラマチタマノウラ,長崎県,五島市,玉之浦町玉之浦
8530504,ナガサキケン,ゴトウシ,タマノウラマチタンナ,長崎県,五島市,玉之浦町丹奈
8530507,ナガサキケン,ゴトウシ,タマノウラマチトントマリ,長崎県,五島市,玉之浦町頓泊
8530505,ナガサキケン,ゴトウシ,タマノウラマチナカス,長崎県,五島市,玉之浦町中須
8530508,ナガサキケン,ゴトウシ,タマノウラマチヌノウラ,長崎県,五島市,玉之浦町布浦
8530002,ナガサキケン,ゴトウシ,チュウオウマチ,長崎県,五島市,中央町
8530044,ナガサキケン,ゴトウシ,ツツミチョウ,長崎県,五島市,堤町
8530054,ナガサキケン,ゴトウシ,トギチョウ,長崎県,五島市,戸岐町
8530205,ナガサキケン,ゴトウシ,トミエマチカリタテ,長崎県,五島市,富江町狩立
8530208,ナガサキケン,ゴトウシ,トミエマチクロシマ,長崎県,五島市,富江町黒島
8530211,ナガサキケン,ゴトウシ,トミエマチクロセ,長崎県,五島市,富江町黒瀬
8530204,ナガサキケン,ゴトウシ,トミエマチシゲジキ,長崎県,五島市,富江町繁敷
8530215,ナガサキケン,ゴトウシ,トミエマチショクニン,長崎県,五島市,富江町職人
8530203,ナガサキケン,ゴトウシ,トミエマチタオ,長崎県,五島市,富江町田尾
8530213,ナガサキケン,ゴトウシ,トミエマチタケ,長崎県,五島市,富江町岳
8530214,ナガサキケン,ゴトウシ,トミエマチツチトリ,長崎県,五島市,富江町土取
8530201,ナガサキケン,ゴトウシ,トミエマチトミエ,長崎県,五島市,富江町富江
8530207,ナガサキケン,ゴトウシ,トミエマチナガミネ,長崎県,五島市,富江町長峰
8530202,ナガサキケン,ゴトウシ,トミエマチマツオ,長崎県,五島市,富江町松尾
8530212,ナガサキケン,ゴトウシ,トミエマチヤマシタ,長崎県,五島市,富江町山下
8530206,ナガサキケン,ゴトウシ,トミエマチヤマテ,長崎県,五島市,富江町山手
8530012,ナガサキケン,ゴトウシ,ナガテチョウ,長崎県,五島市,長手町
8532201,ナガサキケン,ゴトウシ,ナルマチウラ,長崎県,五島市,奈留町浦
8532202,ナガサキケン,ゴトウシ,ナルマチオオクシ,長崎県,五島市,奈留町大串
8532203,ナガサキケン,ゴトウシ,ナルマチトマリ,長崎県,五島市,奈留町泊
8532204,ナガサキケン,ゴトウシ,ナルマチフナマワリ,長崎県,五島市,奈留町船廻
8530003,ナガサキケン,ゴトウシ,ニシキマチ,長崎県,五島市,錦町
8530024,ナガサキケン,ゴトウシ,ノノキレチョウ,長崎県,五島市,野々切町
8530026,ナガサキケン,ゴトウシ,ハマチョウ,長崎県,五島市,浜町
8530015,ナガサキケン,ゴトウシ,ヒガシハママチ,長崎県,五島市,東浜町
8532171,ナガサキケン,ゴトウシ,ヒサカチョウ,長崎県,五島市,久賀町
8530051,ナガサキケン,ゴトウシ,ヒラゾウチョウ,長崎県,五島市,平蔵町
8530007,ナガサキケン,ゴトウシ,フクエチョウ,長崎県,五島市,福江町
8530017,ナガサキケン,ゴトウシ,ブケヤシキ,長崎県,五島市,武家屋敷
8530027,ナガサキケン,ゴトウシ,マスダチョウ,長崎県,五島市,増田町
8530052,ナガサキケン,ゴトウシ,マツヤマチョウ,長崎県,五島市,松山町
8530606,ナガサキケン,ゴトウシ,ミイラクマチウシノウラ,長崎県,五島市,三井楽町丑ノ浦
8530602,ナガサキケン,ゴトウシ,ミイラクマチオオカワ,長崎県,五島市,三井楽町大川
8530604,ナガサキケン,ゴトウシ,ミイラクマチカイツ,長崎県,五島市,三井楽町貝津
8530603,ナガサキケン,ゴトウシ,ミイラクマチカシワ,長崎県,五島市,三井楽町柏
8530611,ナガサキケン,ゴトウシ,ミイラクマチサガノシマ,長崎県,五島市,三井楽町嵯峨島
8530613,ナガサキケン,ゴトウシ,ミイラクマチシオミズ,長崎県,五島市,三井楽町塩水
8530612,ナガサキケン,ゴトウシ,ミイラクマチタカサキ,長崎県,五島市,三井楽町高崎
8530607,ナガサキケン,ゴトウシ,ミイラクマチタケ,長崎県,五島市,三井楽町嶽
8530608,ナガサキケン,ゴトウシ,ミイラクマチハサマ,長崎県,五島市,三井楽町波砂間
8530605,ナガサキケン,ゴトウシ,ミイラクマチハマサコ,長崎県,五島市,三井楽町濱窄
8530601,ナガサキケン,ゴトウシ,ミイラクマチハマノクリ,長崎県,五島市,三井楽町濱ノ畔
8530609,ナガサキケン,ゴトウシ,ミイラクマチフチノモト,長崎県,五島市,三井楽町渕ノ元
8530064,ナガサキケン,ゴトウシ,ミオノ,長崎県,五島市,三尾野
8530014,ナガサキケン,ゴトウシ,ミオノチョウ,長崎県,五島市,三尾野町
8530022,ナガサキケン,ゴトウシ,ムカエチョウ,長崎県,五島市,向町
8532482,ナガサキケン,ゴトウシ,モトガマチョウ,長崎県,五島市,本窯町
8530031,ナガサキケン,ゴトウシ,ヨシクギチョウ,長崎県,五島市,吉久木町
8530042,ナガサキケン,ゴトウシ,ヨシダチョウ,長崎県,五島市,吉田町
8532172,ナガサキケン,ゴトウシ,ワラビチョウ,長崎県,五島市,蕨町
8513500,ナガサキケン,サイカイシ,イカニケイサイガナイバアイ,長崎県,西海市,以下に掲載がない場合
8572427,ナガサキケン,サイカイシ,オオシマチョウノツギニバンチガクルバアイ,長崎県,西海市,大島町の次に番地がくる場合
8572402,ナガサキケン,サイカイシ,オオシマチョウウチウラチク,長崎県,西海市,大島町内浦地区
8572426,ナガサキケン,サイカイシ,オオシマチョウオオジマ,長崎県,西海市,大島町大島
8572422,ナガサキケン,サイカイシ,オオシマチョウオオダオ,長崎県,西海市,大島町太田尾
8572401,ナガサキケン,サイカイシ,オオシマチョウクロセ,長崎県,西海市,大島町黒瀬
8572424,ナガサキケン,サイカイシ,オオシマチョウシオダ,長崎県,西海市,大島町塩田
8572425,ナガサキケン,サイカイシ,オオシマチョウタノウラ,長崎県,西海市,大島町田浦
8572405,ナガサキケン,サイカイシ,オオシマチョウチュウオウチク,長崎県,西海市,大島町中央地区
8572411,ナガサキケン,サイカイシ,オオシマチョウテラシマ,長崎県,西海市,大島町寺島
8572423,ナガサキケン,サイカイシ,オオシマチョウトオノオ,長崎県,西海市,大島町塔尾
8572418,ナガサキケン,サイカイシ,オオシマチョウトクマン,長崎県,西海市,大島町徳万
8572421,ナガサキケン,サイカイシ,オオシマチョウナカト,長崎県,西海市,大島町中戸
8572419,ナガサキケン,サイカイシ,オオシマチョウハマグリ,長崎県,西海市,大島町蛤
8572403,ナガサキケン,サイカイシ,オオシマチョウマゴメ,長崎県,西海市,大島町馬込
8572412,ナガサキケン,サイカイシ,オオシマチョウマサゴ,長崎県,西海市,大島町真砂
8572413,ナガサキケン,サイカイシ,オオシマチョウマゼ,長崎県,西海市,大島町間瀬
8572417,ナガサキケン,サイカイシ,オオシマチョウユリガオカ,長崎県,西海市,大島町百合が丘
8572301,ナガサキケン,サイカイシ,オオセトチョウセトイタノウラゴウ,長崎県,西海市,大瀬戸町瀬戸板浦郷
8572302,ナガサキケン,サイカイシ,オオセトチョウセトカシノウラゴウ,長崎県,西海市,大瀬戸町瀬戸樫浦郷
8572304,ナガサキケン,サイカイシ,オオセトチョウセトシタヤマゴウ,長崎県,西海市,大瀬戸町瀬戸下山郷
8572303,ナガサキケン,サイカイシ,オオセトチョウセトニシハマゴウ,長崎県,西海市,大瀬戸町瀬戸西濱郷
8572305,ナガサキケン,サイカイシ,オオセトチョウセトハデガワゴウ,長崎県,西海市,大瀬戸町瀬戸羽出川郷
8572306,ナガサキケン,サイカイシ,オオセトチョウセトヒガシハマゴウ,長崎県,西海市,大瀬戸町瀬戸東濱郷
8572307,ナガサキケン,サイカイシ,オオセトチョウセトフクシマゴウ,長崎県,西海市,大瀬戸町瀬戸福島郷
8572312,ナガサキケン,サイカイシ,オオセトチョウタイラウチゴウ,長崎県,西海市,大瀬戸町多以良内郷
8572311,ナガサキケン,サイカイシ,オオセトチョウタイラソトゴウ,長崎県,西海市,大瀬戸町多以良外郷
8572531,ナガサキケン,サイカイシ,オオセトチョウマツシマウチゴウ,長崎県,西海市,大瀬戸町松島内郷
8572532,ナガサキケン,サイカイシ,オオセトチョウマツシマソトゴウ,長崎県,西海市,大瀬戸町松島外郷
8572324,ナガサキケン,サイカイシ,オオセトチョウユキノウラオクウラゴウ,長崎県,西海市,大瀬戸町雪浦奥浦郷
8572327,ナガサキケン,サイカイシ,オオセトチョウユキノウラカミゴウ,長崎県,西海市,大瀬戸町雪浦上郷
8572322,ナガサキケン,サイカイシ,オオセトチョウユキノウラキュウラギゴウ,長崎県,西海市,大瀬戸町雪浦久良木郷
8572323,ナガサキケン,サイカイシ,オオセトチョウユキノウラゴウツウゴウ,長崎県,西海市,大瀬戸町雪浦河通郷
8572321,ナガサキケン,サイカイシ,オオセトチョウユキノウラコウブツゴウ,長崎県,西海市,大瀬戸町雪浦幸物郷
8572325,ナガサキケン,サイカイシ,オオセトチョウユキノウラコマツゴウ,長崎県,西海市,大瀬戸町雪浦小松郷
8572326,ナガサキケン,サイカイシ,オオセトチョウユキノウラシモゴウ,長崎県,西海市,大瀬戸町雪浦下郷
8572328,ナガサキケン,サイカイシ,オオセトチョウユキノウラシモノカマゴウ,長崎県,西海市,大瀬戸町雪浦下釜郷
8513507,ナガサキケン,サイカイシ,サイカイチョウアマクボゴウ,長崎県,西海市,西海町天久保郷
8513503,ナガサキケン,サイカイシ,サイカイチョウオオタハラゴウ,長崎県,西海市,西海町太田原郷
8513505,ナガサキケン,サイカイシ,サイカイチョウオオタワゴウ,長崎県,西海市,西海町太田和郷
8513508,ナガサキケン,サイカイシ,サイカイチョウオモダカゴウ,長崎県,西海市,西海町面高郷
8513502,ナガサキケン,サイカイシ,サイカイチョウカワチゴウ,長崎県,西海市,西海町川内郷
8513506,ナガサキケン,サイカイシ,サイカイチョウクロクチゴウ,長崎県,西海市,西海町黒口郷
8513504,ナガサキケン,サイカイシ,サイカイチョウコバゴウ,長崎県,西海市,西海町木場郷
8513501,ナガサキケン,サイカイシ,サイカイチョウタンノウゴウ,長崎県,西海市,西海町丹納郷
8572222,ナガサキケン,サイカイシ,サイカイチョウナカウラキタゴウ,長崎県,西海市,西海町中浦北郷
8572221,ナガサキケン,サイカイシ,サイカイチョウナカウラミナミゴウ,長崎県,西海市,西海町中浦南郷
8572223,ナガサキケン,サイカイシ,サイカイチョウナナツガマゴウ,長崎県,西海市,西海町七釜郷
8513511,ナガサキケン,サイカイシ,サイカイチョウミズノウラゴウ,長崎県,西海市,西海町水浦郷
8513509,ナガサキケン,サイカイシ,サイカイチョウヨコセゴウ,長崎県,西海市,西海町横瀬郷
8573103,ナガサキケン,サイカイシ,サキトチョウエノシマ,長崎県,西海市,崎戸町江島
8573101,ナガサキケン,サイカイシ,サキトチョウカキノウラゴウ,長崎県,西海市,崎戸町蠣浦郷
8573311,ナガサキケン,サイカイシ,サキトチョウヒラシマ,長崎県,西海市,崎戸町平島
8573102,ナガサキケン,サイカイシ,サキトチョウホンゴウ,長崎県,西海市,崎戸町本郷
8513421,ナガサキケン,サイカイシ,セイヒチョウイノウラゴウ,長崎県,西海市,西彼町伊ノ浦郷
8513424,ナガサキケン,サイカイシ,セイヒチョウオオクシゴウ,長崎県,西海市,西彼町大串郷
8513313,ナガサキケン,サイカイシ,セイヒチョウカザハヤゴウ,長崎県,西海市,西彼町風早郷
8513304,ナガサキケン,サイカイシ,セイヒチョウカミダケゴウ,長崎県,西海市,西彼町上岳郷
8513303,ナガサキケン,サイカイシ,セイヒチョウカメウラゴウ,長崎県,西海市,西彼町亀浦郷
8513422,ナガサキケン,サイカイシ,セイヒチョウコムカエゴウ,長崎県,西海市,西彼町小迎郷
8513305,ナガサキケン,サイカイシ,セイヒチョウジキバゴウ,長崎県,西海市,西彼町喰場郷
8513311,ナガサキケン,サイカイシ,セイヒチョウシモタケゴウ,長崎県,西海市,西彼町下岳郷
8513314,ナガサキケン,サイカイシ,セイヒチョウシラニタゴウ,長崎県,西海市,西彼町白似田郷
8513312,ナガサキケン,サイカイシ,セイヒチョウシロサキゴウ,長崎県,西海市,西彼町白崎郷
8513306,ナガサキケン,サイカイシ,セイヒチョウトリカゴウ（カワヤマ）,長崎県,西海市,西彼町鳥加郷（川山）
8513406,ナガサキケン,サイカイシ,セイヒチョウトリカゴウ（ソノタ）,長崎県,西海市,西彼町鳥加郷（その他）
8513302,ナガサキケン,サイカイシ,セイヒチョウナカヤマゴウ,長崎県,西海市,西彼町中山郷
8513315,ナガサキケン,サイカイシ,セイヒチョウヒラバルゴウ,長崎県,西海市,西彼町平原郷
8513425,ナガサキケン,サイカイシ,セイヒチョウヒラヤマゴウ,長崎県,西海市,西彼町平山郷
8513301,ナガサキケン,サイカイシ,セイヒチョウミヤウラゴウ,長崎県,西海市,西彼町宮浦郷
8513423,ナガサキケン,サイカイシ,セイヒチョウヤキハラゴウ,長崎県,西海市,西彼町八木原郷
8540500,ナガサキケン,ウンゼンシ,イカニケイサイガナイバアイ,長崎県,雲仙市,以下に掲載がない場合
8540302,ナガサキケン,ウンゼンシ,アイノマチオツ,長崎県,雲仙市,愛野町乙
8540301,ナガサキケン,ウンゼンシ,アイノマチコウ,長崎県,雲仙市,愛野町甲
8591116,ナガサキケン,ウンゼンシ,アヅマチョウアボミョウ,長崎県,雲仙市,吾妻町阿母名
8591107,ナガサキケン,ウンゼンシ,アヅマチョウウシグチミョウ,長崎県,雲仙市,吾妻町牛口名
8591115,ナガサキケン,ウンゼンシ,アヅマチョウエイチュウミョウ,長崎県,雲仙市,吾妻町永中名
8591106,ナガサキケン,ウンゼンシ,アヅマチョウオオコバミョウ,長崎県,雲仙市,吾妻町大木場名
8591114,ナガサキケン,ウンゼンシ,アヅマチョウカワトコミョウ,長崎県,雲仙市,吾妻町川床名
8591112,ナガサキケン,ウンゼンシ,アヅマチョウクリバヤシミョウ,長崎県,雲仙市,吾妻町栗林名
8591102,ナガサキケン,ウンゼンシ,アヅマチョウコバミョウ,長崎県,雲仙市,吾妻町木場名
8591105,ナガサキケン,ウンゼンシ,アヅマチョウタノヒラミョウ,長崎県,雲仙市,吾妻町田之平名
8591113,ナガサキケン,ウンゼンシ,アヅマチョウヌノエミョウ,長崎県,雲仙市,吾妻町布江名
8591111,ナガサキケン,ウンゼンシ,アヅマチョウババミョウ,長崎県,雲仙市,吾妻町馬場名
8591103,ナガサキケン,ウンゼンシ,アヅマチョウヒラエミョウ,長崎県,雲仙市,吾妻町平江名
8591104,ナガサキケン,ウンゼンシ,アヅマチョウフルシロミョウ,長崎県,雲仙市,吾妻町古城名
8591101,ナガサキケン,ウンゼンシ,アヅマチョウモトムラミョウ,長崎県,雲仙市,吾妻町本村名
8540621,ナガサキケン,ウンゼンシ,オバマチョウウンゼン,長崎県,雲仙市,小浜町雲仙
8540501,ナガサキケン,ウンゼンシ,オバマチョウオオカメ,長崎県,雲仙市,小浜町大亀
8540504,ナガサキケン,ウンゼンシ,オバマチョウカナハマ,長崎県,雲仙市,小浜町金浜
8540512,ナガサキケン,ウンゼンシ,オバマチョウキタキサシ,長崎県,雲仙市,小浜町北木指
8540515,ナガサキケン,ウンゼンシ,オバマチョウキタノ,長崎県,雲仙市,小浜町北野
8540514,ナガサキケン,ウンゼンシ,オバマチョウキタホンマチ,長崎県,雲仙市,小浜町北本町
8540505,ナガサキケン,ウンゼンシ,オバマチョウコバ,長崎県,雲仙市,小浜町木場
8540503,ナガサキケン,ウンゼンシ,オバマチョウトビコ,長崎県,雲仙市,小浜町飛子
8540516,ナガサキケン,ウンゼンシ,オバマチョウトミツ,長崎県,雲仙市,小浜町富津
8540517,ナガサキケン,ウンゼンシ,オバマチョウマリーナ,長崎県,雲仙市,小浜町マリーナ
8540511,ナガサキケン,ウンゼンシ,オバマチョウミナミキサシ,長崎県,雲仙市,小浜町南木指
8540513,ナガサキケン,ウンゼンシ,オバマチョウミナミホンマチ,長崎県,雲仙市,小浜町南本町
8540502,ナガサキケン,ウンゼンシ,オバマチョウヤマハタ,長崎県,雲仙市,小浜町山畑
8591302,ナガサキケン,ウンゼンシ,クニミチョウコウジロオツ,長崎県,雲仙市,国見町神代乙
8591306,ナガサキケン,ウンゼンシ,クニミチョウコウジロキ,長崎県,雲仙市,国見町神代己
8591301,ナガサキケン,ウンゼンシ,クニミチョウコウジロコウ,長崎県,雲仙市,国見町神代甲
8591307,ナガサキケン,ウンゼンシ,クニミチョウコウジロコウ,長崎県,雲仙市,国見町神代庚
8591308,ナガサキケン,ウンゼンシ,クニミチョウコウジロシン,長崎県,雲仙市,国見町神代辛
8591304,ナガサキケン,ウンゼンシ,クニミチョウコウジロテイ,長崎県,雲仙市,国見町神代丁
8591303,ナガサキケン,ウンゼンシ,クニミチョウコウジロヘイ,長崎県,雲仙市,国見町神代丙
8591305,ナガサキケン,ウンゼンシ,クニミチョウコウジロボ,長崎県,雲仙市,国見町神代戊
8591322,ナガサキケン,ウンゼンシ,クニミチョウタイラオツ,長崎県,雲仙市,国見町多比良乙
8591321,ナガサキケン,ウンゼンシ,クニミチョウタイラコウ,長崎県,雲仙市,国見町多比良甲
8591324,ナガサキケン,ウンゼンシ,クニミチョウタイラテイ,長崎県,雲仙市,国見町多比良丁
8591323,ナガサキケン,ウンゼンシ,クニミチョウタイラヘイ,長崎県,雲仙市,国見町多比良丙
8591325,ナガサキケン,ウンゼンシ,クニミチョウタイラボ,長崎県,雲仙市,国見町多比良戊
8591312,ナガサキケン,ウンゼンシ,クニミチョウヒジクロオツ,長崎県,雲仙市,国見町土黒乙
8591316,ナガサキケン,ウンゼンシ,クニミチョウヒジクロキ,長崎県,雲仙市,国見町土黒己
8591311,ナガサキケン,ウンゼンシ,クニミチョウヒジクロコウ,長崎県,雲仙市,国見町土黒甲
8591317,ナガサキケン,ウンゼンシ,クニミチョウヒジクロコウ,長崎県,雲仙市,国見町土黒庚
8591314,ナガサキケン,ウンゼンシ,クニミチョウヒジクロテイ,長崎県,雲仙市,国見町土黒丁
8591313,ナガサキケン,ウンゼンシ,クニミチョウヒジクロヘイ,長崎県,雲仙市,国見町土黒丙
8591315,ナガサキケン,ウンゼンシ,クニミチョウヒジクロボ,長崎県,雲仙市,国見町土黒戊
8540402,ナガサキケン,ウンゼンシ,チヂワチョウオツ,長崎県,雲仙市,千々石町乙
8540406,ナガサキケン,ウンゼンシ,チヂワチョウキ,長崎県,雲仙市,千々石町己
8540401,ナガサキケン,ウンゼンシ,チヂワチョウコウ,長崎県,雲仙市,千々石町甲
8540407,ナガサキケン,ウンゼンシ,チヂワチョウコウ,長崎県,雲仙市,千々石町庚
8540404,ナガサキケン,ウンゼンシ,チヂワチョウテイ,長崎県,雲仙市,千々石町丁
8540403,ナガサキケン,ウンゼンシ,チヂワチョウヘイ,長崎県,雲仙市,千々石町丙
8540405,ナガサキケン,ウンゼンシ,チヂワチョウボ,長崎県,雲仙市,千々石町戊
8591214,ナガサキケン,ウンゼンシ,ミズホチョウイフクオツ,長崎県,雲仙市,瑞穂町伊福乙
8591213,ナガサキケン,ウンゼンシ,ミズホチョウイフクコウ,長崎県,雲仙市,瑞穂町伊福甲
8591216,ナガサキケン,ウンゼンシ,ミズホチョウコベオツ,長崎県,雲仙市,瑞穂町古部乙
8591215,ナガサキケン,ウンゼンシ,ミズホチョウコベコウ,長崎県,雲仙市,瑞穂町古部甲
8591203,ナガサキケン,ウンゼンシ,ミズホチョウサイゴウオツ,長崎県,雲仙市,瑞穂町西郷乙
8591212,ナガサキケン,ウンゼンシ,ミズホチョウサイゴウキ,長崎県,雲仙市,瑞穂町西郷己
8591202,ナガサキケン,ウンゼンシ,ミズホチョウサイゴウコウ,長崎県,雲仙市,瑞穂町西郷甲
8591201,ナガサキケン,ウンゼンシ,ミズホチョウサイゴウコウ,長崎県,雲仙市,瑞穂町西郷庚
8591206,ナガサキケン,ウンゼンシ,ミズホチョウサイゴウシン,長崎県,雲仙市,瑞穂町西郷辛
8591205,ナガサキケン,ウンゼンシ,ミズホチョウサイゴウテイ,長崎県,雲仙市,瑞穂町西郷丁
8591204,ナガサキケン,ウンゼンシ,ミズホチョウサイゴウヘイ,長崎県,雲仙市,瑞穂町西郷丙
8591211,ナガサキケン,ウンゼンシ,ミズホチョウサイゴウボ,長崎県,雲仙市,瑞穂町西郷戊
8540702,ナガサキケン,ウンゼンシ,ミナミクシヤマチョウオツ,長崎県,雲仙市,南串山町乙
8540701,ナガサキケン,ウンゼンシ,ミナミクシヤマチョウコウ,長崎県,雲仙市,南串山町甲
8540703,ナガサキケン,ウンゼンシ,ミナミクシヤマチョウヘイ,長崎県,雲仙市,南串山町丙
8592600,ナガサキケン,ミナミシマバラシ,イカニケイサイガナイバアイ,長崎県,南島原市,以下に掲載がない場合
8592121,ナガサキケン,ミナミシマバラシ,アリエチョウイシダ,長崎県,南島原市,有家町石田
8592122,ナガサキケン,ミナミシマバラシ,アリエチョウオオゾノ,長崎県,南島原市,有家町大苑
8592203,ナガサキケン,ミナミシマバラシ,アリエチョウオノウエ,長崎県,南島原市,有家町尾上
8592204,ナガサキケン,ミナミシマバラシ,アリエチョウカマガ,長崎県,南島原市,有家町蒲河
8592201,ナガサキケン,ミナミシマバラシ,アリエチョウクボ,長崎県,南島原市,有家町久保
8592205,ナガサキケン,ミナミシマバラシ,アリエチョウコガワ,長崎県,南島原市,有家町小川
8592206,ナガサキケン,ミナミシマバラシ,アリエチョウナカスカワ,長崎県,南島原市,有家町中須川
8592123,ナガサキケン,ミナミシマバラシ,アリエチョウハラオ,長崎県,南島原市,有家町原尾
8592202,ナガサキケン,ミナミシマバラシ,アリエチョウヤマガワ,長崎県,南島原市,有家町山川
8592605,ナガサキケン,ミナミシマバラシ,カヅサチョウオツ,長崎県,南島原市,加津佐町乙
8592601,ナガサキケン,ミナミシマバラシ,カヅサチョウキ,長崎県,南島原市,加津佐町己
8592606,ナガサキケン,ミナミシマバラシ,カヅサチョウコウ,長崎県,南島原市,加津佐町甲
8592603,ナガサキケン,ミナミシマバラシ,カヅサチョウテイ,長崎県,南島原市,加津佐町丁
8592604,ナガサキケン,ミナミシマバラシ,カヅサチョウヘイ,長崎県,南島原市,加津佐町丙
8592602,ナガサキケン,ミナミシマバラシ,カヅサチョウボ,長崎県,南島原市,加津佐町戊
8592302,ナガサキケン,ミナミシマバラシ,キタアリマチョウオツ,長崎県,南島原市,北有馬町乙
8592306,ナガサキケン,ミナミシマバラシ,キタアリマチョウキ,長崎県,南島原市,北有馬町己
8592301,ナガサキケン,ミナミシマバラシ,キタアリマチョウコウ,長崎県,南島原市,北有馬町甲
8592304,ナガサキケン,ミナミシマバラシ,キタアリマチョウテイ,長崎県,南島原市,北有馬町丁
8592303,ナガサキケン,ミナミシマバラシ,キタアリマチョウヘイ,長崎県,南島原市,北有馬町丙
8592305,ナガサキケン,ミナミシマバラシ,キタアリマチョウボ,長崎県,南島原市,北有馬町戊
8592501,ナガサキケン,ミナミシマバラシ,クチノツチョウオツ,長崎県,南島原市,口之津町乙
8592502,ナガサキケン,ミナミシマバラシ,クチノツチョウコウ,長崎県,南島原市,口之津町甲
8592503,ナガサキケン,ミナミシマバラシ,クチノツチョウテイ,長崎県,南島原市,口之津町丁
8592504,ナガサキケン,ミナミシマバラシ,クチノツチョウヘイ,長崎県,南島原市,口之津町丙
8592211,ナガサキケン,ミナミシマバラシ,ニシアリエチョウサトボウ,長崎県,南島原市,西有家町里坊
8592214,ナガサキケン,ミナミシマバラシ,ニシアリエチョウジオンジ,長崎県,南島原市,西有家町慈恩寺
8592212,ナガサキケン,ミナミシマバラシ,ニシアリエチョウスカワ,長崎県,南島原市,西有家町須川
8592216,ナガサキケン,ミナミシマバラシ,ニシアリエチョウタツイシ,長崎県,南島原市,西有家町龍石
8592215,ナガサキケン,ミナミシマバラシ,ニシアリエチョウナガノ,長崎県,南島原市,西有家町長野
8592213,ナガサキケン,ミナミシマバラシ,ニシアリエチョウミダケ,長崎県,南島原市,西有家町見岳
8591502,ナガサキケン,ミナミシマバラシ,フカエチョウオツ,長崎県,南島原市,深江町乙
8591501,ナガサキケン,ミナミシマバラシ,フカエチョウコウ,長崎県,南島原市,深江町甲
8591504,ナガサキケン,ミナミシマバラシ,フカエチョウテイ,長崎県,南島原市,深江町丁
8591503,ナガサキケン,ミナミシマバラシ,フカエチョウヘイ,長崎県,南島原市,深江町丙
8591505,ナガサキケン,ミナミシマバラシ,フカエチョウボ,長崎県,南島原市,深江町戊
8592112,ナガサキケン,ミナミシマバラシ,フツチョウオツ,長崎県,南島原市,布津町乙
8592111,ナガサキケン,ミナミシマバラシ,フツチョウコウ,長崎県,南島原市,布津町甲
8592113,ナガサキケン,ミナミシマバラシ,フツチョウヘイ,長崎県,南島原市,布津町丙
8592412,ナガサキケン,ミナミシマバラシ,ミナミアリマチョウオツ,長崎県,南島原市,南有馬町乙
8592316,ナガサキケン,ミナミシマバラシ,ミナミアリマチョウキ（フルゾノトロツゴ）,長崎県,南島原市,南有馬町己（古園轟河）
8592416,ナガサキケン,ミナミシマバラシ,ミナミアリマチョウキ（ソノタ）,長崎県,南島原市,南有馬町己（その他）
8592411,ナガサキケン,ミナミシマバラシ,ミナミアリマチョウコウ,長崎県,南島原市,南有馬町甲
8592414,ナガサキケン,ミナミシマバラシ,ミナミアリマチョウテイ,長崎県,南島原市,南有馬町丁
8592413,ナガサキケン,ミナミシマバラシ,ミナミアリマチョウヘイ,長崎県,南島原市,南有馬町丙
8592415,ナガサキケン,ミナミシマバラシ,ミナミアリマチョウボ,長崎県,南島原市,南有馬町戊
8512100,ナガサキケン,ニシソノギグンナガヨチョウ,イカニケイサイガナイバアイ,長崎県,西彼杵郡長与町,以下に掲載がない場合
8512128,ナガサキケン,ニシソノギグンナガヨチョウ,ウレリゴウ,長崎県,西彼杵郡長与町,嬉里郷
8512121,ナガサキケン,ニシソノギグンナガヨチョウ,オカゴウ,長崎県,西彼杵郡長与町,岡郷
8512127,ナガサキケン,ニシソノギグンナガヨチョウ,コウダゴウ,長崎県,西彼杵郡長与町,高田郷
8512129,ナガサキケン,ニシソノギグンナガヨチョウ,サイトウゴウ,長崎県,西彼杵郡長与町,斉藤郷
8512123,ナガサキケン,ニシソノギグンナガヨチョウ,ヒラコバゴウ,長崎県,西彼杵郡長与町,平木場郷
8512131,ナガサキケン,ニシソノギグンナガヨチョウ,ホクヨウダイ,長崎県,西彼杵郡長与町,北陽台
8512122,ナガサキケン,ニシソノギグンナガヨチョウ,ホンガワチゴウ,長崎県,西彼杵郡長与町,本川内郷
8512130,ナガサキケン,ニシソノギグンナガヨチョウ,マナビノ,長崎県,西彼杵郡長与町,まなび野
8512124,ナガサキケン,ニシソノギグンナガヨチョウ,マルタゴウ,長崎県,西彼杵郡長与町,丸田郷
8512125,ナガサキケン,ニシソノギグンナガヨチョウ,ミネゴウ,長崎県,西彼杵郡長与町,三根郷
8512126,ナガサキケン,ニシソノギグンナガヨチョウ,ヨシムタゴウ,長崎県,西彼杵郡長与町,吉無田郷
8512100,ナガサキケン,ニシソノギグントギツチョウ,イカニケイサイガナイバアイ,長崎県,西彼杵郡時津町,以下に掲載がない場合
8512105,ナガサキケン,ニシソノギグントギツチョウ,ウラゴウ,長崎県,西彼杵郡時津町,浦郷
8512107,ナガサキケン,ニシソノギグントギツチョウ,クルリゴウ,長崎県,西彼杵郡時津町,久留里郷
8512106,ナガサキケン,ニシソノギグントギツチョウ,サソコゴウ,長崎県,西彼杵郡時津町,左底郷
8512111,ナガサキケン,ニシソノギグントギツチョウ,シシガワゴウ,長崎県,西彼杵郡時津町,子々川郷
8512101,ナガサキケン,ニシソノギグントギツチョウ,ニシトギツゴウ,長崎県,西彼杵郡時津町,西時津郷
8512104,ナガサキケン,ニシソノギグントギツチョウ,ノダゴウ,長崎県,西彼杵郡時津町,野田郷
8512102,ナガサキケン,ニシソノギグントギツチョウ,ハマダゴウ,長崎県,西彼杵郡時津町,浜田郷
8512108,ナガサキケン,ニシソノギグントギツチョウ,ヒナミゴウ,長崎県,西彼杵郡時津町,日並郷
8512103,ナガサキケン,ニシソノギグントギツチョウ,モトムラゴウ,長崎県,西彼杵郡時津町,元村郷
8593800,ナガサキケン,ヒガシソノギグンヒガシソノギチョウ,イカニケイサイガナイバアイ,長崎県,東彼杵郡東彼杵町,以下に掲載がない場合
8593811,ナガサキケン,ヒガシソノギグンヒガシソノギチョウ,オオネゴトゴウ,長崎県,東彼杵郡東彼杵町,大音琴郷
8593926,ナガサキケン,ヒガシソノギグンヒガシソノギチョウ,カブラゴウ,長崎県,東彼杵郡東彼杵町,蕪郷
8593805,ナガサキケン,ヒガシソノギグンヒガシソノギチョウ,カワチゴウ,長崎県,東彼杵郡東彼杵町,川内郷
8593809,ナガサキケン,ヒガシソノギグンヒガシソノギチョウ,クチキダゴウ,長崎県,東彼杵郡東彼杵町,口木田郷
8593808,ナガサキケン,ヒガシソノギグンヒガシソノギチョウ,クラモトゴウ,長崎県,東彼杵郡東彼杵町,蔵本郷
8593812,ナガサキケン,ヒガシソノギグンヒガシソノギチョウ,コネゴトゴウ,長崎県,東彼杵郡東彼杵町,小音琴郷
8593931,ナガサキケン,ヒガシソノギグンヒガシソノギチョウ,コバゴウ,長崎県,東彼杵郡東彼杵町,木場郷
8593802,ナガサキケン,ヒガシソノギグンヒガシソノギチョウ,サカモトゴウ,長崎県,東彼杵郡東彼杵町,坂本郷
8593929,ナガサキケン,ヒガシソノギグンヒガシソノギチョウ,サトゴウ,長崎県,東彼杵郡東彼杵町,里郷
8593803,ナガサキケン,ヒガシソノギグンヒガシソノギチョウ,スガムタゴウ,長崎県,東彼杵郡東彼杵町,菅無田郷
8593923,ナガサキケン,ヒガシソノギグンヒガシソノギチョウ,セトゴウ,長崎県,東彼杵郡東彼杵町,瀬戸郷
8593807,ナガサキケン,ヒガシソノギグンヒガシソノギチョウ,ソノギシュクゴウ,長崎県,東彼杵郡東彼杵町,彼杵宿郷
8593927,ナガサキケン,ヒガシソノギグンヒガシソノギチョウ,ダジゴウ,長崎県,東彼杵郡東彼杵町,駄地郷
8593924,ナガサキケン,ヒガシソノギグンヒガシソノギチョウ,タノウラゴウ,長崎県,東彼杵郡東彼杵町,太ノ浦郷
8593921,ナガサキケン,ヒガシソノギグンヒガシソノギチョウ,チワタシュクゴウ,長崎県,東彼杵郡東彼杵町,千綿宿郷
8593932,ナガサキケン,ヒガシソノギグンヒガシソノギチョウ,トオメゴウ,長崎県,東彼杵郡東彼杵町,遠目郷
8593801,ナガサキケン,ヒガシソノギグンヒガシソノギチョウ,ナカオゴウ,長崎県,東彼杵郡東彼杵町,中尾郷
8593925,ナガサキケン,ヒガシソノギグンヒガシソノギチョウ,ナカタケゴウ,長崎県,東彼杵郡東彼杵町,中岳郷
8593922,ナガサキケン,ヒガシソノギグンヒガシソノギチョウ,ハチタンダゴウ,長崎県,東彼杵郡東彼杵町,八反田郷
8593933,ナガサキケン,ヒガシソノギグンヒガシソノギチョウ,ヒトツイシゴウ,長崎県,東彼杵郡東彼杵町,一ッ石郷
8593928,ナガサキケン,ヒガシソノギグンヒガシソノギチョウ,ヒラニタゴウ,長崎県,東彼杵郡東彼杵町,平似田郷
8593804,ナガサキケン,ヒガシソノギグンヒガシソノギチョウ,ホウオンジゴウ,長崎県,東彼杵郡東彼杵町,法音寺郷
8593806,ナガサキケン,ヒガシソノギグンヒガシソノギチョウ,ミネゴウ,長崎県,東彼杵郡東彼杵町,三根郷
8593600,ナガサキケン,ヒガシソノギグンカワタナチョウ,イカニケイサイガナイバアイ,長崎県,東彼杵郡川棚町,以下に掲載がない場合
8593604,ナガサキケン,ヒガシソノギグンカワタナチョウ,イシキゴウ,長崎県,東彼杵郡川棚町,石木郷
8593601,ナガサキケン,ヒガシソノギグンカワタナチョウ,イノリゴウチゴウ,長崎県,東彼杵郡川棚町,猪乗川内郷
8593603,ナガサキケン,ヒガシソノギグンカワタナチョウ,イワヤゴウ,長崎県,東彼杵郡川棚町,岩屋郷
8593618,ナガサキケン,ヒガシソノギグンカワタナチョウ,オグシゴウ,長崎県,東彼杵郡川棚町,小串郷
8593613,ナガサキケン,ヒガシソノギグンカワタナチョウ,カミグミゴウ,長崎県,東彼杵郡川棚町,上組郷
8593612,ナガサキケン,ヒガシソノギグンカワタナチョウ,ゴタンダゴウ,長崎県,東彼杵郡川棚町,五反田郷
8593606,ナガサキケン,ヒガシソノギグンカワタナチョウ,コネゴトゴウ,長崎県,東彼杵郡川棚町,小音琴郷
8593602,ナガサキケン,ヒガシソノギグンカワタナチョウ,コバゴウ,長崎県,東彼杵郡川棚町,木場郷
8593608,ナガサキケン,ヒガシソノギグンカワタナチョウ,サカエマチ,長崎県,東彼杵郡川棚町,栄町
8593615,ナガサキケン,ヒガシソノギグンカワタナチョウ,シモグミゴウ,長崎県,東彼杵郡川棚町,下組郷
8593616,ナガサキケン,ヒガシソノギグンカワタナチョウ,シロイシゴウ,長崎県,東彼杵郡川棚町,白石郷
8593607,ナガサキケン,ヒガシソノギグンカワタナチョウ,シロヤマチョウ,長崎県,東彼杵郡川棚町,城山町
8593619,ナガサキケン,ヒガシソノギグンカワタナチョウ,シンガエゴウ,長崎県,東彼杵郡川棚町,新谷郷
8593614,ナガサキケン,ヒガシソノギグンカワタナチョウ,ナカグミゴウ,長崎県,東彼杵郡川棚町,中組郷
8593611,ナガサキケン,ヒガシソノギグンカワタナチョウ,ナカヤマゴウ,長崎県,東彼杵郡川棚町,中山郷
8593617,ナガサキケン,ヒガシソノギグンカワタナチョウ,ミツゴエゴウ,長崎県,東彼杵郡川棚町,三越郷
8593605,ナガサキケン,ヒガシソノギグンカワタナチョウ,モモヅゴウ,長崎県,東彼杵郡川棚町,百津郷
8593700,ナガサキケン,ヒガシソノギグンハサミチョウ,イカニケイサイガナイバアイ,長崎県,東彼杵郡波佐見町,以下に掲載がない場合
8593711,ナガサキケン,ヒガシソノギグンハサミチョウ,イセキゴウ,長崎県,東彼杵郡波佐見町,井石郷
8593713,ナガサキケン,ヒガシソノギグンハサミチョウ,オニギゴウ,長崎県,東彼杵郡波佐見町,鬼木郷
8593701,ナガサキケン,ヒガシソノギグンハサミチョウ,オリシキセゴウ,長崎県,東彼杵郡波佐見町,折敷瀬郷
8593714,ナガサキケン,ヒガシソノギグンハサミチョウ,カナヤゴウ,長崎県,東彼杵郡波佐見町,金屋郷
8593721,ナガサキケン,ヒガシソノギグンハサミチョウ,カワチゴウ,長崎県,東彼杵郡波佐見町,川内郷
8593704,ナガサキケン,ヒガシソノギグンハサミチョウ,コダルゴウ,長崎県,東彼杵郡波佐見町,小樽郷
8593727,ナガサキケン,ヒガシソノギグンハサミチョウ,サラヤマゴウ,長崎県,東彼杵郡波佐見町,皿山郷
8593724,ナガサキケン,ヒガシソノギグンハサミチョウ,シオリゴウ,長崎県,東彼杵郡波佐見町,志折郷
8593715,ナガサキケン,ヒガシソノギグンハサミチョウ,シュクゴウ,長崎県,東彼杵郡波佐見町,宿郷
8593722,ナガサキケン,ヒガシソノギグンハサミチョウ,タケベタゴウ,長崎県,東彼杵郡波佐見町,岳辺田郷
8593716,ナガサキケン,ヒガシソノギグンハサミチョウ,タノカシラゴウ,長崎県,東彼杵郡波佐見町,田ノ頭郷
8593712,ナガサキケン,ヒガシソノギグンハサミチョウ,ナカオゴウ,長崎県,東彼杵郡波佐見町,中尾郷
8593705,ナガサキケン,ヒガシソノギグンハサミチョウ,ナガオゴウ,長崎県,東彼杵郡波佐見町,永尾郷
8593725,ナガサキケン,ヒガシソノギグンハサミチョウ,ナガノゴウ,長崎県,東彼杵郡波佐見町,長野郷
8593703,ナガサキケン,ヒガシソノギグンハサミチョウ,ノノカワゴウ,長崎県,東彼杵郡波佐見町,野々川郷
8593726,ナガサキケン,ヒガシソノギグンハサミチョウ,ヒエコバゴウ,長崎県,東彼杵郡波佐見町,稗木場郷
8593723,ナガサキケン,ヒガシソノギグンハサミチョウ,ヒラノゴウ,長崎県,東彼杵郡波佐見町,平野郷
8593706,ナガサキケン,ヒガシソノギグンハサミチョウ,ミツマタゴウ,長崎県,東彼杵郡波佐見町,三股郷
8593728,ナガサキケン,ヒガシソノギグンハサミチョウ,ムラギゴウ,長崎県,東彼杵郡波佐見町,村木郷
8593702,ナガサキケン,ヒガシソノギグンハサミチョウ,ユムタゴウ,長崎県,東彼杵郡波佐見町,湯無田郷
8574700,ナガサキケン,キタマツウラグンオヂカチョウ,イカニケイサイガナイバアイ,長崎県,北松浦郡小値賀町,以下に掲載がない場合
8574708,ナガサキケン,キタマツウラグンオヂカチョウ,オオシマゴウ,長崎県,北松浦郡小値賀町,大島郷
8574706,ナガサキケン,キタマツウラグンオヂカチョウ,クロシマゴウ,長崎県,北松浦郡小値賀町,黒島郷
8574703,ナガサキケン,キタマツウラグンオヂカチョウ,ナカムラゴウ,長崎県,北松浦郡小値賀町,中村郷
8574711,ナガサキケン,キタマツウラグンオヂカチョウ,ノウシマゴウ,長崎県,北松浦郡小値賀町,納島郷
8574709,ナガサキケン,キタマツウラグンオヂカチョウ,ノザキゴウ,長崎県,北松浦郡小値賀町,野崎郷
8574705,ナガサキケン,キタマツウラグンオヂカチョウ,ハマヅゴウ,長崎県,北松浦郡小値賀町,浜津郷
8574701,ナガサキケン,キタマツウラグンオヂカチョウ,フエフキゴウ,長崎県,北松浦郡小値賀町,笛吹郷
8574702,ナガサキケン,キタマツウラグンオヂカチョウ,マエガタゴウ,長崎県,北松浦郡小値賀町,前方郷
8574707,ナガサキケン,キタマツウラグンオヂカチョウ,マダラシマゴウ,長崎県,北松浦郡小値賀町,班島郷
8574712,ナガサキケン,キタマツウラグンオヂカチョウ,ムシマゴウ,長崎県,北松浦郡小値賀町,六島郷
8574704,ナガサキケン,キタマツウラグンオヂカチョウ,ヤナギゴウ,長崎県,北松浦郡小値賀町,柳郷
8570300,ナガサキケン,キタマツウラグンサザチョウ,イカニケイサイガナイバアイ,長崎県,北松浦郡佐々町,以下に掲載がない場合
8570334,ナガサキケン,キタマツウラグンサザチョウ,イシコバメン,長崎県,北松浦郡佐々町,石木場免
8570321,ナガサキケン,キタマツウラグンサザチョウ,イチノセメン,長崎県,北松浦郡佐々町,市瀬免
8570312,ナガサキケン,キタマツウラグンサザチョウ,イチバメン,長崎県,北松浦郡佐々町,市場免
8570323,ナガサキケン,キタマツウラグンサザチョウ,エリメン,長崎県,北松浦郡佐々町,江里免
8570324,ナガサキケン,キタマツウラグンサザチョウ,オオシゲメン,長崎県,北松浦郡佐々町,大茂免
8570353,ナガサキケン,キタマツウラグンサザチョウ,オキタメン,長崎県,北松浦郡佐々町,沖田免
8570335,ナガサキケン,キタマツウラグンサザチョウ,カイゼメン,長崎県,北松浦郡佐々町,皆瀬免
8570313,ナガサキケン,キタマツウラグンサザチョウ,カモガワメン,長崎県,北松浦郡佐々町,鴨川免
8570352,ナガサキケン,キタマツウラグンサザチョウ,クチイシメン,長崎県,北松浦郡佐々町,口石免
8570332,ナガサキケン,キタマツウラグンサザチョウ,クリバヤシメン,長崎県,北松浦郡佐々町,栗林免
8570336,ナガサキケン,キタマツウラグンサザチョウ,コウダメン,長崎県,北松浦郡佐々町,神田免
8570361,ナガサキケン,キタマツウラグンサザチョウ,コウラメン,長崎県,北松浦郡佐々町,小浦免
8570343,ナガサキケン,キタマツウラグンサザチョウ,コバメン,長崎県,北松浦郡佐々町,木場免
8570315,ナガサキケン,キタマツウラグンサザチョウ,シカタメン,長崎県,北松浦郡佐々町,志方免
8570351,ナガサキケン,キタマツウラグンサザチョウ,スサキメン,長崎県,北松浦郡佐々町,須崎免
8570338,ナガサキケン,キタマツウラグンサザチョウ,ツノヤマメン,長崎県,北松浦郡佐々町,角山免
8570333,ナガサキケン,キタマツウラグンサザチョウ,ナカガワラメン,長崎県,北松浦郡佐々町,中川原免
8570331,ナガサキケン,キタマツウラグンサザチョウ,ノヨリメン,長崎県,北松浦郡佐々町,野寄免
8570341,ナガサキケン,キタマツウラグンサザチョウ,ハスワメン,長崎県,北松浦郡佐々町,羽須和免
8570342,ナガサキケン,キタマツウラグンサザチョウ,ヒラノメン,長崎県,北松浦郡佐々町,平野免
8570314,ナガサキケン,キタマツウラグンサザチョウ,フルカワメン,長崎県,北松浦郡佐々町,古川免
8570311,ナガサキケン,キタマツウラグンサザチョウ,ホンタバルメン,長崎県,北松浦郡佐々町,本田原免
8570322,ナガサキケン,キタマツウラグンサザチョウ,マツセメン,長崎県,北松浦郡佐々町,松瀬免
8570344,ナガサキケン,キタマツウラグンサザチョウ,ムカエコバメン,長崎県,北松浦郡佐々町,迎木場免
8570337,ナガサキケン,キタマツウラグンサザチョウ,ヤクチメン,長崎県,北松浦郡佐々町,八口免
8574400,ナガサキケン,ミナミマツウラグンシンカミゴトウチョウ,イカニケイサイガナイバアイ,長崎県,南松浦郡新上五島町,以下に掲載がない場合
8574411,ナガサキケン,ミナミマツウラグンシンカミゴトウチョウ,アイコゴウ,長崎県,南松浦郡新上五島町,相河郷
8574404,ナガサキケン,ミナミマツウラグンシンカミゴトウチョウ,アオカタゴウ,長崎県,南松浦郡新上五島町,青方郷
8574101,ナガサキケン,ミナミマツウラグンシンカミゴトウチョウ,アカオゴウ,長崎県,南松浦郡新上五島町,赤尾郷
8533322,ナガサキケン,ミナミマツウラグンシンカミゴトウチョウ,アゼツゴウ,長崎県,南松浦郡新上五島町,阿瀬津郷
8574401,ナガサキケン,ミナミマツウラグンシンカミゴトウチョウ,アミアゲゴウ,長崎県,南松浦郡新上五島町,網上郷
8532304,ナガサキケン,ミナミマツウラグンシンカミゴトウチョウ,アラカワゴウ,長崎県,南松浦郡新上五島町,荒川郷
8574211,ナガサキケン,ミナミマツウラグンシンカミゴトウチョウ,アリカワゴウ,長崎県,南松浦郡新上五島町,有川郷
8532313,ナガサキケン,ミナミマツウラグンシンカミゴトウチョウ,アリフクゴウ,長崎県,南松浦郡新上五島町,有福郷
8574414,ナガサキケン,ミナミマツウラグンシンカミゴトウチョウ,イノセドゴウ,長崎県,南松浦郡新上五島町,飯ノ瀬戸郷
8574413,ナガサキケン,ミナミマツウラグンシンカミゴトウチョウ,イマザトゴウ,長崎県,南松浦郡新上五島町,今里郷
8533102,ナガサキケン,ミナミマツウラグンシンカミゴトウチョウ,イワセウラゴウ,長崎県,南松浦郡新上五島町,岩瀬浦郷
8574511,ナガサキケン,ミナミマツウラグンシンカミゴトウチョウ,ウラクワゴウ,長崎県,南松浦郡新上五島町,浦桑郷
8574512,ナガサキケン,ミナミマツウラグンシンカミゴトウチョウ,エノキヅゴウ,長崎県,南松浦郡新上五島町,榎津郷
8574103,ナガサキケン,ミナミマツウラグンシンカミゴトウチョウ,エノハマゴウ,長崎県,南松浦郡新上五島町,江ノ浜郷
8574213,ナガサキケン,ミナミマツウラグンシンカミゴトウチョウ,オオタゴウ,長崎県,南松浦郡新上五島町,太田郷
8574212,ナガサキケン,ミナミマツウラグンシンカミゴトウチョウ,オガワラゴウ,長崎県,南松浦郡新上五島町,小河原郷
8532302,ナガサキケン,ミナミマツウラグンシンカミゴトウチョウ,キリフルサトゴウ,長崎県,南松浦郡新上五島町,桐古里郷
8574601,ナガサキケン,ミナミマツウラグンシンカミゴトウチョウ,コグシゴウ,長崎県,南松浦郡新上五島町,小串郷
8532311,ナガサキケン,ミナミマツウラグンシンカミゴトウチョウ,サカキノウラゴウ,長崎県,南松浦郡新上五島町,榊ノ浦郷
8532303,ナガサキケン,ミナミマツウラグンシンカミゴトウチョウ,シュクノウラゴウ,長崎県,南松浦郡新上五島町,宿ノ浦郷
8574602,ナガサキケン,ミナミマツウラグンシンカミゴトウチョウ,ソネゴウ,長崎県,南松浦郡新上五島町,曽根郷
8533321,ナガサキケン,ミナミマツウラグンシンカミゴトウチョウ,タイノウラゴウ,長崎県,南松浦郡新上五島町,鯛ノ浦郷
8574603,ナガサキケン,ミナミマツウラグンシンカミゴトウチョウ,タテクシゴウ,長崎県,南松浦郡新上五島町,立串郷
8574415,ナガサキケン,ミナミマツウラグンシンカミゴトウチョウ,ツヅキハマノウラゴウ,長崎県,南松浦郡新上五島町,続浜ノ浦郷
8574604,ナガサキケン,ミナミマツウラグンシンカミゴトウチョウ,ツワザキゴウ,長崎県,南松浦郡新上五島町,津和崎郷
8574102,ナガサキケン,ミナミマツウラグンシンカミゴトウチョウ,トモスミゴウ,長崎県,南松浦郡新上五島町,友住郷
8574214,ナガサキケン,ミナミマツウラグンシンカミゴトウチョウ,ナナメゴウ,長崎県,南松浦郡新上五島町,七目郷
8574402,ナガサキケン,ミナミマツウラグンシンカミゴトウチョウ,ナマゴウ,長崎県,南松浦郡新上五島町,奈摩郷
8533101,ナガサキケン,ミナミマツウラグンシンカミゴトウチョウ,ナラオゴウ,長崎県,南松浦郡新上五島町,奈良尾郷
8532305,ナガサキケン,ミナミマツウラグンシンカミゴトウチョウ,ニシコウノウラゴウ,長崎県,南松浦郡新上五島町,西神ノ浦郷
8574514,ナガサキケン,ミナミマツウラグンシンカミゴトウチョウ,ニタクビゴウ,長崎県,南松浦郡新上五島町,似首郷
8533323,ナガサキケン,ミナミマツウラグンシンカミゴトウチョウ,ヒガシコウノウラゴウ,長崎県,南松浦郡新上五島町,東神ノ浦郷
8532312,ナガサキケン,ミナミマツウラグンシンカミゴトウチョウ,ヒノシマゴウ,長崎県,南松浦郡新上五島町,日島郷
8574405,ナガサキケン,ミナミマツウラグンシンカミゴトウチョウ,フナサキゴウ,長崎県,南松浦郡新上五島町,船崎郷
8532315,ナガサキケン,ミナミマツウラグンシンカミゴトウチョウ,マブシゴウ,長崎県,南松浦郡新上五島町,間伏郷
8574513,ナガサキケン,ミナミマツウラグンシンカミゴトウチョウ,マルオゴウ,長崎県,南松浦郡新上五島町,丸尾郷
8574412,ナガサキケン,ミナミマツウラグンシンカミゴトウチョウ,ミカノウラゴウ,長崎県,南松浦郡新上五島町,三日ノ浦郷
8574416,ナガサキケン,ミナミマツウラグンシンカミゴトウチョウ,ミチドイゴウ,長崎県,南松浦郡新上五島町,道土井郷
8532314,ナガサキケン,ミナミマツウラグンシンカミゴトウチョウ,リョウセウラゴウ,長崎県,南松浦郡新上五島町,漁生浦郷
8532301,ナガサキケン,ミナミマツウラグンシンカミゴトウチョウ,ワカマツゴウ,長崎県,南松浦郡新上五島町,若松郷
