3810000,ナガノケン,ナガノシ,イカニケイサイガナイバアイ,長野県,長野市,以下に掲載がない場合
3800918,ナガノケン,ナガノシ,アークス,長野県,長野市,アークス
3812247,ナガノケン,ナガノシ,アオキジマ,長野県,長野市,青木島
3812242,ナガノケン,ナガノシ,アオキジママチアオキジマ,長野県,長野市,青木島町青木島
3812241,ナガノケン,ナガノシ,アオキジママチアオキジマオツ,長野県,長野市,青木島町青木島乙
3812205,ナガノケン,ナガノシ,アオキジママチオオツカ,長野県,長野市,青木島町大塚
3812206,ナガノケン,ナガノシ,アオキジママチツナシマ,長野県,長野市,青木島町綱島
3810001,ナガノケン,ナガノシ,アカヌマ,長野県,長野市,赤沼
3800838,ナガノケン,ナガノシ,アガタマチ,長野県,長野市,県町
3800888,ナガノケン,ナガノシ,アゲヤ,長野県,長野市,上ケ屋
3810054,ナガノケン,ナガノシ,アサカワ,長野県,長野市,浅川
3810056,ナガノケン,ナガノシ,アサカワオシダ,長野県,長野市,浅川押田
3810072,ナガノケン,ナガノシ,アサカワキヨミズ,長野県,長野市,浅川清水
3810057,ナガノケン,ナガノシ,アサカワニシジョウ,長野県,長野市,浅川西条
3810066,ナガノケン,ナガノシ,アサカワニシヒラ,長野県,長野市,浅川西平
3810073,ナガノケン,ナガノシ,アサカワハタヤマ,長野県,長野市,浅川畑山
3810064,ナガノケン,ナガノシ,アサカワヒガシジョウ,長野県,長野市,浅川東条
3810062,ナガノケン,ナガノシ,アサカワフクオカ,長野県,長野市,浅川福岡
3800846,ナガノケン,ナガノシ,アサヒマチ,長野県,長野市,旭町
3800941,ナガノケン,ナガノシ,アモリ,長野県,長野市,安茂里
3800945,ナガノケン,ナガノシ,アモリキョウカダイ,長野県,長野市,安茂里杏花台
3800961,ナガノケン,ナガノシ,アモリコイチ,長野県,長野市,安茂里小市
3800956,ナガノケン,ナガノシ,アモリコウジ,長野県,長野市,安茂里小路
3800944,ナガノケン,ナガノシ,アモリコメムラ,長野県,長野市,安茂里米村
3800953,ナガノケン,ナガノシ,アモリサイホク,長野県,長野市,安茂里犀北
3800954,ナガノケン,ナガノシ,アモリサイホクダンチ,長野県,長野市,安茂里犀北団地
3800943,ナガノケン,ナガノシ,アモリサシデ,長野県,長野市,安茂里差出
3800957,ナガノケン,ナガノシ,アモリダイモン,長野県,長野市,安茂里大門
3800955,ナガノケン,ナガノシ,アモリニシガワラ,長野県,長野市,安茂里西河原
3800804,ナガノケン,ナガノシ,アラヤ,長野県,長野市,荒屋
3810015,ナガノケン,ナガノシ,イシワタ,長野県,長野市,石渡
3800883,ナガノケン,ナガノシ,イズミダイラ,長野県,長野市,泉平
3800854,ナガノケン,ナガノシ,イセマチ,長野県,長野市,伊勢町
3800958,ナガノケン,ナガノシ,イセミヤ,長野県,長野市,伊勢宮
3812202,ナガノケン,ナガノシ,イチバ,長野県,長野市,市場
3812243,ナガノケン,ナガノシ,イナサト,長野県,長野市,稲里
3812211,ナガノケン,ナガノシ,イナサトマチシモヒガノ,長野県,長野市,稲里町下氷鉋
3812214,ナガノケン,ナガノシ,イナサトマチタマキ,長野県,長野市,稲里町田牧
3812217,ナガノケン,ナガノシ,イナサトマチチュウオウ,長野県,長野市,稲里町中央
3812215,ナガノケン,ナガノシ,イナサトマチナカヒガノ,長野県,長野市,稲里町中氷鉋
3810042,ナガノケン,ナガノシ,イナダ,長野県,長野市,稲田
3800911,ナガノケン,ナガノシ,イナバ,長野県,長野市,稲葉
3800915,ナガノケン,ナガノシ,イナバカミセンダ,長野県,長野市,稲葉上千田
3800916,ナガノケン,ナガノシ,イナバナカセンダ,長野県,長野市,稲葉中千田
3800912,ナガノケン,ナガノシ,イナバヒヅメ,長野県,長野市,稲葉日詰
3800917,ナガノケン,ナガノシ,イナバミナミマタ,長野県,長野市,稲葉南俣
3800914,ナガノケン,ナガノシ,イナバモタイ,長野県,長野市,稲葉母袋
3800901,ナガノケン,ナガノシ,イマチ,長野県,長野市,居町
3800887,ナガノケン,ナガノシ,イリヤマ,長野県,長野市,入山
3800802,ナガノケン,ナガノシ,ウエマツ,長野県,長野市,上松
3810085,ナガノケン,ナガノシ,ウワノ,長野県,長野市,上野
3800867,ナガノケン,ナガノシ,オウショウジ,長野県,長野市,往生地
3812703,ナガノケン,ナガノシ,オオオカオツ,長野県,長野市,大岡乙
3812704,ナガノケン,ナガノシ,オオオカコウ,長野県,長野市,大岡甲
3812701,ナガノケン,ナガノシ,オオオカナカマキ,長野県,長野市,大岡中牧
3812705,ナガノケン,ナガノシ,オオオカヒロサキ,長野県,長野市,大岡弘崎
3812702,ナガノケン,ナガノシ,オオオカヘイ,長野県,長野市,大岡丙
3812207,ナガノケン,ナガノシ,オオハシミナミ,長野県,長野市,大橋南
3810004,ナガノケン,ナガノシ,オオマチ,長野県,長野市,大町
3800936,ナガノケン,ナガノシ,オカダマチ,長野県,長野市,岡田町
3812212,ナガノケン,ナガノシ,オシマダマチ,長野県,長野市,小島田町
3810053,ナガノケン,ナガノシ,カグラバシ,長野県,長野市,神楽橋
3810023,ナガノケン,ナガノシ,カザマ,長野県,長野市,風間
3888008,ナガノケン,ナガノシ,カッセンバ,長野県,長野市,合戦場
3800881,ナガノケン,ナガノシ,カドサワ,長野県,長野市,門沢
3812222,ナガノケン,ナガノシ,カナイダ,長野県,長野市,金井田
3810007,ナガノケン,ナガノシ,カネバコ,長野県,長野市,金箱
3810082,ナガノケン,ナガノシ,カミコマザワ,長野県,長野市,上駒沢
3800821,ナガノケン,ナガノシ,カミチトセマチ,長野県,長野市,上千歳町
3800858,ナガノケン,ナガノシ,カミニシノモンチョウ,長野県,長野市,上西之門町
3800913,ナガノケン,ナガノシ,カワイシンデン,長野県,長野市,川合新田
3812232,ナガノケン,ナガノシ,カワナカジマチョウワカバチョウ,長野県,長野市,川中島町若葉町
3812226,ナガノケン,ナガノシ,カワナカジママチイマイ,長野県,長野市,川中島町今井
3812227,ナガノケン,ナガノシ,カワナカジママチイマイハラ,長野県,長野市,川中島町今井原
3812234,ナガノケン,ナガノシ,カワナカジママチイマザト,長野県,長野市,川中島町今里
3812233,ナガノケン,ナガノシ,カワナカジママチカミヒガノ,長野県,長野市,川中島町上氷鉋
3812224,ナガノケン,ナガノシ,カワナカジママチハラ,長野県,長野市,川中島町原
3812221,ナガノケン,ナガノシ,カワナカジママチミクリヤ,長野県,長野市,川中島町御厨
3812231,ナガノケン,ナガノシ,カワナカジママチヨツヤ,長野県,長野市,川中島町四ツ屋
3800855,ナガノケン,ナガノシ,ガンゼキチョウ,長野県,長野市,岩石町
3800826,ナガノケン,ナガノシ,キタイシドウチョウ,長野県,長野市,北石堂町
3810014,ナガノケン,ナガノシ,キタオワリベ,長野県,長野市,北尾張部
3810075,ナガノケン,ナガノシ,キタゴウ,長野県,長野市,北郷
3810035,ナガノケン,ナガノシ,キタジョウマチ,長野県,長野市,北条町
3810025,ナガノケン,ナガノシ,キタナガイケ,長野県,長野市,北長池
3810005,ナガノケン,ナガノシ,キタホリ,長野県,長野市,北堀
3800866,ナガノケン,ナガノシ,キツネイケ,長野県,長野市,狐池
3814301,ナガノケン,ナガノシ,キナサ,長野県,長野市,鬼無里
3814303,ナガノケン,ナガノシ,キナサクサガノ,長野県,長野市,鬼無里日下野
3814302,ナガノケン,ナガノシ,キナサヒカゲ,長野県,長野市,鬼無里日影
3810045,ナガノケン,ナガノシ,キリハラ,長野県,長野市,桐原
3800921,ナガノケン,ナガノシ,クリタ,長野県,長野市,栗田
3800927,ナガノケン,ナガノシ,クリタキタナカ,長野県,長野市,栗田北中
3800942,ナガノケン,ナガノシ,コシバミ,長野県,長野市,小柴見
3810017,ナガノケン,ナガノシ,コジマ,長野県,長野市,小島
3800875,ナガノケン,ナガノシ,コナベ,長野県,長野市,小鍋
3800833,ナガノケン,ナガノシ,ゴンドウチョウ,長野県,長野市,権堂町
3800863,ナガノケン,ナガノシ,サカエチョウ,長野県,長野市,栄町
3810061,ナガノケン,ナガノシ,サカナカ,長野県,長野市,坂中
3800885,ナガノケン,ナガノシ,サクラ,長野県,長野市,桜
3800862,ナガノケン,ナガノシ,サクラエチョウ,長野県,長野市,桜枝町
3810013,ナガノケン,ナガノシ,サクラシンマチ,長野県,長野市,桜新町
3800948,ナガノケン,ナガノシ,サシデミナミ,長野県,長野市,差出南
3812223,ナガノケン,ナガノシ,サトジマ,長野県,長野市,里島
3800812,ナガノケン,ナガノシ,サナエチョウ,長野県,長野市,早苗町
3810081,ナガノケン,ナガノシ,サンサイ,長野県,長野市,三才
3812244,ナガノケン,ナガノシ,サンボンヤナギニシ,長野県,長野市,三本柳西
3812245,ナガノケン,ナガノシ,サンボンヤナギヒガシ,長野県,長野市,三本柳東
3888004,ナガノケン,ナガノシ,シノノイアイ,長野県,長野市,篠ノ井会
3888015,ナガノケン,ナガノシ,シノノイイシカワ,長野県,長野市,篠ノ井石川
3888016,ナガノケン,ナガノシ,シノノイウタビ,長野県,長野市,篠ノ井有旅
3812225,ナガノケン,ナガノシ,シノノイオカダ,長野県,長野市,篠ノ井岡田
3888006,ナガノケン,ナガノシ,シノノイオンベガワ,長野県,長野市,篠ノ井御幣川
3888019,ナガノケン,ナガノシ,シノノイキネブチ,長野県,長野市,篠ノ井杵淵
3812235,ナガノケン,ナガノシ,シノノイコマツバラ,長野県,長野市,篠ノ井小松原
3888003,ナガノケン,ナガノシ,シノノイコモリ,長野県,長野市,篠ノ井小森
3888014,ナガノケン,ナガノシ,シノノイシオザキ,長野県,長野市,篠ノ井塩崎
3888002,ナガノケン,ナガノシ,シノノイトウフクジ,長野県,長野市,篠ノ井東福寺
3888018,ナガノケン,ナガノシ,シノノイニシデラオ,長野県,長野市,篠ノ井西寺尾
3888011,ナガノケン,ナガノシ,シノノイフセゴミョウ,長野県,長野市,篠ノ井布施五明
3888007,ナガノケン,ナガノシ,シノノイフセタカダ,長野県,長野市,篠ノ井布施高田
3888012,ナガノケン,ナガノシ,シノノイフタツヤナギ,長野県,長野市,篠ノ井二ツ柳
3888017,ナガノケン,ナガノシ,シノノイヤマブセ,長野県,長野市,篠ノ井山布施
3888005,ナガノケン,ナガノシ,シノノイヨコタ,長野県,長野市,篠ノ井横田
3810008,ナガノケン,ナガノシ,シモコマザワ,長野県,長野市,下駒沢
3812216,ナガノケン,ナガノシ,シモヒガノ,長野県,長野市,下氷鉋
3810063,ナガノケン,ナガノシ,シャリ,長野県,長野市,伺去
3800877,ナガノケン,ナガノシ,ショウブ,長野県,長野市,塩生
3810065,ナガノケン,ナガノシ,シンコウジ,長野県,長野市,真光寺
3812352,ナガノケン,ナガノシ,シンコウマチアカダ,長野県,長野市,信更町赤田
3812344,ナガノケン,ナガノシ,シンコウマチアゲオ,長野県,長野市,信更町上尾
3812358,ナガノケン,ナガノシ,シンコウマチイマイズミ,長野県,長野市,信更町今泉
3812343,ナガノケン,ナガノシ,シンコウマチサクライ,長野県,長野市,信更町桜井
3812359,ナガノケン,ナガノシ,シンコウマチサミズ,長野県,長野市,信更町三水
3812341,ナガノケン,ナガノシ,シンコウマチシモダイラ,長野県,長野市,信更町下平
3812355,ナガノケン,ナガノシ,シンコウマチタカノ,長野県,長野市,信更町高野
3812354,ナガノケン,ナガノシ,シンコウマチタザワ,長野県,長野市,信更町田沢
3812353,ナガノケン,ナガノシ,シンコウマチタノクチ,長野県,長野市,信更町田野口
3812357,ナガノケン,ナガノシ,シンコウマチハイバラ,長野県,長野市,信更町灰原
3812351,ナガノケン,ナガノシ,シンコウマチヒノタ,長野県,長野市,信更町氷ノ田
3812347,ナガノケン,ナガノシ,シンコウマチフルフジ,長野県,長野市,信更町古藤
3812342,ナガノケン,ナガノシ,シンコウマチミヤダイラ,長野県,長野市,信更町宮平
3812346,ナガノケン,ナガノシ,シンコウマチヤスニワ,長野県,長野市,信更町安庭
3812356,ナガノケン,ナガノシ,シンコウマチヨシワラ,長野県,長野市,信更町吉原
3812345,ナガノケン,ナガノシ,シンコウマチワクイケ,長野県,長野市,信更町涌池
3812404,ナガノケン,ナガノシ,シンシュウシンマチカミジョウ,長野県,長野市,信州新町上条
3812401,ナガノケン,ナガノシ,シンシュウシンマチコエドウ,長野県,長野市,信州新町越道
3812406,ナガノケン,ナガノシ,シンシュウシンマチサトホカリ,長野県,長野市,信州新町里穂刈
3812413,ナガノケン,ナガノシ,シンシュウシンマチシモイチバ,長野県,長野市,信州新町下市場
3812405,ナガノケン,ナガノシ,シンシュウシンマチシンマチ,長野県,長野市,信州新町新町
3812424,ナガノケン,ナガノシ,シンシュウシンマチソウ,長野県,長野市,信州新町左右
3812411,ナガノケン,ナガノシ,シンシュウシンマチタケブサ,長野県,長野市,信州新町竹房
3812415,ナガノケン,ナガノシ,シンシュウシンマチナカマキ,長野県,長野市,信州新町中牧
3812421,ナガノケン,ナガノシ,シンシュウシンマチノブシナ,長野県,長野市,信州新町信級
3812423,ナガノケン,ナガノシ,シンシュウシンマチヒハラニシ,長野県,長野市,信州新町日原西
3812422,ナガノケン,ナガノシ,シンシュウシンマチヒハラヒガシ,長野県,長野市,信州新町日原東
3812416,ナガノケン,ナガノシ,シンシュウシンマチヒロサキ,長野県,長野市,信州新町弘崎
3812414,ナガノケン,ナガノシ,シンシュウシンマチマキダナカ,長野県,長野市,信州新町牧田中
3812412,ナガノケン,ナガノシ,シンシュウシンマチマキノシマ,長野県,長野市,信州新町牧野島
3812403,ナガノケン,ナガノシ,シンシュウシンマチミノチ,長野県,長野市,信州新町水内
3812402,ナガノケン,ナガノシ,シンシュウシンマチヤマカミジョウ,長野県,長野市,信州新町山上条
3812407,ナガノケン,ナガノシ,シンシュウシンマチヤマホカリ,長野県,長野市,信州新町山穂刈
3800873,ナガノケン,ナガノシ,シンスワ,長野県,長野市,新諏訪
3800873,ナガノケン,ナガノシ,シンスワチョウ,長野県,長野市,新諏訪町
3800835,ナガノケン,ナガノシ,シンデンチョウ,長野県,長野市,新田町
3800853,ナガノケン,ナガノシ,シンマチ,長野県,長野市,新町
3888020,ナガノケン,ナガノシ,シンメイ,長野県,長野市,神明
3800825,ナガノケン,ナガノシ,スエヒロチョウ,長野県,長野市,末広町
3800844,ナガノケン,ナガノシ,スワチョウ,長野県,長野市,諏訪町
3810071,ナガノケン,ナガノシ,ダイガクボ,長野県,長野市,台ケ窪
3800841,ナガノケン,ナガノシ,ダイモンチョウ,長野県,長野市,大門町
3810034,ナガノケン,ナガノシ,タカダ,長野県,長野市,高田
3810087,ナガノケン,ナガノシ,タコ,長野県,長野市,田子
3800884,ナガノケン,ナガノシ,タタラ,長野県,長野市,鑪
3800864,ナガノケン,ナガノシ,タツマチ,長野県,長野市,立町
3810086,ナガノケン,ナガノシ,タナカ,長野県,長野市,田中
3800815,ナガノケン,ナガノシ,タマチ,長野県,長野市,田町
3812246,ナガノケン,ナガノシ,タンバジマ,長野県,長野市,丹波島
3810002,ナガノケン,ナガノシ,ツノ,長野県,長野市,津野
3800872,ナガノケン,ナガノシ,ツマシナ,長野県,長野市,妻科
3800907,ナガノケン,ナガノシ,ツルガ,長野県,長野市,鶴賀
3800901,ナガノケン,ナガノシ,ツルガ（イマチ）,長野県,長野市,鶴賀（居町）
3800821,ナガノケン,ナガノシ,ツルガ（カミチトセマチ）,長野県,長野市,鶴賀（上千歳町）
3800833,ナガノケン,ナガノシ,ツルガ（ゴンドウチョウ）,長野県,長野市,鶴賀（権堂町）
3800812,ナガノケン,ナガノシ,ツルガ（サナエチョウ）,長野県,長野市,鶴賀（早苗町）
3800815,ナガノケン,ナガノシ,ツルガ（タマチ）,長野県,長野市,鶴賀（田町）
3800834,ナガノケン,ナガノシ,ツルガ（トイゴショマチ）,長野県,長野市,鶴賀（問御所町）
3800902,ナガノケン,ナガノシ,ツルガ（ナカゼキ）,長野県,長野市,鶴賀（中堰）
3800906,ナガノケン,ナガノシ,ツルガ（ナナセ）,長野県,長野市,鶴賀（七瀬）
3800904,ナガノケン,ナガノシ,ツルガ（ナナセナカマチ）,長野県,長野市,鶴賀（七瀬中町）
3800905,ナガノケン,ナガノシ,ツルガ（ナナセナンブ）,長野県,長野市,鶴賀（七瀬南部）
3800814,ナガノケン,ナガノシ,ツルガ（ニシツルガマチ）,長野県,長野市,鶴賀（西鶴賀町）
3800811,ナガノケン,ナガノシ,ツルガ（ヒガシツルガマチ）,長野県,長野市,鶴賀（東鶴賀町）
3800813,ナガノケン,ナガノシ,ツルガ（ミドリチョウ）,長野県,長野市,鶴賀（緑町）
3800822,ナガノケン,ナガノシ,ツルガ（ミナミチトセマチ）,長野県,長野市,鶴賀（南千歳町）
3800903,ナガノケン,ナガノシ,ツルガ（ミネムラ）,長野県,長野市,鶴賀（峰村）
3800834,ナガノケン,ナガノシ,トイゴショマチ,長野県,長野市,問御所町
3814101,ナガノケン,ナガノシ,トガクシ,長野県,長野市,戸隠
3814103,ナガノケン,ナガノシ,トガクシソヤマ,長野県,長野市,戸隠祖山
3814104,ナガノケン,ナガノシ,トガクシトチワラ,長野県,長野市,戸隠栃原
3814102,ナガノケン,ナガノシ,トガクシトヨオカ,長野県,長野市,戸隠豊岡
3810041,ナガノケン,ナガノシ,トクマ,長野県,長野市,徳間
3800882,ナガノケン,ナガノシ,トミダ,長野県,長野市,富田
3810006,ナガノケン,ナガノシ,トミタケ,長野県,長野市,富竹
3891104,ナガノケン,ナガノシ,トヨノマチアサノ,長野県,長野市,豊野町浅野
3891106,ナガノケン,ナガノシ,トヨノマチイシ,長野県,長野市,豊野町石
3891102,ナガノケン,ナガノシ,トヨノマチオオクラ,長野県,長野市,豊野町大倉
3891103,ナガノケン,ナガノシ,トヨノマチカニサワ,長野県,長野市,豊野町蟹沢
3891101,ナガノケン,ナガノシ,トヨノマチカワタニ,長野県,長野市,豊野町川谷
3891105,ナガノケン,ナガノシ,トヨノマチトヨノ,長野県,長野市,豊野町豊野
3891107,ナガノケン,ナガノシ,トヨノマチミナミゴウ,長野県,長野市,豊野町南郷
3810044,ナガノケン,ナガノシ,ナカゴエ,長野県,長野市,中越
3800935,ナガノケン,ナガノシ,ナカゴショ,長野県,長野市,中御所
3800934,ナガノケン,ナガノシ,ナカゴショマチ,長野県,長野市,中御所町
3813203,ナガノケン,ナガノシ,ナカジョウ,長野県,長野市,中条
3813202,ナガノケン,ナガノシ,ナカジョウクサガノ,長野県,長野市,中条日下野
3813205,ナガノケン,ナガノシ,ナカジョウスメラギ,長野県,長野市,中条住良木
3813201,ナガノケン,ナガノシ,ナカジョウヒダカ,長野県,長野市,中条日高
3813204,ナガノケン,ナガノシ,ナカジョウミヤマサ,長野県,長野市,中条御山里
3810074,ナガノケン,ナガノシ,ナカゾネ,長野県,長野市,中曽根
3800843,ナガノケン,ナガノシ,ナガトチョウ,長野県,長野市,長門町
3800922,ナガノケン,ナガノシ,ナナセ,長野県,長野市,七瀬
3800904,ナガノケン,ナガノシ,ナナセナカマチ,長野県,長野市,七瀬中町
3800905,ナガノケン,ナガノシ,ナナセナンブ,長野県,長野市,七瀬南部
3813164,ナガノケン,ナガノシ,ナニアイオツ,長野県,長野市,七二会乙
3813163,ナガノケン,ナガノシ,ナニアイキ,長野県,長野市,七二会己
3813165,ナガノケン,ナガノシ,ナニアイコウ,長野県,長野市,七二会甲
3813161,ナガノケン,ナガノシ,ナニアイテイ,長野県,長野市,七二会丁
3813166,ナガノケン,ナガノシ,ナニアイヘイ,長野県,長野市,七二会丙
3813162,ナガノケン,ナガノシ,ナニアイボ,長野県,長野市,七二会戊
3810031,ナガノケン,ナガノシ,ニシオワリベ,長野県,長野市,西尾張部
3800845,ナガノケン,ナガノシ,ニシゴチョウ,長野県,長野市,西後町
3810083,ナガノケン,ナガノシ,ニシサンサイ,長野県,長野市,西三才
3800814,ナガノケン,ナガノシ,ニシツルガマチ,長野県,長野市,西鶴賀町
3800871,ナガノケン,ナガノシ,ニシナガノ,長野県,長野市,西長野
3800857,ナガノケン,ナガノシ,ニシノモンチョウ,長野県,長野市,西之門町
3800842,ナガノケン,ナガノシ,ニシマチ,長野県,長野市,西町
3810037,ナガノケン,ナガノシ,ニシワダ,長野県,長野市,西和田
3800801,ナガノケン,ナガノシ,ハコシミズ,長野県,長野市,箱清水
3800865,ナガノケン,ナガノシ,ハナサキチョウ,長野県,長野市,花咲町
3800832,ナガノケン,ナガノシ,ヒガシゴチョウ,長野県,長野市,東後町
3888001,ナガノケン,ナガノシ,ヒガシサイナミ,長野県,長野市,東犀南
3800811,ナガノケン,ナガノシ,ヒガシツルガマチ,長野県,長野市,東鶴賀町
3800852,ナガノケン,ナガノシ,ヒガシノモンチョウ,長野県,長野市,東之門町
3800831,ナガノケン,ナガノシ,ヒガシマチ,長野県,長野市,東町
3810038,ナガノケン,ナガノシ,ヒガシワダ,長野県,長野市,東和田
3800947,ナガノケン,ナガノシ,ヒラシバ,長野県,長野市,平柴
3800946,ナガノケン,ナガノシ,ヒラシバダイ,長野県,長野市,平柴台
3810036,ナガノケン,ナガノシ,ヒラバヤシ,長野県,長野市,平林
3800886,ナガノケン,ナガノシ,ヒロセ,長野県,長野市,広瀬
3812213,ナガノケン,ナガノシ,ヒロタ,長野県,長野市,広田
3810003,ナガノケン,ナガノシ,ホヤス,長野県,長野市,穂保
3812203,ナガノケン,ナガノシ,マシママチカワイ,長野県,長野市,真島町川合
3812204,ナガノケン,ナガノシ,マシママチマシマ,長野県,長野市,真島町真島
3810026,ナガノケン,ナガノシ,マツオカ,長野県,長野市,松岡
3811226,ナガノケン,ナガノシ,マツシロオンセン,長野県,長野市,松代温泉
3811234,ナガノケン,ナガノシ,マツシロマチイワノ,長野県,長野市,松代町岩野
3811211,ナガノケン,ナガノシ,マツシロマチオオムロ,長野県,長野市,松代町大室
3811213,ナガノケン,ナガノシ,マツシロマチオシマダ,長野県,長野市,松代町小島田
3811233,ナガノケン,ナガノシ,マツシロマチキヨノ,長野県,長野市,松代町清野
3811214,ナガノケン,ナガノシ,マツシロマチシバ,長野県,長野市,松代町柴
3811224,ナガノケン,ナガノシ,マツシロマチジョウトウ,長野県,長野市,松代町城東
3811235,ナガノケン,ナガノシ,マツシロマチジョウホク,長野県,長野市,松代町城北
3811222,ナガノケン,ナガノシ,マツシロマチトヨサカ,長野県,長野市,松代町豊栄
3811232,ナガノケン,ナガノシ,マツシロマチニシジョウ,長野県,長野市,松代町西条
3811215,ナガノケン,ナガノシ,マツシロマチニシテラオ,長野県,長野市,松代町西寺尾
3811221,ナガノケン,ナガノシ,マツシロマチヒガシジョウ,長野県,長野市,松代町東条
3811225,ナガノケン,ナガノシ,マツシロマチヒガシテラオ,長野県,長野市,松代町東寺尾
3811212,ナガノケン,ナガノシ,マツシロマチマキシマ,長野県,長野市,松代町牧島
3811231,ナガノケン,ナガノシ,マツシロマチマツシロ,長野県,長野市,松代町松代
3810022,ナガノケン,ナガノシ,マメジマ,長野県,長野市,大豆島
3810052,ナガノケン,ナガノシ,マユミダ,長野県,長野市,檀田
3888013,ナガノケン,ナガノシ,ミコトガワ,長野県,長野市,みこと川
3810076,ナガノケン,ナガノシ,ミツデ,長野県,長野市,三ツ出
3800813,ナガノケン,ナガノシ,ミドリチョウ,長野県,長野市,緑町
3811223,ナガノケン,ナガノシ,ミナカミダイ,長野県,長野市,皆神台
3800836,ナガノケン,ナガノシ,ミナミアガタマチ,長野県,長野市,南県町
3800824,ナガノケン,ナガノシ,ミナミイシドウチョウ,長野県,長野市,南石堂町
3810033,ナガノケン,ナガノシ,ミナミタカダ,長野県,長野市,南高田
3800823,ナガノケン,ナガノシ,ミナミチトセ,長野県,長野市,南千歳
3800822,ナガノケン,ナガノシ,ミナミチトセマチ,長野県,長野市,南千歳町
3810024,ナガノケン,ナガノシ,ミナミナガイケ,長野県,長野市,南長池
3800837,ナガノケン,ナガノシ,ミナミナガノ（ハバシタ）,長野県,長野市,南長野（幅下）
3810016,ナガノケン,ナガノシ,ミナミホリ,長野県,長野市,南堀
3800952,ナガノケン,ナガノシ,ミヤオキ,長野県,長野市,宮沖
3800803,ナガノケン,ナガノシ,ミワ,長野県,長野市,三輪
3800816,ナガノケン,ナガノシ,ミワタマチ,長野県,長野市,三輪田町
3810011,ナガノケン,ナガノシ,ムラヤマ,長野県,長野市,村山
3800874,ナガノケン,ナガノシ,モスゲ,長野県,長野市,茂菅
3800851,ナガノケン,ナガノシ,モトヨシチョウ,長野県,長野市,元善町
3810055,ナガノケン,ナガノシ,ヤシキダ,長野県,長野市,屋敷田
3810021,ナガノケン,ナガノシ,ヤシマ,長野県,長野市,屋島
3810012,ナガノケン,ナガノシ,ヤナギハラ,長野県,長野市,柳原
3800805,ナガノケン,ナガノシ,ヤナギマチ,長野県,長野市,柳町
3800876,ナガノケン,ナガノシ,ヤマダナカ,長野県,長野市,山田中
3800861,ナガノケン,ナガノシ,ヨコサワチョウ,長野県,長野市,横沢町
3800856,ナガノケン,ナガノシ,ヨコマチ,長野県,長野市,横町
3800807,ナガノケン,ナガノシ,ヨコヤマ,長野県,長野市,横山
3810088,ナガノケン,ナガノシ,ヨシ,長野県,長野市,吉
3810043,ナガノケン,ナガノシ,ヨシダ,長野県,長野市,吉田
3800806,ナガノケン,ナガノシ,ヨドガバシ,長野県,長野市,淀ケ橋
3800928,ナガノケン,ナガノシ,ワカサト,長野県,長野市,若里
3810084,ナガノケン,ナガノシ,ワカツキヒガシジョウ,長野県,長野市,若槻東条
3810051,ナガノケン,ナガノシ,ワカツキダンチ,長野県,長野市,若槻団地
3810089,ナガノケン,ナガノシ,ワカツキニシジョウ,長野県,長野市,若槻西条
3810103,ナガノケン,ナガノシ,ワカホカワダ,長野県,長野市,若穂川田
3810102,ナガノケン,ナガノシ,ワカホホシナ,長野県,長野市,若穂保科
3810101,ナガノケン,ナガノシ,ワカホワタウチ,長野県,長野市,若穂綿内
3812201,ナガノケン,ナガノシ,ワカホウシジマ（１２９８−１８３５バンチ）,長野県,長野市,若穂牛島（１２９８〜１８３５番地）
3810104,ナガノケン,ナガノシ,ワカホウシジマ（ソノタ）,長野県,長野市,若穂牛島（その他）
3800847,ナガノケン,ナガノシ,ワカマツチョウ,長野県,長野市,若松町
3810032,ナガノケン,ナガノシ,ワカミヤ,長野県,長野市,若宮
3990000,ナガノケン,マツモトシ,イカニケイサイガナイバアイ,長野県,松本市,以下に掲載がない場合
3997402,ナガノケン,マツモトシ,アイダ,長野県,松本市,会田
3900812,ナガノケン,マツモトシ,アガタ,長野県,松本市,県
3997415,ナガノケン,マツモトシ,アカヌタ,長野県,松本市,赤怒田
3900802,ナガノケン,マツモトシ,アサヒ,長野県,松本市,旭
3900303,ナガノケン,マツモトシ,アサマオンセン,長野県,松本市,浅間温泉
3901702,ナガノケン,マツモトシ,アズサガワアズサ,長野県,松本市,梓川梓
3901703,ナガノケン,マツモトシ,アズサガワウエノ,長野県,松本市,梓川上野
3901701,ナガノケン,マツモトシ,アズサガワヤマト,長野県,松本市,梓川倭
3901504,ナガノケン,マツモトシ,アヅミ（イネコキ）,長野県,松本市,安曇（稲核）
3901501,ナガノケン,マツモトシ,アヅミ（オオノタ）,長野県,松本市,安曇（大野田）
3901516,ナガノケン,マツモトシ,アヅミ（カミコウチ）,長野県,松本市,安曇（上高地）
3901514,ナガノケン,マツモトシ,アヅミ（サワンド）,長野県,松本市,安曇（沢渡）
3901502,ナガノケン,マツモトシ,アヅミ（シマシマ）,長野県,松本市,安曇（島々）
3901515,ナガノケン,マツモトシ,アヅミ（シラホネ）,長野県,松本市,安曇（白骨）
3901513,ナガノケン,マツモトシ,アヅミ（スズラン）,長野県,松本市,安曇（鈴蘭）
3901511,ナガノケン,マツモトシ,アヅミ（センゴクダイラ）,長野県,松本市,安曇（千石平）
3901512,ナガノケン,マツモトシ,アヅミ（ナラノキ）,長野県,松本市,安曇（楢ノ木）
3901503,ナガノケン,マツモトシ,アヅミ（ハシバ）,長野県,松本市,安曇（橋場）
3901506,ナガノケン,マツモトシ,アヅミ（バンドコロ）,長野県,松本市,安曇（番所）
3901507,ナガノケン,マツモトシ,アヅミ（ミヤノハラ）,長野県,松本市,安曇（宮の原）
3901520,ナガノケン,マツモトシ,アヅミ（ソノタ）,長野県,松本市,安曇（その他）
3997403,ナガノケン,マツモトシ,アナザワ,長野県,松本市,穴沢
3900861,ナガノケン,マツモトシ,アリガサキ,長野県,松本市,蟻ケ崎
3900867,ナガノケン,マツモトシ,アリガサキダイ,長野県,松本市,蟻ケ崎台
3900831,ナガノケン,マツモトシ,イガワジョウ,長野県,松本市,井川城
3900845,ナガノケン,マツモトシ,イシシバ（１、２チョウメ）,長野県,松本市,石芝（１、２丁目）
3990007,ナガノケン,マツモトシ,イシシバ（３、４チョウメ）,長野県,松本市,石芝（３、４丁目）
3997405,ナガノケン,マツモトシ,イタバ,長野県,松本市,板場
3990004,ナガノケン,マツモトシ,イチバ,長野県,松本市,市場
3900827,ナガノケン,マツモトシ,イデガワ,長野県,松本市,出川
3900826,ナガノケン,マツモトシ,イデガワマチ,長野県,松本市,出川町
3901131,ナガノケン,マツモトシ,イマイ,長野県,松本市,今井
3900222,ナガノケン,マツモトシ,イリヤマベ,長野県,松本市,入山辺
3900813,ナガノケン,マツモトシ,ウズハシ,長野県,松本市,埋橋
3990023,ナガノケン,マツモトシ,ウチダ,長野県,松本市,内田
3900874,ナガノケン,マツモトシ,オオテ,長野県,松本市,大手
3900304,ナガノケン,マツモトシ,オオムラ,長野県,松本市,大村
3900314,ナガノケン,マツモトシ,オカダイブカ,長野県,松本市,岡田伊深
3900313,ナガノケン,マツモトシ,オカダシモオカダ,長野県,松本市,岡田下岡田
3900315,ナガノケン,マツモトシ,オカダマチ,長野県,松本市,岡田町
3900312,ナガノケン,マツモトシ,オカダマツオカ,長野県,松本市,岡田松岡
3900876,ナガノケン,マツモトシ,カイチ,長野県,松本市,開智
3997413,ナガノケン,マツモトシ,カナヤママチ,長野県,松本市,金山町
3900837,ナガノケン,マツモトシ,カマダ,長野県,松本市,鎌田
3997417,ナガノケン,マツモトシ,カリヤハラマチ,長野県,松本市,刈谷原町
3900822,ナガノケン,マツモトシ,カンダ,長野県,松本市,神田
3901243,ナガノケン,マツモトシ,カンバヤシ,長野県,松本市,神林
3900872,ナガノケン,マツモトシ,キタフカシ,長野県,松本市,北深志
3900871,ナガノケン,マツモトシ,キリ,長野県,松本市,桐
3901132,ナガノケン,マツモトシ,クウコウヒガシ,長野県,松本市,空港東
3997401,ナガノケン,マツモトシ,ゴジョウ,長野県,松本市,五常
3990024,ナガノケン,マツモトシ,コトブキコアカ,長野県,松本市,寿小赤
3990012,ナガノケン,マツモトシ,コトブキシラセブチ,長野県,松本市,寿白瀬渕
3990025,ナガノケン,マツモトシ,コトブキダイ,長野県,松本市,寿台
3990021,ナガノケン,マツモトシ,コトブキトヨオカ,長野県,松本市,寿豊丘
3990011,ナガノケン,マツモトシ,コトブキキタ,長野県,松本市,寿北
3990026,ナガノケン,マツモトシ,コトブキナカ,長野県,松本市,寿中
3990027,ナガノケン,マツモトシ,コトブキミナミ,長野県,松本市,寿南
3990039,ナガノケン,マツモトシ,コヤキタ,長野県,松本市,小屋北
3990038,ナガノケン,マツモトシ,コヤミナミ,長野県,松本市,小屋南
3990033,ナガノケン,マツモトシ,ササガ,長野県,松本市,笹賀
3900847,ナガノケン,マツモトシ,ササベ,長野県,松本市,笹部
3900221,ナガノケン,マツモトシ,サトヤマベ,長野県,松本市,里山辺
3900877,ナガノケン,マツモトシ,サワムラ,長野県,松本市,沢村
3900301,ナガノケン,マツモトシ,シナグラ,長野県,松本市,稲倉
3900851,ナガノケン,マツモトシ,シマウチ（１−９８１９、９８２２、９８３１−９８６３バンチ）,長野県,松本市,島内（１〜９８１９、９８２２、９８３１〜９８６３番地）
3998251,ナガノケン,マツモトシ,シマウチ（９８２０、９８２１、９８２３−９８３０、９８６４バンチイジョウ）,長野県,松本市,島内（９８２０、９８２１、９８２３〜９８３０、９８６４番地以上）
3900852,ナガノケン,マツモトシ,シマダチ,長野県,松本市,島立
3900805,ナガノケン,マツモトシ,シミズ,長野県,松本市,清水
3900875,ナガノケン,マツモトシ,ジョウセイ,長野県,松本市,城西
3900807,ナガノケン,マツモトシ,ジョウトウ,長野県,松本市,城東
3900828,ナガノケン,マツモトシ,ショウナイ,長野県,松本市,庄内
3900866,ナガノケン,マツモトシ,ジョウヤマ,長野県,松本市,城山
3900863,ナガノケン,マツモトシ,シライタ,長野県,松本市,白板
3900865,ナガノケン,マツモトシ,シンバシ,長野県,松本市,新橋
3900305,ナガノケン,マツモトシ,ソウザ,長野県,松本市,惣社
3900842,ナガノケン,マツモトシ,ソヤノ,長野県,松本市,征矢野
3997418,ナガノケン,マツモトシ,ソリマチ,長野県,松本市,反町
3900834,ナガノケン,マツモトシ,タカミヤナカ,長野県,松本市,高宮中
3900835,ナガノケン,マツモトシ,タカミヤヒガシ,長野県,松本市,高宮東
3900844,ナガノケン,マツモトシ,タカミヤニシ,長野県,松本市,高宮西
3900843,ナガノケン,マツモトシ,タカミヤミナミ,長野県,松本市,高宮南
3900836,ナガノケン,マツモトシ,タカミヤキタ,長野県,松本市,高宮北
3900811,ナガノケン,マツモトシ,チュウオウ,長野県,松本市,中央
3900821,ナガノケン,マツモトシ,ツカマ,長野県,松本市,筑摩
3997414,ナガノケン,マツモトシ,トノノイリ,長野県,松本市,殿野入
3997404,ナガノケン,マツモトシ,トリイデ,長野県,松本市,取出
3997411,ナガノケン,マツモトシ,ナカガワ,長野県,松本市,中川
3900816,ナガノケン,マツモトシ,ナカジョウ,長野県,松本市,中条
3900823,ナガノケン,マツモトシ,ナカヤマ,長野県,松本市,中山
3900824,ナガノケン,マツモトシ,ナカヤマダイ,長野県,松本市,中山台
3901611,ナガノケン,マツモトシ,ナガワ,長野県,松本市,奈川
3900841,ナガノケン,マツモトシ,ナギサ,長野県,松本市,渚
3997416,ナガノケン,マツモトシ,ナナアラシ,長野県,松本市,七嵐
3900825,ナガノケン,マツモトシ,ナミヤナギ,長野県,松本市,並柳
3901241,ナガノケン,マツモトシ,ニイムラ,長野県,松本市,新村
3990006,ナガノケン,マツモトシ,ノミゾニシ,長野県,松本市,野溝西
3990034,ナガノケン,マツモトシ,ノミゾヒガシ,長野県,松本市,野溝東
3990005,ナガノケン,マツモトシ,ノミゾモッコウ,長野県,松本市,野溝木工
3901401,ナガノケン,マツモトシ,ハタ,長野県,松本市,波田
3900817,ナガノケン,マツモトシ,ハバウエ,長野県,松本市,巾上
3900316,ナガノケン,マツモトシ,ハラ,長野県,松本市,原
3990014,ナガノケン,マツモトシ,ヒラタヒガシ,長野県,松本市,平田東
3990015,ナガノケン,マツモトシ,ヒラタニシ,長野県,松本市,平田西
3900815,ナガノケン,マツモトシ,フカシ,長野県,松本市,深志
3900833,ナガノケン,マツモトシ,フタバ,長野県,松本市,双葉
3997412,ナガノケン,マツモトシ,ホフクジマチ,長野県,松本市,保福寺町
3900317,ナガノケン,マツモトシ,ホラ,長野県,松本市,洞
3900814,ナガノケン,マツモトシ,ホンジョウ,長野県,松本市,本庄
3990022,ナガノケン,マツモトシ,マツバラ,長野県,松本市,松原
3900873,ナガノケン,マツモトシ,マルノウチ,長野県,松本市,丸の内
3900302,ナガノケン,マツモトシ,ミサヤマ,長野県,松本市,三才山
3900801,ナガノケン,マツモトシ,ミスズ,長野県,松本市,美須々
3900311,ナガノケン,マツモトシ,ミズクマ,長野県,松本市,水汲
3900306,ナガノケン,マツモトシ,ミナミアサマ,長野県,松本市,南浅間
3900846,ナガノケン,マツモトシ,ミナミハラ,長野県,松本市,南原
3900832,ナガノケン,マツモトシ,ミナミマツモト,長野県,松本市,南松本
3990001,ナガノケン,マツモトシ,ミヤタ,長野県,松本市,宮田
3900862,ナガノケン,マツモトシ,ミヤブチ,長野県,松本市,宮渕
3900864,ナガノケン,マツモトシ,ミヤブチホンムラ,長野県,松本市,宮渕本村
3990035,ナガノケン,マツモトシ,ムライマチキタ,長野県,松本市,村井町北
3990037,ナガノケン,マツモトシ,ムライマチニシ,長野県,松本市,村井町西
3990036,ナガノケン,マツモトシ,ムライマチミナミ,長野県,松本市,村井町南
3900806,ナガノケン,マツモトシ,メトバ,長野県,松本市,女鳥羽
3900803,ナガノケン,マツモトシ,モトマチ,長野県,松本市,元町
3900804,ナガノケン,マツモトシ,ヨコタ,長野県,松本市,横田
3990002,ナガノケン,マツモトシ,ヨシノ,長野県,松本市,芳野
3900848,ナガノケン,マツモトシ,リョウシマ,長野県,松本市,両島
3901242,ナガノケン,マツモトシ,ワダ,長野県,松本市,和田
3860000,ナガノケン,ウエダシ,イカニケイサイガナイバアイ,長野県,上田市,以下に掲載がない場合
3860155,ナガノケン,ウエダシ,アオクボ,長野県,上田市,蒼久保
3860041,ナガノケン,ウエダシ,アキワ,長野県,上田市,秋和
3860411,ナガノケン,ウエダシ,イクタ,長野県,上田市,生田
3860153,ナガノケン,ウエダシ,イワシタ,長野県,上田市,岩下
3860001,ナガノケン,ウエダシ,ウエダ,長野県,上田市,上田
3861102,ナガノケン,ウエダシ,ウエダハラ,長野県,上田市,上田原
3860003,ナガノケン,ウエダシ,ウエノ,長野県,上田市,上野
3861546,ナガノケン,ウエダシ,ウラノ,長野県,上田市,浦野
3860006,ナガノケン,ウエダシ,ウルシド,長野県,上田市,漆戸
3860024,ナガノケン,ウエダシ,オオテ,長野県,上田市,大手
3860152,ナガノケン,ウエダシ,オオヤ,長野県,上田市,大屋
3861543,ナガノケン,ウエダシ,オカ,長野県,上田市,岡
3860323,ナガノケン,ウエダシ,カケユオンセン,長野県,上田市,鹿教湯温泉
3861103,ナガノケン,ウエダシ,カバタケ,長野県,上田市,神畑
3861108,ナガノケン,ウエダシ,カバタケオツ,長野県,上田市,神畑乙
3860042,ナガノケン,ウエダシ,カミシオジリ,長野県,上田市,上塩尻
3860508,ナガノケン,ウエダシ,カミタケシ,長野県,上田市,上武石
3860404,ナガノケン,ウエダシ,カミマルコ,長野県,上田市,上丸子
3861541,ナガノケン,ウエダシ,カミムロガ,長野県,上田市,上室賀
3861213,ナガノケン,ウエダシ,コアソ,長野県,上田市,古安曽
3861106,ナガノケン,ウエダシ,コイズミ,長野県,上田市,小泉
3861545,ナガノケン,ウエダシ,コウド,長野県,上田市,越戸
3861324,ナガノケン,ウエダシ,ゴカ,長野県,上田市,五加
3860016,ナガノケン,ウエダシ,コクブ,長野県,上田市,国分
3860005,ナガノケン,ウエダシ,コサト,長野県,上田市,古里
3860403,ナガノケン,ウエダシ,コシゴエ,長野県,上田市,腰越
3861322,ナガノケン,ウエダシ,コジマ,長野県,上田市,小島
3860033,ナガノケン,ウエダシ,ゴショ,長野県,上田市,御所
3860031,ナガノケン,ウエダシ,コマキ,長野県,上田市,小牧
3860014,ナガノケン,ウエダシ,ザイモクチョウ,長野県,上田市,材木町
3862201,ナガノケン,ウエダシ,サナダマチオサ,長野県,上田市,真田町長
3862203,ナガノケン,ウエダシ,サナダマチソエヒ,長野県,上田市,真田町傍陽
3862202,ナガノケン,ウエダシ,サナダマチモトハラ,長野県,上田市,真田町本原
3860401,ナガノケン,ウエダシ,シオカワ,長野県,上田市,塩川
3860043,ナガノケン,ウエダシ,シモシオジリ,長野県,上田市,下塩尻
3860503,ナガノケン,ウエダシ,シモタケシ,長野県,上田市,下武石
3861211,ナガノケン,ウエダシ,シモノゴウ,長野県,上田市,下之郷
3861214,ナガノケン,ウエダシ,シモノゴウオツ,長野県,上田市,下之郷乙
3861101,ナガノケン,ウエダシ,シモノジョウ,長野県,上田市,下之条
3860406,ナガノケン,ウエダシ,シモマルコ,長野県,上田市,下丸子
3861542,ナガノケン,ウエダシ,シモムロガ,長野県,上田市,下室賀
3861435,ナガノケン,ウエダシ,ジュウニン,長野県,上田市,十人
3861434,ナガノケン,ウエダシ,シンマチ,長野県,上田市,新町
3862204,ナガノケン,ウエダシ,スガダイラコウゲン,長野県,上田市,菅平高原
3860002,ナガノケン,ウエダシ,スミヨシ,長野県,上田市,住吉
3860032,ナガノケン,ウエダシ,スワガタ,長野県,上田市,諏訪形
3860502,ナガノケン,ウエダシ,タケシオキ,長野県,上田市,武石沖
3860504,ナガノケン,ウエダシ,タケシオザワネ,長野県,上田市,武石小沢根
3860507,ナガノケン,ウエダシ,タケシカミホンイリ,長野県,上田市,武石上本入
3860506,ナガノケン,ウエダシ,タケシシモホンイリ,長野県,上田市,武石下本入
3860501,ナガノケン,ウエダシ,タケシトヤ,長野県,上田市,武石鳥屋
3860505,ナガノケン,ウエダシ,タケシヨリ,長野県,上田市,武石余里
3860012,ナガノケン,ウエダシ,チュウオウ,長野県,上田市,中央
3860013,ナガノケン,ウエダシ,チュウオウヒガシ,長野県,上田市,中央東
3860023,ナガノケン,ウエダシ,チュウオウニシ,長野県,上田市,中央西
3860011,ナガノケン,ウエダシ,チュウオウキタ,長野県,上田市,中央北
3861107,ナガノケン,ウエダシ,ツイジ,長野県,上田市,築地
3861433,ナガノケン,ウエダシ,テヅカ,長野県,上田市,手塚
3860025,ナガノケン,ウエダシ,テンジン,長野県,上田市,天神
3860015,ナガノケン,ウエダシ,トキイリ,長野県,上田市,常入
3860018,ナガノケン,ウエダシ,トキダ,長野県,上田市,常田
3860027,ナガノケン,ウエダシ,トキワギ,長野県,上田市,常磐城
3860004,ナガノケン,ウエダシ,トノシロ,長野県,上田市,殿城
3860407,ナガノケン,ウエダシ,ナガセ,長野県,上田市,長瀬
3861325,ナガノケン,ウエダシ,ナカノ,長野県,上田市,中野
3860034,ナガノケン,ウエダシ,ナカノジョウ,長野県,上田市,中之条
3860405,ナガノケン,ウエダシ,ナカマルコ,長野県,上田市,中丸子
3861544,ナガノケン,ウエダシ,ニコダ,長野県,上田市,仁古田
3860322,ナガノケン,ウエダシ,ニシウチ,長野県,上田市,西内
3860026,ナガノケン,ウエダシ,ニノマル,長野県,上田市,二の丸
3861437,ナガノケン,ウエダシ,ノグラ,長野県,上田市,野倉
3860156,ナガノケン,ウエダシ,ハヤシノゴウ,長野県,上田市,林之郷
3860413,ナガノケン,ウエダシ,ヒガシウチ,長野県,上田市,東内
3860321,ナガノケン,ウエダシ,ヒライ,長野県,上田市,平井
3861104,ナガノケン,ウエダシ,フクタ,長野県,上田市,福田
3861212,ナガノケン,ウエダシ,フジヤマ,長野県,上田市,富士山
3860402,ナガノケン,ウエダシ,フジワラダ,長野県,上田市,藤原田
3860017,ナガノケン,ウエダシ,フミイリ,長野県,上田市,踏入
3861431,ナガノケン,ウエダシ,ベッショオンセン,長野県,上田市,別所温泉
3861321,ナガノケン,ウエダシ,ホヤ,長野県,上田市,保野
3861323,ナガノケン,ウエダシ,ホンゴウ,長野県,上田市,本郷
3861326,ナガノケン,ウエダシ,マイタ,長野県,上田市,舞田
3861436,ナガノケン,ウエダシ,マエヤマ,長野県,上田市,前山
3860412,ナガノケン,ウエダシ,ミタケドウ,長野県,上田市,御嶽堂
3860022,ナガノケン,ウエダシ,ミドリガオカ,長野県,上田市,緑が丘
3860408,ナガノケン,ウエダシ,モトウンノ,長野県,上田市,本海野
3861327,ナガノケン,ウエダシ,ヤギサワ,長野県,上田市,八木沢
3861432,ナガノケン,ウエダシ,ヤマダ,長野県,上田市,山田
3860151,ナガノケン,ウエダシ,ヨシダ,長野県,上田市,芳田
3861105,ナガノケン,ウエダシ,ヨシダ,長野県,上田市,吉田
3940000,ナガノケン,オカヤシ,イカニケイサイガナイバアイ,長野県,岡谷市,以下に掲載がない場合
3940091,ナガノケン,オカヤシ,オカヤシノツギニバンチガクルバアイ,長野県,岡谷市,岡谷市の次に番地がくる場合
3940002,ナガノケン,オカヤシ,アカハネ,長野県,岡谷市,赤羽
3940053,ナガノケン,オカヤシ,アシノサワ,長野県,岡谷市,芦ノ沢
3940001,ナガノケン,オカヤシ,イマイ,長野県,岡谷市,今井
3940055,ナガノケン,オカヤシ,ウチヤマ,長野県,岡谷市,内山
3940051,ナガノケン,オカヤシ,エンレイ,長野県,岡谷市,塩嶺
3940043,ナガノケン,オカヤシ,オクラチョウ,長野県,岡谷市,御倉町
3940011,ナガノケン,オカヤシ,オサチ,長野県,岡谷市,長地
3940089,ナガノケン,オカヤシ,オサチイズハヤ,長野県,岡谷市,長地出早
3940084,ナガノケン,オカヤシ,オサチカタマチョウ,長野県,岡谷市,長地片間町
3940082,ナガノケン,オカヤシ,オサチゴショ,長野県,岡谷市,長地御所
3940085,ナガノケン,オカヤシ,オサチコハギ,長野県,岡谷市,長地小萩
3940081,ナガノケン,オカヤシ,オサチゴンゲンチョウ,長野県,岡谷市,長地権現町
3940087,ナガノケン,オカヤシ,オサチシズメ,長野県,岡谷市,長地鎮
3940083,ナガノケン,オカヤシ,オサチシバミヤ,長野県,岡谷市,長地柴宮
3940088,ナガノケン,オカヤシ,オサチナシクボ,長野県,岡谷市,長地梨久保
3940086,ナガノケン,オカヤシ,オサチミナモト,長野県,岡谷市,長地源
3940003,ナガノケン,オカヤシ,カモチョウ,長野県,岡谷市,加茂町
3940048,ナガノケン,オカヤシ,カワギシカミ,長野県,岡谷市,川岸上
3940047,ナガノケン,オカヤシ,カワギシナカ,長野県,岡谷市,川岸中
3940045,ナガノケン,オカヤシ,カワギシヒガシ,長野県,岡谷市,川岸東
3940046,ナガノケン,オカヤシ,カワギシニシ,長野県,岡谷市,川岸西
3940022,ナガノケン,オカヤシ,ギンザ,長野県,岡谷市,銀座
3940021,ナガノケン,オカヤシ,ゴウダ,長野県,岡谷市,郷田
3940034,ナガノケン,オカヤシ,コハン,長野県,岡谷市,湖畔
3940029,ナガノケン,オカヤシ,サイワイチョウ,長野県,岡谷市,幸町
3940004,ナガノケン,オカヤシ,シンメイチョウ,長野県,岡谷市,神明町
3940025,ナガノケン,オカヤシ,ダイエイチョウ,長野県,岡谷市,大栄町
3940031,ナガノケン,オカヤシ,タナカチョウ,長野県,岡谷市,田中町
3940027,ナガノケン,オカヤシ,チュウオウチョウ,長野県,岡谷市,中央町
3940026,ナガノケン,オカヤシ,ツカマチョウ,長野県,岡谷市,塚間町
3940035,ナガノケン,オカヤシ,テンリュウチョウ,長野県,岡谷市,天竜町
3940042,ナガノケン,オカヤシ,ナルタチョウ,長野県,岡谷市,成田町
3940033,ナガノケン,オカヤシ,ナングウ,長野県,岡谷市,南宮
3940052,ナガノケン,オカヤシ,ニシバヤシ,長野県,岡谷市,西林
3940054,ナガノケン,オカヤシ,ハンノキ,長野県,岡谷市,半ノ木
3940023,ナガノケン,オカヤシ,ヒガシギンザ,長野県,岡谷市,東銀座
3940056,ナガノケン,オカヤシ,ヒザワ,長野県,岡谷市,樋沢
3940024,ナガノケン,オカヤシ,ホリノウチ,長野県,岡谷市,堀ノ内
3940028,ナガノケン,オカヤシ,ホンチョウ,長野県,岡谷市,本町
3940044,ナガノケン,オカヤシ,ミナト,長野県,岡谷市,湊
3940005,ナガノケン,オカヤシ,ヤマシタチョウ,長野県,岡谷市,山下町
3940041,ナガノケン,オカヤシ,ヤマテチョウ,長野県,岡谷市,山手町
3940053,ナガノケン,オカヤシ,ヨギトギサワ,長野県,岡谷市,ヨギトギ沢
3940032,ナガノケン,オカヤシ,ワカミヤ,長野県,岡谷市,若宮
3950000,ナガノケン,イイダシ,イカニケイサイガナイバアイ,長野県,飯田市,以下に掲載がない場合
3950072,ナガノケン,イイダシ,アケボノチョウ,長野県,飯田市,曙町
3950055,ナガノケン,イイダシ,アサヒマチ,長野県,飯田市,旭町
3950085,ナガノケン,イイダシ,アズマチョウ,長野県,飯田市,吾妻町
3950036,ナガノケン,イイダシ,アタゴチョウ,長野県,飯田市,愛宕町
3950152,ナガノケン,イイダシ,イクラチョウ,長野県,飯田市,育良町
3992434,ナガノケン,イイダシ,イズキ,長野県,飯田市,伊豆木
3950071,ナガノケン,イイダシ,イマミヤチョウ,長野県,飯田市,今宮町
3950023,ナガノケン,イイダシ,エドハマチョウ,長野県,飯田市,江戸浜町
3950015,ナガノケン,イイダシ,エドマチ,長野県,飯田市,江戸町
3950046,ナガノケン,イイダシ,オウギマチ,長野県,飯田市,扇町
3950034,ナガノケン,イイダシ,オウテマチ,長野県,飯田市,追手町
3950053,ナガノケン,イイダシ,オオクボチョウ,長野県,飯田市,大久保町
3950157,ナガノケン,イイダシ,オオセギ,長野県,飯田市,大瀬木
3950056,ナガノケン,イイダシ,オオドオリ,長野県,飯田市,大通
3950068,ナガノケン,イイダシ,オオヤスミ,長野県,飯田市,大休
3950028,ナガノケン,イイダシ,オサヒメチョウ,長野県,飯田市,長姫町
3950805,ナガノケン,イイダシ,カナエイッシキ,長野県,飯田市,鼎一色
3950808,ナガノケン,イイダシ,カナエカミチャヤ,長野県,飯田市,鼎上茶屋
3950802,ナガノケン,イイダシ,カナエシモチャヤ,長野県,飯田市,鼎下茶屋
3950806,ナガノケン,イイダシ,カナエカミヤマ,長野県,飯田市,鼎上山
3950803,ナガノケン,イイダシ,カナエシモヤマ,長野県,飯田市,鼎下山
3950807,ナガノケン,イイダシ,カナエキリイシ,長野県,飯田市,鼎切石
3950801,ナガノケン,イイダシ,カナエナカダイラ,長野県,飯田市,鼎中平
3950804,ナガノケン,イイダシ,カナエナゴクマ,長野県,飯田市,鼎名古熊
3950817,ナガノケン,イイダシ,カナエヒガシカナエ,長野県,飯田市,鼎東鼎
3950026,ナガノケン,イイダシ,カナエニシカナエ,長野県,飯田市,鼎西鼎
3992564,ナガノケン,イイダシ,カミカワジ,長野県,飯田市,上川路
3950002,ナガノケン,イイダシ,カミサトイイヌマ,長野県,飯田市,上郷飯沼
3950003,ナガノケン,イイダシ,カミサトベップ,長野県,飯田市,上郷別府
3950004,ナガノケン,イイダシ,カミサトクロダ,長野県,飯田市,上郷黒田
3950153,ナガノケン,イイダシ,カミトノオカ,長野県,飯田市,上殿岡
3992611,ナガノケン,イイダシ,カミヒサカタ,長野県,飯田市,上久堅
3992612,ナガノケン,イイダシ,カミヒサカタボ,長野県,飯田市,上久堅戊
3991403,ナガノケン,イイダシ,カミムラ,長野県,飯田市,上村
3992431,ナガノケン,イイダシ,カワジ,長野県,飯田市,川路
3950151,ナガノケン,イイダシ,キタガタ,長野県,飯田市,北方
3992565,ナガノケン,イイダシ,キリバヤシ,長野県,飯田市,桐林
3950031,ナガノケン,イイダシ,ギンザ,長野県,飯田市,銀座
3950241,ナガノケン,イイダシ,クメ,長野県,飯田市,久米
3950813,ナガノケン,イイダシ,ケガ,長野県,飯田市,毛賀
3950013,ナガノケン,イイダシ,コデンマチョウ,長野県,飯田市,小伝馬町
3950014,ナガノケン,イイダシ,サクラマチ,長野県,飯田市,桜町
3950001,ナガノケン,イイダシ,ザコウジ,長野県,飯田市,座光寺
3992566,ナガノケン,イイダシ,シマ,長野県,飯田市,嶋
3992432,ナガノケン,イイダシ,シモゼ,長野県,飯田市,下瀬
3950154,ナガノケン,イイダシ,シモトノオカ,長野県,飯田市,下殿岡
3992606,ナガノケン,イイダシ,シモヒサカタイナバ,長野県,飯田市,下久堅稲葉
3992604,ナガノケン,イイダシ,シモヒサカタカキノサワ,長野県,飯田市,下久堅柿野沢
3992605,ナガノケン,イイダシ,シモヒサカタコバヤシ,長野県,飯田市,下久堅小林
3992602,ナガノケン,イイダシ,シモヒサカタシモトライワ,長野県,飯田市,下久堅下虎岩
3992603,ナガノケン,イイダシ,シモヒサカタチクダイラ,長野県,飯田市,下久堅知久平
3992607,ナガノケン,イイダシ,シモヒサカタミナバラ,長野県,飯田市,下久堅南原
3950061,ナガノケン,イイダシ,ショウエイチョウ,長野県,飯田市,正永町
3950084,ナガノケン,イイダシ,スズカチョウ,長野県,飯田市,鈴加町
3950062,ナガノケン,イイダシ,スナハライチョウ,長野県,飯田市,砂払町
3950018,ナガノケン,イイダシ,スワチョウ,長野県,飯田市,諏訪町
3950012,ナガノケン,イイダシ,ダイオウジ,長野県,飯田市,大王路
3950011,ナガノケン,イイダシ,ダイモンチョウ,長野県,飯田市,大門町
3950051,ナガノケン,イイダシ,タカハチョウ,長野県,飯田市,高羽町
3950048,ナガノケン,イイダシ,タキノサワ,長野県,飯田市,滝の沢
3950242,ナガノケン,イイダシ,タケサ,長野県,飯田市,竹佐
3992561,ナガノケン,イイダシ,ダシナ,長野県,飯田市,駄科
3992221,ナガノケン,イイダシ,タツエ,長野県,飯田市,龍江
3992433,ナガノケン,イイダシ,タテイシ,長野県,飯田市,立石
3950032,ナガノケン,イイダシ,チカラマチ,長野県,飯田市,主税町
3950045,ナガノケン,イイダシ,チクマチ,長野県,飯田市,知久町
3992223,ナガノケン,イイダシ,チハエ,長野県,飯田市,千栄
3950041,ナガノケン,イイダシ,チュウオウドオリ,長野県,飯田市,中央通り
3992222,ナガノケン,イイダシ,チヨ,長野県,飯田市,千代
3950016,ナガノケン,イイダシ,テンマチョウ,長野県,飯田市,伝馬町
3950024,ナガノケン,イイダシ,トウエイチョウ,長野県,飯田市,東栄町
3950017,ナガノケン,イイダシ,トウシンチョウ,長野県,飯田市,東新町
3950086,ナガノケン,イイダシ,トウワチョウ,長野県,飯田市,東和町
3950043,ナガノケン,イイダシ,トオリマチ,長野県,飯田市,通り町
3992563,ナガノケン,イイダシ,トキマタ,長野県,飯田市,時又
3950033,ナガノケン,イイダシ,トキワマチ,長野県,飯田市,常盤町
3992601,ナガノケン,イイダシ,トライワ,長野県,飯田市,虎岩
3950021,ナガノケン,イイダシ,ナカノチョウ,長野県,飯田市,仲ノ町
3950156,ナガノケン,イイダシ,ナカムラ,長野県,飯田市,中村
3992562,ナガノケン,イイダシ,ナガノハラ,長野県,飯田市,長野原
3950083,ナガノケン,イイダシ,ニシキチョウ,長野県,飯田市,錦町
3950029,ナガノケン,イイダシ,ニホンマツ,長野県,飯田市,二本松
3950076,ナガノケン,イイダシ,ハクサンチョウ,長野県,飯田市,白山町
3950075,ナガノケン,イイダシ,ハクサンドオリ,長野県,飯田市,白山通り
3950243,ナガノケン,イイダシ,ハコガワ,長野県,飯田市,箱川
3950066,ナガノケン,イイダシ,ハバアカサカ,長野県,飯田市,羽場赤坂
3950065,ナガノケン,イイダシ,ハバカミガワラ,長野県,飯田市,羽場上河原
3950067,ナガノケン,イイダシ,ハバゴンゲン,長野県,飯田市,羽場権現
3950073,ナガノケン,イイダシ,ハバザカチョウ,長野県,飯田市,羽場坂町
3950063,ナガノケン,イイダシ,ハバチョウ,長野県,飯田市,羽場町
3950064,ナガノケン,イイダシ,ハバナカハタ,長野県,飯田市,羽場仲畑
3950027,ナガノケン,イイダシ,ババンチョウ,長野県,飯田市,馬場町
3950022,ナガノケン,イイダシ,ハマイチョウ,長野県,飯田市,浜井町
3950025,ナガノケン,イイダシ,ヒガシチュウオウドオリ,長野県,飯田市,東中央通り
3950044,ナガノケン,イイダシ,ホンマチ,長野県,飯田市,本町
3950811,ナガノケン,イイダシ,マツオアゲミゾ,長野県,飯田市,松尾上溝
3950821,ナガノケン,イイダシ,マツオアライ,長野県,飯田市,松尾新井
3950824,ナガノケン,イイダシ,マツオシミズ,長野県,飯田市,松尾清水
3950812,ナガノケン,イイダシ,マツオシロダ,長野県,飯田市,松尾代田
3950825,ナガノケン,イイダシ,マツオジョウ,長野県,飯田市,松尾城
3950822,ナガノケン,イイダシ,マツオテラドコ,長野県,飯田市,松尾寺所
3950815,ナガノケン,イイダシ,マツオトキワダイ,長野県,飯田市,松尾常盤台
3950816,ナガノケン,イイダシ,マツオヒサイ,長野県,飯田市,松尾久井
3950042,ナガノケン,イイダシ,マツオマチ,長野県,飯田市,松尾町
3950826,ナガノケン,イイダシ,マツオミサジロ,長野県,飯田市,松尾水城
3950823,ナガノケン,イイダシ,マツオミョウ,長野県,飯田市,松尾明
3950074,ナガノケン,イイダシ,マツカワチョウ,長野県,飯田市,松川町
3950077,ナガノケン,イイダシ,マルヤマチョウ,長野県,飯田市,丸山町
3950035,ナガノケン,イイダシ,ミズノテチョウ,長野県,飯田市,水の手町
3950155,ナガノケン,イイダシ,ミッカイチバ,長野県,飯田市,三日市場
3991401,ナガノケン,イイダシ,ミナミシナノキザワ,長野県,飯田市,南信濃木沢
3991221,ナガノケン,イイダシ,ミナミシナノミナミワダ（マンゴ）,長野県,飯田市,南信濃南和田（万古）
3991313,ナガノケン,イイダシ,ミナミシナノミナミワダ（ソノタ）,長野県,飯田市,南信濃南和田（その他）
3991312,ナガノケン,イイダシ,ミナミシナノヤエゴウチ,長野県,飯田市,南信濃八重河内
3991311,ナガノケン,イイダシ,ミナミシナノワダ,長野県,飯田市,南信濃和田
3950037,ナガノケン,イイダシ,ミナミトキワマチ,長野県,飯田市,南常盤町
3950054,ナガノケン,イイダシ,ミノゼチョウ,長野県,飯田市,箕瀬町
3950081,ナガノケン,イイダシ,ミヤノウエ,長野県,飯田市,宮ノ上
3950082,ナガノケン,イイダシ,ミヤノマエ,長野県,飯田市,宮の前
3950052,ナガノケン,イイダシ,モトマチ,長野県,飯田市,元町
3950244,ナガノケン,イイダシ,ヤマモト,長野県,飯田市,山本
3950245,ナガノケン,イイダシ,ヤマモトフタツヤマダンチ,長野県,飯田市,山本二ツ山団地
3950814,ナガノケン,イイダシ,ヤワタマチ,長野県,飯田市,八幡町
3920000,ナガノケン,スワシ,イカニケイサイガナイバアイ,長野県,諏訪市,以下に掲載がない場合
3920011,ナガノケン,スワシ,アカハネ,長野県,諏訪市,赤羽根
3920026,ナガノケン,スワシ,オオテ,長野県,諏訪市,大手
3920005,ナガノケン,スワシ,オカムラ,長野県,諏訪市,岡村
3920013,ナガノケン,スワシ,オキタマチ,長野県,諏訪市,沖田町
3920001,ナガノケン,スワシ,オワ,長野県,諏訪市,大和
3920021,ナガノケン,スワシ,カミガワ,長野県,諏訪市,上川
3920003,ナガノケン,スワシ,カミスワ,長野県,諏訪市,上諏訪
3920008,ナガノケン,スワシ,キリガミネ,長野県,諏訪市,霧ケ峰
3920027,ナガノケン,スワシ,コガンドオリ,長野県,諏訪市,湖岸通り
3920131,ナガノケン,スワシ,コナミ,長野県,諏訪市,湖南
3920024,ナガノケン,スワシ,コワタ,長野県,諏訪市,小和田
3920023,ナガノケン,スワシ,コワタミナミ,長野県,諏訪市,小和田南
3920012,ナガノケン,スワシ,シガ,長野県,諏訪市,四賀
3920010,ナガノケン,スワシ,シブサキ,長野県,諏訪市,渋崎
3920007,ナガノケン,スワシ,シミズ,長野県,諏訪市,清水
3920017,ナガノケン,スワシ,ジョウナン,長野県,諏訪市,城南
3920025,ナガノケン,スワシ,スエヒロ,長野県,諏訪市,末広
3920009,ナガノケン,スワシ,スギナイケ,長野県,諏訪市,杉菜池
3920004,ナガノケン,スワシ,スワ,長野県,諏訪市,諏訪
3920022,ナガノケン,スワシ,タカシマ,長野県,諏訪市,高島
3920016,ナガノケン,スワシ,トヨダ,長野県,諏訪市,豊田
3920015,ナガノケン,スワシ,ナカス,長野県,諏訪市,中洲
3920014,ナガノケン,スワシ,ミナミマチ,長野県,諏訪市,南町
3920006,ナガノケン,スワシ,モトマチ,長野県,諏訪市,元町
3920002,ナガノケン,スワシ,ユノワキ,長野県,諏訪市,湯の脇
3820000,ナガノケン,スザカシ,イカニケイサイガナイバアイ,長野県,須坂市,以下に掲載がない場合
3820065,ナガノケン,スザカシ,アイノシマ,長野県,須坂市,相之島
3820003,ナガノケン,スザカシ,アサヒガオカ,長野県,須坂市,旭ケ丘
3820045,ナガノケン,スザカシ,イノウエ,長野県,須坂市,井上
3820017,ナガノケン,スザカシ,オオモリマチ,長野県,須坂市,相森町
3820012,ナガノケン,スザカシ,オオヤマチ,長野県,須坂市,大谷町
3820901,ナガノケン,スザカシ,オガワラ,長野県,須坂市,小河原
3820071,ナガノケン,スザカシ,オガワラマチ,長野県,須坂市,小河原町
3820025,ナガノケン,スザカシ,オビナタマチ,長野県,須坂市,大日向町
3820083,ナガノケン,スザカシ,カミナカマチ,長野県,須坂市,上中町
3820044,ナガノケン,スザカシ,カミハッチョウ,長野県,須坂市,上八町
3820924,ナガノケン,スザカシ,カメグラ,長野県,須坂市,亀倉
3820033,ナガノケン,スザカシ,カメグラマチ,長野県,須坂市,亀倉町
3820028,ナガノケン,スザカシ,ガリュウ,長野県,須坂市,臥竜
3820084,ナガノケン,スザカシ,カンマチ,長野県,須坂市,上町
3820907,ナガノケン,スザカシ,キタアイノシマ,長野県,須坂市,北相之島
3820061,ナガノケン,スザカシ,キタアイノシママチ,長野県,須坂市,北相之島町
3820002,ナガノケン,スザカシ,キタアサヒガオカマチ,長野県,須坂市,北旭ケ丘町
3820092,ナガノケン,スザカシ,キタハラマチ,長野県,須坂市,北原町
3820077,ナガノケン,スザカシ,キタヨコマチ,長野県,須坂市,北横町
3820933,ナガノケン,スザカシ,クタンダ,長野県,須坂市,九反田
3820048,ナガノケン,スザカシ,クタンダマチ,長野県,須坂市,九反田町
3820914,ナガノケン,スザカシ,コウタカ,長野県,須坂市,幸高
3820047,ナガノケン,スザカシ,コウタカマチ,長野県,須坂市,幸高町
3820931,ナガノケン,スザカシ,ゴカン,長野県,須坂市,五閑
3820053,ナガノケン,スザカシ,ゴカンマチ,長野県,須坂市,五閑町
3820085,ナガノケン,スザカシ,コクマチ,長野県,須坂市,穀町
3820906,ナガノケン,スザカシ,コジマ,長野県,須坂市,小島
3820062,ナガノケン,スザカシ,コジママチ,長野県,須坂市,小島町
3820912,ナガノケン,スザカシ,コヤマ,長野県,須坂市,小山
3820929,ナガノケン,スザカシ,サカタ,長野県,須坂市,坂田
3820026,ナガノケン,スザカシ,サカタマチ,長野県,須坂市,坂田町
3820916,ナガノケン,スザカシ,シオガワ,長野県,須坂市,塩川
3820052,ナガノケン,スザカシ,シオガワマチ,長野県,須坂市,塩川町
3820922,ナガノケン,スザカシ,シオノ,長野県,須坂市,塩野
3820024,ナガノケン,スザカシ,シオノマチ,長野県,須坂市,塩野町
3820043,ナガノケン,スザカシ,シモハッチョウ,長野県,須坂市,下八町
3820005,ナガノケン,スザカシ,シンデンマチ,長野県,須坂市,新田町
3820014,ナガノケン,スザカシ,シンマチ,長野県,須坂市,新町
3820911,ナガノケン,スザカシ,スザカ,長野県,須坂市,須坂
3820075,ナガノケン,スザカシ,スザカハイランドマチ,長野県,須坂市,須坂ハイランド町
3820099,ナガノケン,スザカシ,スミサカ,長野県,須坂市,墨坂
3820098,ナガノケン,スザカシ,スミサカミナミ,長野県,須坂市,墨坂南
3820015,ナガノケン,スザカシ,タイシマチ,長野県,須坂市,太子町
3820932,ナガノケン,スザカシ,タカナシ,長野県,須坂市,高梨
3820054,ナガノケン,スザカシ,タカナシマチ,長野県,須坂市,高梨町
3820016,ナガノケン,スザカシ,タカハシマチ,長野県,須坂市,高橋町
3820004,ナガノケン,スザカシ,タカバタケマチ,長野県,須坂市,高畑町
3820091,ナガノケン,スザカシ,タツマチ,長野県,須坂市,立町
3820917,ナガノケン,スザカシ,タノガミ,長野県,須坂市,田の神
3820073,ナガノケン,スザカシ,タノガミマチ,長野県,須坂市,田の神町
3820013,ナガノケン,スザカシ,トキワチョウ,長野県,須坂市,常盤町
3820926,ナガノケン,スザカシ,トチグラ,長野県,須坂市,栃倉
3820921,ナガノケン,スザカシ,トヨオカ,長野県,須坂市,豊丘
3820022,ナガノケン,スザカシ,トヨオカカミマチ,長野県,須坂市,豊丘上町
3820021,ナガノケン,スザカシ,トヨオカマチ,長野県,須坂市,豊丘町
3820908,ナガノケン,スザカシ,トヨシマ,長野県,須坂市,豊島
3820066,ナガノケン,スザカシ,トヨシママチ,長野県,須坂市,豊島町
3820935,ナガノケン,スザカシ,ナカジマ,長野県,須坂市,中島
3820055,ナガノケン,スザカシ,ナカジママチ,長野県,須坂市,中島町
3820082,ナガノケン,スザカシ,ナカマチ,長野県,須坂市,中町
3820032,ナガノケン,スザカシ,ナツバタマチ,長野県,須坂市,夏端町
3820063,ナガノケン,スザカシ,ニシマチ,長野県,須坂市,西町
3820046,ナガノケン,スザカシ,ニボクマチ,長野県,須坂市,二睦町
3862211,ナガノケン,スザカシ,ニレイ（３１５３−１−３１５３−１１００＜ミネノハラコウゲン＞）,長野県,須坂市,仁礼（３１５３−１〜３１５３−１１００「峰の原高原」）
3820925,ナガノケン,スザカシ,ニレイ（ソノタ）,長野県,須坂市,仁礼（その他）
3820034,ナガノケン,スザカシ,ニレイマチ,長野県,須坂市,仁礼町
3820905,ナガノケン,スザカシ,ヌマメ,長野県,須坂市,沼目
3820064,ナガノケン,スザカシ,ヌマメマチ,長野県,須坂市,沼目町
3820913,ナガノケン,スザカシ,ノベ,長野県,須坂市,野辺
3820037,ナガノケン,スザカシ,ノベマチ,長野県,須坂市,野辺町
3820927,ナガノケン,スザカシ,ハッチョウ,長野県,須坂市,八町
3820076,ナガノケン,スザカシ,ババチョウ,長野県,須坂市,馬場町
3820074,ナガノケン,スザカシ,ハルキマチ,長野県,須坂市,春木町
3820006,ナガノケン,スザカシ,ヒカリガオカニュータウン,長野県,須坂市,光ケ丘ニュータウン
3820087,ナガノケン,スザカシ,ヒガシヨコマチ,長野県,須坂市,東横町
3820902,ナガノケン,スザカシ,ヒタキ,長野県,須坂市,日滝
3820934,ナガノケン,スザカシ,フクジマ,長野県,須坂市,福島
3820056,ナガノケン,スザカシ,フクジママチ,長野県,須坂市,福島町
3820042,ナガノケン,スザカシ,ボウガクダイ,長野県,須坂市,望岳台
3820086,ナガノケン,スザカシ,ホンカンマチ,長野県,須坂市,本上町
3820011,ナガノケン,スザカシ,ホンゴウチョウ,長野県,須坂市,本郷町
3820001,ナガノケン,スザカシ,マツカワマチ,長野県,須坂市,松川町
3820072,ナガノケン,スザカシ,ミナミオガワラチョウ,長野県,須坂市,南小河原町
3820027,ナガノケン,スザカシ,ミナミハラマチ,長野県,須坂市,南原町
3820097,ナガノケン,スザカシ,ミナミヨコマチ,長野県,須坂市,南横町
3820928,ナガノケン,スザカシ,ミョウトク,長野県,須坂市,明徳
3820036,ナガノケン,スザカシ,ミョウトクマチ,長野県,須坂市,明徳町
3820031,ナガノケン,スザカシ,ムライシマチ,長野県,須坂市,村石町
3820904,ナガノケン,スザカシ,ムラヤマ,長野県,須坂市,村山
3820057,ナガノケン,スザカシ,ムラヤママチ,長野県,須坂市,村山町
3820903,ナガノケン,スザカシ,ヤエモリ,長野県,須坂市,八重森
3820051,ナガノケン,スザカシ,ヤエモリマチ,長野県,須坂市,八重森町
3820094,ナガノケン,スザカシ,ヤブマチ,長野県,須坂市,屋部町
3820081,ナガノケン,スザカシ,ヨコマチ,長野県,須坂市,横町
3820923,ナガノケン,スザカシ,ヨナコ,長野県,須坂市,米子
3820023,ナガノケン,スザカシ,ヨナコマチ,長野県,須坂市,米子町
3820915,ナガノケン,スザカシ,ヨナモチ,長野県,須坂市,米持
3820041,ナガノケン,スザカシ,ヨナモチマチ,長野県,須坂市,米持町
3840000,ナガノケン,コモロシ,イカニケイサイガナイバアイ,長野県,小諸市,以下に掲載がない場合
3840025,ナガノケン,コモロシ,アイオイチョウ,長野県,小諸市,相生町
3840011,ナガノケン,コモロシ,アカサカ,長野県,小諸市,赤坂
3840021,ナガノケン,コモロシ,アマイケ,長野県,小諸市,天池
3840062,ナガノケン,コモロシ,アラホリ,長野県,小諸市,荒堀
3840014,ナガノケン,コモロシ,アラマチ,長野県,小諸市,荒町
3840096,ナガノケン,コモロシ,イケノマエ,長野県,小諸市,池ノ前
3840047,ナガノケン,コモロシ,イコ,長野県,小諸市,井子
3840054,ナガノケン,コモロシ,イシトウゲ,長野県,小諸市,石峠
3840083,ナガノケン,コモロシ,イチ,長野県,小諸市,市
3840033,ナガノケン,コモロシ,イチマチ,長野県,小諸市,市町
3840075,ナガノケン,コモロシ,ウエノダイラ,長野県,小諸市,上ノ平
3840042,ナガノケン,コモロシ,ウシロダイラ,長野県,小諸市,後平
3840077,ナガノケン,コモロシ,オオクイ,長野県,小諸市,大杭
3840071,ナガノケン,コモロシ,オオクボ,長野県,小諸市,大久保
3840031,ナガノケン,コモロシ,オオテ,長野県,小諸市,大手
3840037,ナガノケン,コモロシ,オシダシ,長野県,小諸市,押出
3840802,ナガノケン,コモロシ,オツ,長野県,小諸市,乙
3840004,ナガノケン,コモロシ,オトメ,長野県,小諸市,乙女
3840055,ナガノケン,コモロシ,カシワギ,長野県,小諸市,柏木
3840061,ナガノケン,コモロシ,カマス,長野県,小諸市,加増
3840002,ナガノケン,コモロシ,カラマツ,長野県,小諸市,唐松
3840805,ナガノケン,コモロシ,キ,長野県,小諸市,己
3840076,ナガノケン,コモロシ,クボ,長野県,小諸市,久保
3840024,ナガノケン,コモロシ,クマノドウ,長野県,小諸市,熊ノ堂
3840801,ナガノケン,コモロシ,コウ,長野県,小諸市,甲
3840032,ナガノケン,コモロシ,コジョウ,長野県,小諸市,古城
3840001,ナガノケン,コモロシ,コバラ,長野県,小諸市,小原
3840015,ナガノケン,コモロシ,コンヤマチ,長野県,小諸市,紺屋町
3840018,ナガノケン,コモロシ,サカノウエ,長野県,小諸市,坂ノ上
3840806,ナガノケン,コモロシ,シオノ,長野県,小諸市,塩野
3840809,ナガノケン,コモロシ,シゲノコウ,長野県,小諸市,滋野甲
3840023,ナガノケン,コモロシ,シノノメ,長野県,小諸市,東雲
3840046,ナガノケン,コモロシ,シボウタ,長野県,小諸市,芝生田
3840034,ナガノケン,コモロシ,シンマチ,長野県,小諸市,新町
3840082,ナガノケン,コモロシ,スワヤマ,長野県,小諸市,諏訪山
3840045,ナガノケン,コモロシ,タキバラ,長野県,小諸市,滝原
3840028,ナガノケン,コモロシ,タマチ,長野県,小諸市,田町
3840007,ナガノケン,コモロシ,ツルマキ,長野県,小諸市,鶴巻
3840804,ナガノケン,コモロシ,テイ,長野県,小諸市,丁
3840072,ナガノケン,コモロシ,トキクボ,長野県,小諸市,鴇久保
3840038,ナガノケン,コモロシ,トチギ,長野県,小諸市,栃木
3840074,ナガノケン,コモロシ,ニシウラ,長野県,小諸市,西浦
3840044,ナガノケン,コモロシ,ニシバラ,長野県,小諸市,西原
3840048,ナガノケン,コモロシ,ヌカチ,長野県,小諸市,糠地
3840064,ナガノケン,コモロシ,ノリセ,長野県,小諸市,乗瀬
3840051,ナガノケン,コモロシ,ハチマン,長野県,小諸市,八満
3840016,ナガノケン,コモロシ,ハチマンチョウ,長野県,小諸市,八幡町
3840052,ナガノケン,コモロシ,ヒガシク,長野県,小諸市,東区
3840008,ナガノケン,コモロシ,ヒガシコモロ,長野県,小諸市,東小諸
3840003,ナガノケン,コモロシ,ヒガシヤマ,長野県,小諸市,東山
3840041,ナガノケン,コモロシ,ヒシダイラ,長野県,小諸市,菱平
3840094,ナガノケン,コモロシ,ヒトツヤ,長野県,小諸市,一ツ谷
3840065,ナガノケン,コモロシ,ヒバリガオカ,長野県,小諸市,ひばりケ丘
3840092,ナガノケン,コモロシ,ヒラハラ,長野県,小諸市,平原
3840053,ナガノケン,コモロシ,フジツカ,長野県,小諸市,藤塚
3840036,ナガノケン,コモロシ,フジミダイラ,長野県,小諸市,富士見平
3840803,ナガノケン,コモロシ,ヘイ,長野県,小諸市,丙
3840026,ナガノケン,コモロシ,ホンマチ,長野県,小諸市,本町
3840022,ナガノケン,コモロシ,マツイ,長野県,小諸市,松井
3840091,ナガノケン,コモロシ,ミカゲ,長野県,小諸市,御影
3840808,ナガノケン,コモロシ,ミカゲシンデン,長野県,小諸市,御影新田
3840017,ナガノケン,コモロシ,ミツワ,長野県,小諸市,三和
3840013,ナガノケン,コモロシ,ミドリガオカ,長野県,小諸市,緑ケ丘
3840063,ナガノケン,コモロシ,ミナミガハラ,長野県,小諸市,南ケ原
3840012,ナガノケン,コモロシ,ミナミチョウ,長野県,小諸市,南町
3840081,ナガノケン,コモロシ,ミマキガハラ,長野県,小諸市,御牧ケ原
3840084,ナガノケン,コモロシ,ミミトリ,長野県,小諸市,耳取
3840078,ナガノケン,コモロシ,ミヤザワ,長野県,小諸市,宮沢
3840005,ナガノケン,コモロシ,ミユキチョウ,長野県,小諸市,御幸町
3840085,ナガノケン,コモロシ,モリヤマ,長野県,小諸市,森山
3840043,ナガノケン,コモロシ,モロ,長野県,小諸市,諸
3840095,ナガノケン,コモロシ,ヤチハラ,長野県,小諸市,谷地原
3840807,ナガノケン,コモロシ,ヤマウラ,長野県,小諸市,山浦
3840056,ナガノケン,コモロシ,ヨツヤ,長野県,小諸市,四ツ谷
3840006,ナガノケン,コモロシ,ヨラマチ,長野県,小諸市,与良町
3840035,ナガノケン,コモロシ,リョウジン,長野県,小諸市,両神
3840027,ナガノケン,コモロシ,ロック,長野県,小諸市,六供
3840093,ナガノケン,コモロシ,ワダ,長野県,小諸市,和田
3960000,ナガノケン,イナシ,イカニケイサイガナイバアイ,長野県,伊那市,以下に掲載がない場合
3960025,ナガノケン,イナシ,アライ,長野県,伊那市,荒井
3960028,ナガノケン,イナシ,アライウチノカヤ,長野県,伊那市,荒井内の萱
3960021,ナガノケン,イナシ,イナ,長野県,伊那市,伊那
3960011,ナガノケン,イナシ,イナベ,長野県,伊那市,伊那部
3960008,ナガノケン,イナシ,ウエノハラ,長野県,伊那市,上の原
3960032,ナガノケン,イナシ,オザワ,長野県,伊那市,小沢
3960012,ナガノケン,イナシ,カミシンデン,長野県,伊那市,上新田
3960006,ナガノケン,イナシ,カミマキ,長野県,伊那市,上牧
3960014,ナガノケン,イナシ,キツネジマ,長野県,伊那市,狐島
3960033,ナガノケン,イナシ,コシロウクボ,長野県,伊那市,小四郎久保
3960010,ナガノケン,イナシ,サカイ,長野県,伊那市,境
3960024,ナガノケン,イナシ,サカシタ,長野県,伊那市,坂下
3960013,ナガノケン,イナシ,シモシンデン,長野県,伊那市,下新田
3960114,ナガノケン,イナシ,センミ,長野県,伊那市,仙美
3960212,ナガノケン,イナシ,タカトオマチオサフジ（１−６５８バンチ）,長野県,伊那市,高遠町長藤（１〜６５８番地）
3960305,ナガノケン,イナシ,タカトオマチオサフジ（ソノタ）,長野県,伊那市,高遠町長藤（その他）
3960215,ナガノケン,イナシ,タカトオマチオバラ,長野県,伊那市,高遠町小原
3960214,ナガノケン,イナシ,タカトオマチカツマ,長野県,伊那市,高遠町勝間
3960217,ナガノケン,イナシ,タカトオマチカミヤマダ,長野県,伊那市,高遠町上山田
3960302,ナガノケン,イナシ,タカトオマチシビラ,長野県,伊那市,高遠町芝平
3960216,ナガノケン,イナシ,タカトオマチシモヤマダ,長野県,伊那市,高遠町下山田
3960211,ナガノケン,イナシ,タカトオマチニシタカトオ,長野県,伊那市,高遠町西高遠
3960303,ナガノケン,イナシ,タカトオマチバラグチ,長野県,伊那市,高遠町荊口
3960213,ナガノケン,イナシ,タカトオマチヒガシタカトオ,長野県,伊那市,高遠町東高遠
3960301,ナガノケン,イナシ,タカトオマチフジサワ,長野県,伊那市,高遠町藤沢
3960304,ナガノケン,イナシ,タカトオマチヤマムロ,長野県,伊那市,高遠町山室
3960015,ナガノケン,イナシ,チュウオウ,長野県,伊那市,中央
3960002,ナガノケン,イナシ,テラサワオカ,長野県,伊那市,手良沢岡
3960004,ナガノケン,イナシ,テラナカツボ,長野県,伊那市,手良中坪
3960003,ナガノケン,イナシ,テラノグチ,長野県,伊那市,手良野口
3960621,ナガノケン,イナシ,トミガタ,長野県,伊那市,富県
3960031,ナガノケン,イナシ,ナカノハラ,長野県,伊那市,中の原
3994431,ナガノケン,イナシ,ニシハルチカ,長野県,伊那市,西春近
3960026,ナガノケン,イナシ,ニシマチ,長野県,伊那市,西町
3960041,ナガノケン,イナシ,ニシミノワ,長野県,伊那市,西箕輪
3960005,ナガノケン,イナシ,ノソコ,長野県,伊那市,野底
3960405,ナガノケン,イナシ,ハセイチノセ,長野県,伊那市,長谷市野瀬
3960407,ナガノケン,イナシ,ハセウラ,長野県,伊那市,長谷浦
3960403,ナガノケン,イナシ,ハセクロゴウチ,長野県,伊那市,長谷黒河内
3960406,ナガノケン,イナシ,ハセスギシマ,長野県,伊那市,長谷杉島
3960404,ナガノケン,イナシ,ハセナカオ,長野県,伊那市,長谷中尾
3960401,ナガノケン,イナシ,ハセヒジ,長野県,伊那市,長谷非持
3960402,ナガノケン,イナシ,ハセミゾクチ,長野県,伊那市,長谷溝口
3960009,ナガノケン,イナシ,ヒカゲ,長野県,伊那市,日影
3994432,ナガノケン,イナシ,ヒガシハルチカ,長野県,伊那市,東春近
3960030,ナガノケン,イナシ,ヒラサワ,長野県,伊那市,平沢
3960001,ナガノケン,イナシ,フクジマ,長野県,伊那市,福島
3960112,ナガノケン,イナシ,マエハラ,長野県,伊那市,前原
3960027,ナガノケン,イナシ,マスミガオカ,長野県,伊那市,ますみヶ丘
3960111,ナガノケン,イナシ,ミスズ,長野県,伊那市,美篶
3960022,ナガノケン,イナシ,ミソノ,長野県,伊那市,御園
3960113,ナガノケン,イナシ,ミハラ,長野県,伊那市,美原
3960023,ナガノケン,イナシ,ヤマデラ,長野県,伊那市,山寺
3960029,ナガノケン,イナシ,ヨコヤマ,長野県,伊那市,横山
3960007,ナガノケン,イナシ,ワカミヤ,長野県,伊那市,若宮
3994100,ナガノケン,コマガネシ,イカニケイサイガナイバアイ,長野県,駒ヶ根市,以下に掲載がない場合
3994113,ナガノケン,コマガネシ,アカズマチ,長野県,駒ヶ根市,赤須町
3994105,ナガノケン,コマガネシ,アカズヒガシ,長野県,駒ヶ根市,赤須東
3994117,ナガノケン,コマガネシ,アカホ,長野県,駒ヶ根市,赤穂
3994102,ナガノケン,コマガネシ,イイザカ,長野県,駒ヶ根市,飯坂
3994115,ナガノケン,コマガネシ,ウワブサカエマチ,長野県,駒ヶ根市,上穂栄町
3994114,ナガノケン,コマガネシ,ウワブミナミ,長野県,駒ヶ根市,上穂南
3994116,ナガノケン,コマガネシ,ウワブキタ,長野県,駒ヶ根市,上穂北
3994111,ナガノケン,コマガネシ,キタマチ,長野県,駒ヶ根市,北町
3994104,ナガノケン,コマガネシ,キョウヅカ,長野県,駒ヶ根市,経塚
3994108,ナガノケン,コマガネシ,シモイチバ,長野県,駒ヶ根市,下市場
3994232,ナガノケン,コマガネシ,シモダイラ（２０７０−２１１９、２３０９−２３１１、２４１９、２４２１−２４２６、２４３３−２４５０）,長野県,駒ヶ根市,下平（２０７０〜２１１９、２３０９〜２３１１、２４１９、２４２１〜２４２６、２４３３〜２４５０）
3994101,ナガノケン,コマガネシ,シモダイラ（ソノタ）,長野県,駒ヶ根市,下平（その他）
3994112,ナガノケン,コマガネシ,チュウオウ,長野県,駒ヶ根市,中央
3994231,ナガノケン,コマガネシ,ナカザワ,長野県,駒ヶ根市,中沢
3994103,ナガノケン,コマガネシ,ナシノキ,長野県,駒ヶ根市,梨の木
3994321,ナガノケン,コマガネシ,ヒガシイナ,長野県,駒ヶ根市,東伊那
3994106,ナガノケン,コマガネシ,ヒガシマチ,長野県,駒ヶ根市,東町
3994107,ナガノケン,コマガネシ,ミナミダ,長野県,駒ヶ根市,南田
3830000,ナガノケン,ナカノシ,イカニケイサイガナイバアイ,長野県,中野市,以下に掲載がない場合
3830004,ナガノケン,ナカノシ,アカイワ,長野県,中野市,赤岩
3830066,ナガノケン,ナカノシ,アッカイ,長野県,中野市,厚貝
3892103,ナガノケン,ナカノシ,アナダ,長野県,中野市,穴田
3830064,ナガノケン,ナカノシ,アライ,長野県,中野市,新井
3830052,ナガノケン,ナカノシ,アンゲンジ,長野県,中野市,安源寺
3830012,ナガノケン,ナカノシ,イッポンギ,長野県,中野市,一本木
3830001,ナガノケン,ナカノシ,イワイ,長野県,中野市,岩井
3830041,ナガノケン,ナカノシ,イワフネ,長野県,中野市,岩船
3830055,ナガノケン,ナカノシ,ウシイデ,長野県,中野市,牛出
3830045,ナガノケン,ナカノシ,エベ,長野県,中野市,江部
3830057,ナガノケン,ナカノシ,オオマタ,長野県,中野市,大俣
3830023,ナガノケン,ナカノシ,オタテ,長野県,中野市,小舘
3830062,ナガノケン,ナカノシ,カサハラ,長野県,中野市,笠原
3830046,ナガノケン,ナカノシ,カタシオ,長野県,中野市,片塩
3830008,ナガノケン,ナカノシ,カナイ,長野県,中野市,金井
3892102,ナガノケン,ナカノシ,カミイマイ,長野県,中野市,上今井
3830053,ナガノケン,ナカノシ,クサマ,長野県,中野市,草間
3830056,ナガノケン,ナカノシ,クリバヤシ,長野県,中野市,栗林
3830005,ナガノケン,ナカノシ,コシ,長野県,中野市,越
3830037,ナガノケン,ナカノシ,コダナカ,長野県,中野市,小田中
3830044,ナガノケン,ナカノシ,サクラサワ,長野県,中野市,桜沢
3830032,ナガノケン,ナカノシ,サラシナ,長野県,中野市,更科
3830035,ナガノケン,ナカノシ,シノイ,長野県,中野市,篠井
3830034,ナガノケン,ナカノシ,シンノ,長野県,中野市,新野
3830036,ナガノケン,ナカノシ,シンボ,長野県,中野市,新保
3830014,ナガノケン,ナカノシ,スワチョウ,長野県,中野市,諏訪町
3892371,ナガノケン,ナカノシ,タガミ（１３００−２５１１バンチ）,長野県,中野市,田上（１３００〜２５１１番地）
3830002,ナガノケン,ナカノシ,タガミ（ソノタ）,長野県,中野市,田上（その他）
3830007,ナガノケン,ナカノシ,タケハラ,長野県,中野市,竹原
3830054,ナガノケン,ナカノシ,タテガハナ,長野県,中野市,立ケ花
3830065,ナガノケン,ナカノシ,タムギ,長野県,中野市,田麦
3830022,ナガノケン,ナカノシ,チュウオウ,長野県,中野市,中央
3892101,ナガノケン,ナカノシ,トヨツ,長野県,中野市,豊津
3892104,ナガノケン,ナカノシ,ナガエ,長野県,中野市,永江
3830013,ナガノケン,ナカノシ,ナカノ,長野県,中野市,中野
3830051,ナガノケン,ナカノシ,ナナセ,長野県,中野市,七瀬
3830031,ナガノケン,ナカノシ,ナングウ,長野県,中野市,南宮
3830021,ナガノケン,ナカノシ,ニシ,長野県,中野市,西
3830042,ナガノケン,ナカノシ,ニシジョウ,長野県,中野市,西条
3830024,ナガノケン,ナカノシ,ヒガシヤマ,長野県,中野市,東山
3830006,ナガノケン,ナカノシ,フカサワ,長野県,中野市,深沢
3830061,ナガノケン,ナカノシ,ヘキダ,長野県,中野市,壁田
3830063,ナガノケン,ナカノシ,マナガセ,長野県,中野市,間長瀬
3830033,ナガノケン,ナカノシ,マヤマ,長野県,中野市,間山
3830043,ナガノケン,ナカノシ,ミツワ,長野県,中野市,三ツ和
3830025,ナガノケン,ナカノシ,ミヨシチョウ,長野県,中野市,三好町
3830003,ナガノケン,ナカノシ,ヤナギサワ,長野県,中野市,柳沢
3830015,ナガノケン,ナカノシ,ヨシダ,長野県,中野市,吉田
3830011,ナガノケン,ナカノシ,ワカミヤ,長野県,中野市,若宮
3980000,ナガノケン,オオマチシ,イカニケイサイガナイバアイ,長野県,大町市,以下に掲載がない場合
3980002,ナガノケン,オオマチシ,オオマチ,長野県,大町市,大町
3980001,ナガノケン,オオマチシ,タイラ,長野県,大町市,平
3980004,ナガノケン,オオマチシ,トキワ,長野県,大町市,常盤
3999101,ナガノケン,オオマチシ,ミアサ,長野県,大町市,美麻
3997301,ナガノケン,オオマチシ,ヤサカ,長野県,大町市,八坂
3997302,ナガノケン,オオマチシ,ヤサカショウブ,長野県,大町市,八坂菖蒲
3980003,ナガノケン,オオマチシ,ヤシロ,長野県,大町市,社
3892200,ナガノケン,イイヤマシ,イカニケイサイガナイバアイ,長野県,飯山市,以下に掲載がない場合
3892251,ナガノケン,イイヤマシ,アサヒ,長野県,飯山市,旭
3892253,ナガノケン,イイヤマシ,イイヤマ,長野県,飯山市,飯山
3892602,ナガノケン,イイヤマシ,イチヤマ,長野県,飯山市,一山
3892415,ナガノケン,イイヤマシ,オオイケ,長野県,飯山市,大池
3892234,ナガノケン,イイヤマシ,キジマ,長野県,飯山市,木島
3892252,ナガノケン,イイヤマシ,コザワラ,長野県,飯山市,小佐原
3892418,ナガノケン,イイヤマシ,コトブキ,長野県,飯山市,寿
3892235,ナガノケン,イイヤマシ,サカイ,長野県,飯山市,坂井
3892255,ナガノケン,イイヤマシ,シズマ,長野県,飯山市,静間
3892232,ナガノケン,イイヤマシ,シモキジマ,長野県,飯山市,下木島
3892242,ナガノケン,イイヤマシ,ソノワタ,長野県,飯山市,其綿
3892601,ナガノケン,イイヤマシ,テルオカ,長野県,飯山市,照岡
3892413,ナガノケン,イイヤマシ,テルサト,長野県,飯山市,照里
3892231,ナガノケン,イイヤマシ,テンシンドウ,長野県,飯山市,天神堂
3892412,ナガノケン,イイヤマシ,トキサト,長野県,飯山市,常郷
3892414,ナガノケン,イイヤマシ,トキワ,長野県,飯山市,常盤
3892258,ナガノケン,イイヤマシ,トミクラ,長野県,飯山市,富倉
3892411,ナガノケン,イイヤマシ,トヨダ,長野県,飯山市,豊田
3892417,ナガノケン,イイヤマシ,ナカソネ,長野県,飯山市,中曽根
3892233,ナガノケン,イイヤマシ,ノサカダ,長野県,飯山市,野坂田
3892256,ナガノケン,イイヤマシ,ハチス,長野県,飯山市,蓮
3892257,ナガノケン,イイヤマシ,マダラオコウゲン,長野県,飯山市,斑尾高原
3892322,ナガノケン,イイヤマシ,ミズホ,長野県,飯山市,瑞穂
3892321,ナガノケン,イイヤマシ,ミズホトヨ,長野県,飯山市,瑞穂豊
3892416,ナガノケン,イイヤマシ,ミドリ,長野県,飯山市,緑
3892254,ナガノケン,イイヤマシ,ミナミマチ,長野県,飯山市,南町
3892244,ナガノケン,イイヤマシ,ヤスダ,長野県,飯山市,安田
3892241,ナガノケン,イイヤマシ,ヤマギシ,長野県,飯山市,山岸
3892243,ナガノケン,イイヤマシ,ヨシ,長野県,飯山市,吉
3910000,ナガノケン,チノシ,イカニケイサイガナイバアイ,長野県,茅野市,以下に掲載がない場合
3910214,ナガノケン,チノシ,イズミノ,長野県,茅野市,泉野
3910012,ナガノケン,チノシ,カナザワ,長野県,茅野市,金沢
3910212,ナガノケン,チノシ,キタヤマ（シブゴテンユ・シブノユ）,長野県,茅野市,北山（渋御殿湯・渋の湯）
3910301,ナガノケン,チノシ,キタヤマ（ソノタ）,長野県,茅野市,北山（その他）
3910211,ナガノケン,チノシ,コヒガシ,長野県,茅野市,湖東
3910004,ナガノケン,チノシ,ジョウヤマ,長野県,茅野市,城山
3910011,ナガノケン,チノシ,タマガワ,長野県,茅野市,玉川
3910001,ナガノケン,チノシ,チノ,長野県,茅野市,ちの
3910002,ナガノケン,チノシ,ツカハラ,長野県,茅野市,塚原
3910213,ナガノケン,チノシ,トヨヒラ,長野県,茅野市,豊平
3910215,ナガノケン,チノシ,ナカオオシオ,長野県,茅野市,中大塩
3910005,ナガノケン,チノシ,ナカマチ,長野県,茅野市,仲町
3910003,ナガノケン,チノシ,ホンマチ,長野県,茅野市,本町
3910013,ナガノケン,チノシ,ミヤガワ,長野県,茅野市,宮川
3910216,ナガノケン,チノシ,ヨネザワ,長野県,茅野市,米沢
3990700,ナガノケン,シオジリシ,イカニケイサイガナイバアイ,長野県,塩尻市,以下に掲載がない場合
3990713,ナガノケン,シオジリシ,オオゴヤ,長野県,塩尻市,大小屋
3990722,ナガノケン,シオジリシ,カキザワ,長野県,塩尻市,柿沢
3990071,ナガノケン,シオジリシ,カタオカ（３６３５、３６８０、５７９４、６１１４バンチ）,長野県,塩尻市,片丘（３６３５、３６８０、５７９４、６１１４番地）
3990711,ナガノケン,シオジリシ,カタオカ（ソノタ）,長野県,塩尻市,片丘（その他）
3990721,ナガノケン,シオジリシ,カナイ,長野県,塩尻市,金井
3990724,ナガノケン,シオジリシ,カミニシジョウ,長野県,塩尻市,上西条
3996302,ナガノケン,シオジリシ,キソヒラサワ,長野県,塩尻市,木曽平沢
3990651,ナガノケン,シオジリシ,キタオノ,長野県,塩尻市,北小野
3990723,ナガノケン,シオジリシ,キュウシオジリ,長野県,塩尻市,旧塩尻
3990716,ナガノケン,シオジリシ,サジキ,長野県,塩尻市,桟敷
3990712,ナガノケン,シオジリシ,シオジリマチ,長野県,塩尻市,塩尻町
3990726,ナガノケン,シオジリシ,シモニシジョウ,長野県,塩尻市,下西条
3996462,ナガノケン,シオジリシ,セバ,長野県,塩尻市,洗馬
3996461,ナガノケン,シオジリシ,ソウガ,長野県,塩尻市,宗賀
3990744,ナガノケン,シオジリシ,ダイモン７ク,長野県,塩尻市,大門七区
3990742,ナガノケン,シオジリシ,ダイモンイズミチョウ,長野県,塩尻市,大門泉町
3990745,ナガノケン,シオジリシ,ダイモンキキョウチョウ,長野県,塩尻市,大門桔梗町
3990741,ナガノケン,シオジリシ,ダイモンサイワイチョウ,長野県,塩尻市,大門幸町
3990743,ナガノケン,シオジリシ,ダイモンタガワチョウ,長野県,塩尻市,大門田川町
3990746,ナガノケン,シオジリシ,ダイモンナミキチョウ,長野県,塩尻市,大門並木町
3990736,ナガノケン,シオジリシ,ダイモン１バンチョウ,長野県,塩尻市,大門一番町
3990735,ナガノケン,シオジリシ,ダイモン２バンチョウ,長野県,塩尻市,大門二番町
3990733,ナガノケン,シオジリシ,ダイモン３バンチョウ,長野県,塩尻市,大門三番町
3990734,ナガノケン,シオジリシ,ダイモン４バンチョウ,長野県,塩尻市,大門四番町
3990732,ナガノケン,シオジリシ,ダイモン５バンチョウ,長野県,塩尻市,大門五番町
3990731,ナガノケン,シオジリシ,ダイモン６バンチョウ,長野県,塩尻市,大門六番町
3990738,ナガノケン,シオジリシ,ダイモン７バンチョウ,長野県,塩尻市,大門七番町
3990737,ナガノケン,シオジリシ,ダイモン８バンチョウ,長野県,塩尻市,大門八番町
3990744,ナガノケン,シオジリシ,ダイモン（バンチ）,長野県,塩尻市,大門（番地）
3990725,ナガノケン,シオジリシ,ナカニシジョウ,長野県,塩尻市,中西条
3990715,ナガノケン,シオジリシ,ナガウネ,長野県,塩尻市,長畝
3996303,ナガノケン,シオジリシ,ナライ,長野県,塩尻市,奈良井
3996301,ナガノケン,シオジリシ,ニエカワ,長野県,塩尻市,贄川
3990705,ナガノケン,シオジリシ,ヒロオカカタイシ,長野県,塩尻市,広丘堅石
3990704,ナガノケン,シオジリシ,ヒロオカゴウバラ,長野県,塩尻市,広丘郷原
3990703,ナガノケン,シオジリシ,ヒロオカタカイデ,長野県,塩尻市,広丘高出
3990702,ナガノケン,シオジリシ,ヒロオカノムラ,長野県,塩尻市,広丘野村
3990706,ナガノケン,シオジリシ,ヒロオカハラシンデン,長野県,塩尻市,広丘原新田
3990701,ナガノケン,シオジリシ,ヒロオカヨシダ,長野県,塩尻市,広丘吉田
3990714,ナガノケン,シオジリシ,ホリノウチ,長野県,塩尻市,堀ノ内
3990727,ナガノケン,シオジリシ,ミドリコ,長野県,塩尻市,みどり湖
3990728,ナガノケン,シオジリシ,ミネハラ,長野県,塩尻市,峰原
3850000,ナガノケン,サクシ,イカニケイサイガナイバアイ,長野県,佐久市,以下に掲載がない場合
3850054,ナガノケン,サクシ,アトベ,長野県,佐久市,跡部
3850007,ナガノケン,サクシ,アラコダ,長野県,佐久市,新子田
3850015,ナガノケン,サクシ,イマイ,長野県,佐久市,今井
3840621,ナガノケン,サクシ,イリサワ,長野県,佐久市,入澤
3850022,ナガノケン,サクシ,イワムラダ,長野県,佐久市,岩村田
3850023,ナガノケン,サクシ,イワムラダキタ,長野県,佐久市,岩村田北
3842201,ナガノケン,サクシ,インナイ,長野県,佐久市,印内
3840301,ナガノケン,サクシ,ウスダ,長野県,佐久市,臼田
3850031,ナガノケン,サクシ,ウチヤマ,長野県,佐久市,内山
3850045,ナガノケン,サクシ,オオサワ,長野県,佐久市,大沢
3850033,ナガノケン,サクシ,オオタベ,長野県,佐久市,太田部
3850009,ナガノケン,サクシ,オタイ,長野県,佐久市,小田井
3850041,ナガノケン,サクシ,カジヤ,長野県,佐久市,鍛冶屋
3842205,ナガノケン,サクシ,カスガ,長野県,佐久市,春日
3840302,ナガノケン,サクシ,カツマ,長野県,佐久市,勝間
3840306,ナガノケン,サクシ,カミオタギリ,長野県,佐久市,上小田切
3850002,ナガノケン,サクシ,カミヒラオ,長野県,佐久市,上平尾
3840304,ナガノケン,サクシ,キタガワ,長野県,佐久市,北川
3842204,ナガノケン,サクシ,キョウワ,長野県,佐久市,協和
3840411,ナガノケン,サクシ,キヨカワ,長野県,佐久市,清川
3842101,ナガノケン,サクシ,クワヤマ,長野県,佐久市,桑山
3842104,ナガノケン,サクシ,コウ,長野県,佐久市,甲
3850005,ナガノケン,サクシ,コウサカ,長野県,佐久市,香坂
3850047,ナガノケン,サクシ,コミヤマ,長野県,佐久市,小宮山
3850028,ナガノケン,サクシ,サクダイラエキヒガシ,長野県,佐久市,佐久平駅東
3850029,ナガノケン,サクシ,サクダイラエキミナミ,長野県,佐久市,佐久平駅南
3850027,ナガノケン,サクシ,サクダイラエキキタ,長野県,佐久市,佐久平駅北
3850056,ナガノケン,サクシ,サクライ,長野県,佐久市,桜井
3850011,ナガノケン,サクシ,サルクボ,長野県,佐久市,猿久保
3842102,ナガノケン,サクシ,シオナダ,長野県,佐久市,塩名田
3850006,ナガノケン,サクシ,シガ,長野県,佐久市,志賀
3840303,ナガノケン,サクシ,シモオタギリ,長野県,佐久市,下小田切
3840414,ナガノケン,サクシ,シモゴエ,長野県,佐久市,下越
3850003,ナガノケン,サクシ,シモヒラオ,長野県,佐久市,下平尾
3850035,ナガノケン,サクシ,セト,長野県,佐久市,瀬戸
3850042,ナガノケン,サクシ,タカヤギ,長野県,佐久市,高柳
3840412,ナガノケン,サクシ,タグチ,長野県,佐久市,田口
3850025,ナガノケン,サクシ,ツカバラ,長野県,佐久市,塚原
3850026,ナガノケン,サクシ,トキダ,長野県,佐久市,常田
3850032,ナガノケン,サクシ,トキワ,長野県,佐久市,常和
3850061,ナガノケン,サクシ,トモノ,長野県,佐久市,伴野
3850043,ナガノケン,サクシ,トリデマチ,長野県,佐久市,取出町
3840305,ナガノケン,サクシ,ナカオタギリ,長野県,佐久市,中小田切
3850051,ナガノケン,サクシ,ナカゴミ,長野県,佐久市,中込
3850021,ナガノケン,サクシ,ナガトロ,長野県,佐久市,長土呂
3850016,ナガノケン,サクシ,ナルセ,長野県,佐久市,鳴瀬
3850062,ナガノケン,サクシ,ネギシ,長野県,佐久市,根岸
3850012,ナガノケン,サクシ,ネネイ,長野県,佐久市,根々井
3850053,ナガノケン,サクシ,ノザワ,長野県,佐久市,野沢
3850052,ナガノケン,サクシ,ハラ,長野県,佐久市,原
3850063,ナガノケン,サクシ,ヒガシタテシナ,長野県,佐久市,東立科
3850034,ナガノケン,サクシ,ヒラカ,長野県,佐久市,平賀
3850024,ナガノケン,サクシ,ヒラツカ,長野県,佐久市,平塚
3840622,ナガノケン,サクシ,ヒラバヤシ,長野県,佐久市,平林
3842203,ナガノケン,サクシ,フセ,長野県,佐久市,布施
3850044,ナガノケン,サクシ,ホンシンマチ,長野県,佐久市,本新町
3850046,ナガノケン,サクシ,マエヤマ,長野県,佐久市,前山
3850014,ナガノケン,サクシ,ミカワダ,長野県,佐久市,三河田
3850055,ナガノケン,サクシ,ミチヅカ,長野県,佐久市,三塚
3840413,ナガノケン,サクシ,ミブン,長野県,佐久市,三分
3842103,ナガノケン,サクシ,ミマヨセ,長野県,佐久市,御馬寄
3842206,ナガノケン,サクシ,モタイ,長野県,佐久市,茂田井
3842202,ナガノケン,サクシ,モチヅキ,長野県,佐久市,望月
3842105,ナガノケン,サクシ,ヤシマ,長野県,佐久市,矢嶋
3850004,ナガノケン,サクシ,ヤスハラ,長野県,佐久市,安原
3842106,ナガノケン,サクシ,ヤワタ,長野県,佐久市,八幡
3840307,ナガノケン,サクシ,ユハラ,長野県,佐久市,湯原
3850001,ナガノケン,サクシ,ヨコネ,長野県,佐久市,横根
3850013,ナガノケン,サクシ,ヨコワ,長野県,佐久市,横和
3842107,ナガノケン,サクシ,ヨモギダ,長野県,佐久市,蓬田
3870000,ナガノケン,チクマシ,イカニケイサイガナイバアイ,長野県,千曲市,以下に掲載がない場合
3870001,ナガノケン,チクマシ,アメノミヤ,長野県,千曲市,雨宮
3890823,ナガノケン,チクマシ,アラヤマ,長野県,千曲市,新山
3870006,ナガノケン,チクマシ,アワサ,長野県,千曲市,粟佐
3870003,ナガノケン,チクマシ,イキガヤ,長野県,千曲市,生萱
3890806,ナガノケン,チクマシ,イソベ,長野県,千曲市,磯部
3870021,ナガノケン,チクマシ,イナリヤマ,長野県,千曲市,稲荷山
3870015,ナガノケン,チクマシ,イモジヤ,長野県,千曲市,鋳物師屋
3890802,ナガノケン,チクマシ,ウチカワ,長野県,千曲市,内川
3870014,ナガノケン,チクマシ,ウッサワ,長野県,千曲市,打沢
3870013,ナガノケン,チクマシ,オジマ,長野県,千曲市,小島
3890805,ナガノケン,チクマシ,カミトクマ,長野県,千曲市,上徳間
3890822,ナガノケン,チクマシ,カミヤマダ,長野県,千曲市,上山田
3890821,ナガノケン,チクマシ,カミヤマダオンセン,長野県,千曲市,上山田温泉
3870011,ナガノケン,チクマシ,クイセケ,長野県,千曲市,杭瀬下
3870004,ナガノケン,チクマシ,クラシナ,長野県,千曲市,倉科
3870024,ナガノケン,チクマシ,クワバラ,長野県,千曲市,桑原
3890801,ナガノケン,チクマシ,コブネヤマ,長野県,千曲市,小船山
3870012,ナガノケン,チクマシ,サクラドウ,長野県,千曲市,桜堂
3870016,ナガノケン,チクマシ,ジャクマク,長野県,千曲市,寂蒔
3870018,ナガノケン,チクマシ,シンデン,長野県,千曲市,新田
3890811,ナガノケン,チクマシ,スザカ,長野県,千曲市,須坂
3890803,ナガノケン,チクマシ,センボンヤナギ,長野県,千曲市,千本柳
3890824,ナガノケン,チクマシ,チカライシ,長野県,千曲市,力石
3870002,ナガノケン,チクマシ,ドグチ,長野県,千曲市,土口
3890804,ナガノケン,チクマシ,トグラ,長野県,千曲市,戸倉
3890807,ナガノケン,チクマシ,トグラオンセン,長野県,千曲市,戸倉温泉
3870017,ナガノケン,チクマシ,ナカ,長野県,千曲市,中
3870022,ナガノケン,チクマシ,ノタカバ,長野県,千曲市,野高場
3890812,ナガノケン,チクマシ,ハネオ,長野県,千曲市,羽尾
3870005,ナガノケン,チクマシ,モリ,長野県,千曲市,森
3870007,ナガノケン,チクマシ,ヤシロ,長野県,千曲市,屋代
3870023,ナガノケン,チクマシ,ヤワタ,長野県,千曲市,八幡
3890813,ナガノケン,チクマシ,ワカミヤ,長野県,千曲市,若宮
3890500,ナガノケン,トウミシ,イカニケイサイガナイバアイ,長野県,東御市,以下に掲載がない場合
3890517,ナガノケン,トウミシ,アガタ,長野県,東御市,県
3890503,ナガノケン,トウミシ,アラヤ,長野県,東御市,新屋
3890404,ナガノケン,トウミシ,オオヒナタ,長野県,東御市,大日向
3890504,ナガノケン,トウミシ,カイゼンジ,長野県,東御市,海善寺
3890514,ナガノケン,トウミシ,カザワ,長野県,東御市,加沢
3890505,ナガノケン,トウミシ,カノウ,長野県,東御市,和
3890502,ナガノケン,トウミシ,クラカケ,長野県,東御市,鞍掛
3890519,ナガノケン,トウミシ,シオカワ,長野県,東御市,塩川
3890513,ナガノケン,トウミシ,シゲノ,長野県,東御市,滋野
3890512,ナガノケン,トウミシ,シゲノ（オツ）,長野県,東御市,滋野（乙）
3890511,ナガノケン,トウミシ,シゲノ（コウ）,長野県,東御市,滋野（甲）
3890401,ナガノケン,トウミシ,シマガワラ,長野県,東御市,島川原
3890405,ナガノケン,トウミシ,シモノジョウ,長野県,東御市,下之城
3890516,ナガノケン,トウミシ,タナカ,長野県,東御市,田中
3890515,ナガノケン,トウミシ,トキダ,長野県,東御市,常田
3890402,ナガノケン,トウミシ,ヌノシタ,長野県,東御市,布下
3890506,ナガノケン,トウミシ,ネツ,長野県,東御市,祢津
3890407,ナガノケン,トウミシ,ハケヤマ,長野県,東御市,羽毛山
3890501,ナガノケン,トウミシ,ミハリ,長野県,東御市,新張
3890403,ナガノケン,トウミシ,ミマキハラ,長野県,東御市,御牧原
3890518,ナガノケン,トウミシ,モトウンノ,長野県,東御市,本海野
3890406,ナガノケン,トウミシ,ヤエハラ,長野県,東御市,八重原
3998200,ナガノケン,アヅミノシ,イカニケイサイガナイバアイ,長野県,安曇野市,以下に掲載がない場合
3997102,ナガノケン,アヅミノシ,アカシナナカガワテ,長野県,安曇野市,明科中川手
3997104,ナガノケン,アヅミノシ,アカシナナナキ,長野県,安曇野市,明科七貴
3997101,ナガノケン,アヅミノシ,アカシナヒガシカワテ,長野県,安曇野市,明科東川手
3997103,ナガノケン,アヅミノシ,アカシナヒカル,長野県,安曇野市,明科光
3997105,ナガノケン,アヅミノシ,アカシナミナミリクゴウ,長野県,安曇野市,明科南陸郷
3998205,ナガノケン,アヅミノシ,トヨシナ,長野県,安曇野市,豊科
3998204,ナガノケン,アヅミノシ,トヨシナタキベ,長野県,安曇野市,豊科高家
3998203,ナガノケン,アヅミノシ,トヨシナタザワ,長野県,安曇野市,豊科田沢
3998202,ナガノケン,アヅミノシ,トヨシナヒカル,長野県,安曇野市,豊科光
3998201,ナガノケン,アヅミノシ,トヨシナミナミホタカ,長野県,安曇野市,豊科南穂高
3998303,ナガノケン,アヅミノシ,ホタカ,長野県,安曇野市,穂高
3998301,ナガノケン,アヅミノシ,ホタカアリアケ,長野県,安曇野市,穂高有明
3998304,ナガノケン,アヅミノシ,ホタカカシワバラ,長野県,安曇野市,穂高柏原
3998302,ナガノケン,アヅミノシ,ホタカキタホタカ,長野県,安曇野市,穂高北穂高
3998305,ナガノケン,アヅミノシ,ホタカマキ,長野県,安曇野市,穂高牧
3998211,ナガノケン,アヅミノシ,ホリガネカラスガワ,長野県,安曇野市,堀金烏川
3998212,ナガノケン,アヅミノシ,ホリガネミタ,長野県,安曇野市,堀金三田
3998103,ナガノケン,アヅミノシ,ミサトオグラ,長野県,安曇野市,三郷小倉
3998101,ナガノケン,アヅミノシ,ミサトメイセイ,長野県,安曇野市,三郷明盛
3998102,ナガノケン,アヅミノシ,ミサトユタカ,長野県,安曇野市,三郷温
3841100,ナガノケン,ミナミサクグンコウミマチ,イカニケイサイガナイバアイ,長野県,南佐久郡小海町,以下に掲載がない場合
3841104,ナガノケン,ミナミサクグンコウミマチ,イナコ,長野県,南佐久郡小海町,稲子
3841102,ナガノケン,ミナミサクグンコウミマチ,コウミ,長野県,南佐久郡小海町,小海
3841105,ナガノケン,ミナミサクグンコウミマチ,チヨサト,長野県,南佐久郡小海町,千代里
3841103,ナガノケン,ミナミサクグンコウミマチ,トヨサト,長野県,南佐久郡小海町,豊里
3841101,ナガノケン,ミナミサクグンコウミマチ,ヒガシマナガシ,長野県,南佐久郡小海町,東馬流
3841400,ナガノケン,ミナミサクグンカワカミムラ,イカニケイサイガナイバアイ,長野県,南佐久郡川上村,以下に掲載がない場合
3841403,ナガノケン,ミナミサクグンカワカミムラ,アキヤマ,長野県,南佐久郡川上村,秋山
3841402,ナガノケン,ミナミサクグンカワカミムラ,アズサヤマ,長野県,南佐久郡川上村,梓山
3841404,ナガノケン,ミナミサクグンカワカミムラ,イグラ,長野県,南佐久郡川上村,居倉
3841405,ナガノケン,ミナミサクグンカワカミムラ,オオミヤマ,長野県,南佐久郡川上村,大深山
3841401,ナガノケン,ミナミサクグンカワカミムラ,カワハケ,長野県,南佐久郡川上村,川端下
3841407,ナガノケン,ミナミサクグンカワカミムラ,ゴショダイラ,長野県,南佐久郡川上村,御所平
3841406,ナガノケン,ミナミサクグンカワカミムラ,ハラ,長野県,南佐久郡川上村,原
3841408,ナガノケン,ミナミサクグンカワカミムラ,ヒサワ,長野県,南佐久郡川上村,樋沢
3841300,ナガノケン,ミナミサクグンミナミマキムラ,イカニケイサイガナイバアイ,長野県,南佐久郡南牧村,以下に掲載がない場合
3841304,ナガノケン,ミナミサクグンミナミマキムラ,イタバシ,長野県,南佐久郡南牧村,板橋
3841301,ナガノケン,ミナミサクグンミナミマキムラ,ウミジリ,長野県,南佐久郡南牧村,海尻
3841302,ナガノケン,ミナミサクグンミナミマキムラ,ウミノクチ,長野県,南佐久郡南牧村,海ノ口
3841305,ナガノケン,ミナミサクグンミナミマキムラ,ノベヤマ,長野県,南佐久郡南牧村,野辺山
3841306,ナガノケン,ミナミサクグンミナミマキムラ,ヒラサワ,長野県,南佐久郡南牧村,平沢
3841303,ナガノケン,ミナミサクグンミナミマキムラ,ヒロセ,長野県,南佐久郡南牧村,広瀬
3841211,ナガノケン,ミナミサクグンミナミアイキムラ,ミナミアイキムライチエン,長野県,南佐久郡南相木村,南相木村一円
3841201,ナガノケン,ミナミサクグンキタアイキムラ,キタアイキムライチエン,長野県,南佐久郡北相木村,北相木村一円
3840600,ナガノケン,ミナミサクグンサクホマチ,イカニケイサイガナイバアイ,長野県,南佐久郡佐久穂町,以下に掲載がない場合
3840502,ナガノケン,ミナミサクグンサクホマチ,オオヒナタ,長野県,南佐久郡佐久穂町,大日向
3840503,ナガノケン,ミナミサクグンサクホマチ,カイゼ,長野県,南佐久郡佐久穂町,海瀬
3840614,ナガノケン,ミナミサクグンサクホマチ,カミ,長野県,南佐久郡佐久穂町,上
3840613,ナガノケン,ミナミサクグンサクホマチ,タカノマチ,長野県,南佐久郡佐久穂町,高野町
3840703,ナガノケン,ミナミサクグンサクホマチ,チヨサト,長野県,南佐久郡佐久穂町,千代里
3840701,ナガノケン,ミナミサクグンサクホマチ,ハタ,長野県,南佐久郡佐久穂町,畑
3840611,ナガノケン,ミナミサクグンサクホマチ,ヒラバヤシ,長野県,南佐久郡佐久穂町,平林
3840702,ナガノケン,ミナミサクグンサクホマチ,ホヅミ,長野県,南佐久郡佐久穂町,穂積
3840704,ナガノケン,ミナミサクグンサクホマチ,ヤコオリ,長野県,南佐久郡佐久穂町,八郡
3840612,ナガノケン,ミナミサクグンサクホマチ,ヤドイワ,長野県,南佐久郡佐久穂町,宿岩
3840501,ナガノケン,ミナミサクグンサクホマチ,ヨジ,長野県,南佐久郡佐久穂町,余地
3890100,ナガノケン,キタサクグンカルイザワマチ,イカニケイサイガナイバアイ,長野県,北佐久郡軽井沢町,以下に掲載がない場合
3890115,ナガノケン,キタサクグンカルイザワマチ,オイワケ,長野県,北佐久郡軽井沢町,追分
3890102,ナガノケン,キタサクグンカルイザワマチ,カルイザワ（オオアザ）,長野県,北佐久郡軽井沢町,軽井沢（大字）
3890103,ナガノケン,キタサクグンカルイザワマチ,カルイザワ（ソノタ）,長野県,北佐久郡軽井沢町,軽井沢（その他）
3890104,ナガノケン,キタサクグンカルイザワマチ,カルイザワヒガシ,長野県,北佐久郡軽井沢町,軽井沢東
3890101,ナガノケン,キタサクグンカルイザワマチ,トウゲマチ,長野県,北佐久郡軽井沢町,峠町
3890112,ナガノケン,キタサクグンカルイザワマチ,ナカカルイザワ,長野県,北佐久郡軽井沢町,中軽井沢
3890111,ナガノケン,キタサクグンカルイザワマチ,ナガクラ,長野県,北佐久郡軽井沢町,長倉
3890113,ナガノケン,キタサクグンカルイザワマチ,ホッチ,長野県,北佐久郡軽井沢町,発地
3890114,ナガノケン,キタサクグンカルイザワマチ,モザワ,長野県,北佐久郡軽井沢町,茂沢
3890200,ナガノケン,キタサクグンミヨタマチ,イカニケイサイガナイバアイ,長野県,北佐久郡御代田町,以下に掲載がない場合
3890205,ナガノケン,キタサクグンミヨタマチ,オモガエ,長野県,北佐久郡御代田町,面替
3890202,ナガノケン,キタサクグンミヨタマチ,クサゴエ,長野県,北佐久郡御代田町,草越
3890201,ナガノケン,キタサクグンミヨタマチ,シオノ,長野県,北佐久郡御代田町,塩野
3890203,ナガノケン,キタサクグンミヨタマチ,ヒロト,長野県,北佐久郡御代田町,広戸
3890204,ナガノケン,キタサクグンミヨタマチ,ホウショウ,長野県,北佐久郡御代田町,豊昇
3890207,ナガノケン,キタサクグンミヨタマチ,マセグチ,長野県,北佐久郡御代田町,馬瀬口
3890206,ナガノケン,キタサクグンミヨタマチ,ミヨタ,長野県,北佐久郡御代田町,御代田
3890208,ナガノケン,キタサクグンミヨタマチ,モサワ,長野県,北佐久郡御代田町,茂沢
3842300,ナガノケン,キタサクグンタテシナマチ,イカニケイサイガナイバアイ,長野県,北佐久郡立科町,以下に掲載がない場合
3842305,ナガノケン,キタサクグンタテシナマチ,アシダ,長野県,北佐久郡立科町,芦田
3910321,ナガノケン,キタサクグンタテシナマチ,アシダハツカノ（１５１９−１６３５）,長野県,北佐久郡立科町,芦田八ケ野（１５１９〜１６３５）
3842309,ナガノケン,キタサクグンタテシナマチ,アシダハツカノ（ソノタ）,長野県,北佐久郡立科町,芦田八ケ野（その他）
3910321,ナガノケン,キタサクグンタテシナマチ,イケノタイラ,長野県,北佐久郡立科町,池の平
3842308,ナガノケン,キタサクグンタテシナマチ,ウシロク,長野県,北佐久郡立科町,牛鹿
3842306,ナガノケン,キタサクグンタテシナマチ,ウヤマ,長野県,北佐久郡立科町,宇山
3842301,ナガノケン,キタサクグンタテシナマチ,キリハラ,長野県,北佐久郡立科町,桐原
3842303,ナガノケン,キタサクグンタテシナマチ,シオサワ,長野県,北佐久郡立科町,塩沢
3842302,ナガノケン,キタサクグンタテシナマチ,フジサワ,長野県,北佐久郡立科町,藤沢
3842304,ナガノケン,キタサクグンタテシナマチ,モタイ（１−５００＜２１１バンチヲノゾク＞＜フルマチ＞、２５２７−２５２９＜ドトオ＞）,長野県,北佐久郡立科町,茂田井（１〜５００「２１１番地を除く」「古町」、２５２７〜２５２９「土遠」）
3842211,ナガノケン,キタサクグンタテシナマチ,モタイ（ソノタ）,長野県,北佐久郡立科町,茂田井（その他）
3842307,ナガノケン,キタサクグンタテシナマチ,ヤマベ,長野県,北佐久郡立科町,山部
3861600,ナガノケン,チイサガタグンアオキムラ,イカニケイサイガナイバアイ,長野県,小県郡青木村,以下に掲載がない場合
3861605,ナガノケン,チイサガタグンアオキムラ,オカミ,長野県,小県郡青木村,夫神
3861606,ナガノケン,チイサガタグンアオキムラ,クツカケ,長野県,小県郡青木村,沓掛
3861601,ナガノケン,チイサガタグンアオキムラ,タザワ,長野県,小県郡青木村,田沢
3861603,ナガノケン,チイサガタグンアオキムラ,トウゴウ,長野県,小県郡青木村,当郷
3861604,ナガノケン,チイサガタグンアオキムラ,トノド,長野県,小県郡青木村,殿戸
3861607,ナガノケン,チイサガタグンアオキムラ,ナラモト,長野県,小県郡青木村,奈良本
3861602,ナガノケン,チイサガタグンアオキムラ,ムラマツ,長野県,小県郡青木村,村松
3860600,ナガノケン,チイサガタグンナガワマチ,イカニケイサイガナイバアイ,長野県,小県郡長和町,以下に掲載がない場合
3860601,ナガノケン,チイサガタグンナガワマチ,ダイモン,長野県,小県郡長和町,大門
3860602,ナガノケン,チイサガタグンナガワマチ,ナガクボ,長野県,小県郡長和町,長久保
3860603,ナガノケン,チイサガタグンナガワマチ,フルマチ,長野県,小県郡長和町,古町
3860701,ナガノケン,チイサガタグンナガワマチ,ワダ,長野県,小県郡長和町,和田
3930000,ナガノケン,スワグンシモスワマチ,イカニケイサイガナイバアイ,長野県,諏訪郡下諏訪町,以下に掲載がない場合
3930066,ナガノケン,スワグンシモスワマチ,アケボノチョウ,長野県,諏訪郡下諏訪町,曙町
3930068,ナガノケン,スワグンシモスワマチ,カスガチョウ,長野県,諏訪郡下諏訪町,春日町
3930052,ナガノケン,スワグンシモスワマチ,カミクボ,長野県,諏訪郡下諏訪町,上久保
3930053,ナガノケン,スワグンシモスワマチ,カミバッパ,長野県,諏訪郡下諏訪町,上馬場
3930042,ナガノケン,スワグンシモスワマチ,キタシオウ,長野県,諏訪郡下諏訪町,北四王
3930014,ナガノケン,スワグンシモスワマチ,キノシタ,長野県,諏訪郡下諏訪町,木の下
3930026,ナガノケン,スワグンシモスワマチ,クボカイドウ,長野県,諏訪郡下諏訪町,久保海道
3930024,ナガノケン,スワグンシモスワマチ,ゴカン,長野県,諏訪郡下諏訪町,五官
3930044,ナガノケン,スワグンシモスワマチ,コハンチョウ,長野県,諏訪郡下諏訪町,湖畔町
3930013,ナガノケン,スワグンシモスワマチ,コユノウエ,長野県,諏訪郡下諏訪町,小湯の上
3930084,ナガノケン,スワグンシモスワマチ,サカエチョウ,長野県,諏訪郡下諏訪町,栄町
3930065,ナガノケン,スワグンシモスワマチ,サキガケチョウ,長野県,諏訪郡下諏訪町,魁町
3930072,ナガノケン,スワグンシモスワマチ,サクラマチ,長野県,諏訪郡下諏訪町,桜町
3930086,ナガノケン,スワグンシモスワマチ,シミズマチ,長野県,諏訪郡下諏訪町,清水町
3930007,ナガノケン,スワグンシモスワマチ,シモヤシキ,長野県,諏訪郡下諏訪町,下屋敷
3930011,ナガノケン,スワグンシモスワマチ,シンマチウエ,長野県,諏訪郡下諏訪町,新町上
3930018,ナガノケン,スワグンシモスワマチ,シンマチシタ,長野県,諏訪郡下諏訪町,新町下
3930054,ナガノケン,スワグンシモスワマチ,スゲノマチ,長野県,諏訪郡下諏訪町,菅野町
3930022,ナガノケン,スワグンシモスワマチ,セキヤ,長野県,諏訪郡下諏訪町,関屋
3930051,ナガノケン,スワグンシモスワマチ,タイシャドオリ,長野県,諏訪郡下諏訪町,大社通
3930092,ナガノケン,スワグンシモスワマチ,ダイモン,長野県,諏訪郡下諏訪町,大門
3930033,ナガノケン,スワグンシモスワマチ,タカキ,長野県,諏訪郡下諏訪町,高木
3930034,ナガノケン,スワグンシモスワマチ,タカハマ,長野県,諏訪郡下諏訪町,高浜
3930021,ナガノケン,スワグンシモスワマチ,タケイ,長野県,諏訪郡下諏訪町,武居
3930015,ナガノケン,スワグンシモスワマチ,タツマチ,長野県,諏訪郡下諏訪町,立町
3930078,ナガノケン,スワグンシモスワマチ,タナカマチ,長野県,諏訪郡下諏訪町,田中町
3930075,ナガノケン,スワグンシモスワマチ,チュウオウドオリ,長野県,諏訪郡下諏訪町,中央通
3930073,ナガノケン,スワグンシモスワマチ,ツカダマチ,長野県,諏訪郡下諏訪町,塚田町
3930023,ナガノケン,スワグンシモスワマチ,トミガオカ,長野県,諏訪郡下諏訪町,富ケ丘
3930057,ナガノケン,スワグンシモスワマチ,トモノマチ,長野県,諏訪郡下諏訪町,友之町
3930001,ナガノケン,スワグンシモスワマチ,トヨハシ,長野県,諏訪郡下諏訪町,樋橋
3930064,ナガノケン,スワグンシモスワマチ,ナカシオチョウ,長野県,諏訪郡下諏訪町,中汐町
3930071,ナガノケン,スワグンシモスワマチ,ナカマチ,長野県,諏訪郡下諏訪町,仲町
3930047,ナガノケン,スワグンシモスワマチ,ニシアカスナ,長野県,諏訪郡下諏訪町,西赤砂
3930041,ナガノケン,スワグンシモスワマチ,ニシシオウ,長野県,諏訪郡下諏訪町,西四王
3930087,ナガノケン,スワグンシモスワマチ,ニシタカノマチ,長野県,諏訪郡下諏訪町,西鷹野町
3930032,ナガノケン,スワグンシモスワマチ,ニシハマ,長野県,諏訪郡下諏訪町,西浜
3930082,ナガノケン,スワグンシモスワマチ,ニシヤヨイチョウ,長野県,諏訪郡下諏訪町,西弥生町
3930035,ナガノケン,スワグンシモスワマチ,ニシユタカ,長野県,諏訪郡下諏訪町,西豊
3930003,ナガノケン,スワグンシモスワマチ,ハギクラ,長野県,諏訪郡下諏訪町,萩倉
3930063,ナガノケン,スワグンシモスワマチ,ハナサキチョウ,長野県,諏訪郡下諏訪町,花咲町
3930046,ナガノケン,スワグンシモスワマチ,ヒガシアカスナ,長野県,諏訪郡下諏訪町,東赤砂
3930043,ナガノケン,スワグンシモスワマチ,ヒガシシオウ,長野県,諏訪郡下諏訪町,東四王
3930085,ナガノケン,スワグンシモスワマチ,ヒガシタカノマチ,長野県,諏訪郡下諏訪町,東鷹野町
3930002,ナガノケン,スワグンシモスワマチ,ヒガシマタ,長野県,諏訪郡下諏訪町,東俣
3930006,ナガノケン,スワグンシモスワマチ,ヒガシマチウエ,長野県,諏訪郡下諏訪町,東町上
3930005,ナガノケン,スワグンシモスワマチ,ヒガシマチナカ,長野県,諏訪郡下諏訪町,東町中
3930004,ナガノケン,スワグンシモスワマチ,ヒガシマチシタ,長野県,諏訪郡下諏訪町,東町下
3930093,ナガノケン,スワグンシモスワマチ,ヒガシヤマダ,長野県,諏訪郡下諏訪町,東山田
3930083,ナガノケン,スワグンシモスワマチ,ヒガシヤヨイチョウ,長野県,諏訪郡下諏訪町,東弥生町
3930031,ナガノケン,スワグンシモスワマチ,ヒガシユタカ,長野県,諏訪郡下諏訪町,東豊
3930062,ナガノケン,スワグンシモスワマチ,ヒラサワチョウ,長野県,諏訪郡下諏訪町,平沢町
3930056,ナガノケン,スワグンシモスワマチ,ヒロセチョウ,長野県,諏訪郡下諏訪町,広瀬町
3930055,ナガノケン,スワグンシモスワマチ,フジミチョウ,長野県,諏訪郡下諏訪町,富士見町
3930091,ナガノケン,スワグンシモスワマチ,ホシガオカ,長野県,諏訪郡下諏訪町,星が丘
3930025,ナガノケン,スワグンシモスワマチ,ホンゴウ,長野県,諏訪郡下諏訪町,本郷
3930008,ナガノケン,スワグンシモスワマチ,マチヤシキ,長野県,諏訪郡下諏訪町,町屋敷
3930061,ナガノケン,スワグンシモスワマチ,ミタマチ,長野県,諏訪郡下諏訪町,御田町
3930074,ナガノケン,スワグンシモスワマチ,ミドリマチ,長野県,諏訪郡下諏訪町,緑町
3930045,ナガノケン,スワグンシモスワマチ,ミナミシオウ,長野県,諏訪郡下諏訪町,南四王
3930067,ナガノケン,スワグンシモスワマチ,ヤギヒガシ,長野県,諏訪郡下諏訪町,矢木東
3930076,ナガノケン,スワグンシモスワマチ,ヤギニシ,長野県,諏訪郡下諏訪町,矢木西
3930077,ナガノケン,スワグンシモスワマチ,ヤギマチ,長野県,諏訪郡下諏訪町,矢木町
3930081,ナガノケン,スワグンシモスワマチ,ヤシロヒガシマチ,長野県,諏訪郡下諏訪町,社東町
3930017,ナガノケン,スワグンシモスワマチ,ユダナカマチ,長野県,諏訪郡下諏訪町,湯田仲町
3930016,ナガノケン,スワグンシモスワマチ,ユダマチ,長野県,諏訪郡下諏訪町,湯田町
3930012,ナガノケン,スワグンシモスワマチ,ヨコマチ,長野県,諏訪郡下諏訪町,横町
3930019,ナガノケン,スワグンシモスワマチ,ヨコマチキノシタ,長野県,諏訪郡下諏訪町,横町木の下
3990200,ナガノケン,スワグンフジミマチ,イカニケイサイガナイバアイ,長野県,諏訪郡富士見町,以下に掲載がない場合
3990102,ナガノケン,スワグンフジミマチ,オチアイ（３０６０、３６００−４６００バンチ）,長野県,諏訪郡富士見町,落合（３０６０、３６００〜４６００番地）
3990214,ナガノケン,スワグンフジミマチ,オチアイ（ソノタ）,長野県,諏訪郡富士見町,落合（その他）
3990213,ナガノケン,スワグンフジミマチ,オッコト,長野県,諏訪郡富士見町,乙事
3990101,ナガノケン,スワグンフジミマチ,サカイ,長野県,諏訪郡富士見町,境
3990212,ナガノケン,スワグンフジミマチ,タツザワ,長野県,諏訪郡富士見町,立沢
3910021,ナガノケン,スワグンフジミマチ,フジミ（ニュウカサコ）,長野県,諏訪郡富士見町,富士見（入笠湖）
3990211,ナガノケン,スワグンフジミマチ,フジミ（ソノタ）,長野県,諏訪郡富士見町,富士見（その他）
3910100,ナガノケン,スワグンハラムラ,イカニケイサイガナイバアイ,長野県,諏訪郡原村,以下に掲載がない場合
3910101,ナガノケン,スワグンハラムラ,オオクボ,長野県,諏訪郡原村,大久保
3910105,ナガノケン,スワグンハラムラ,カシワギ,長野県,諏訪郡原村,柏木
3910111,ナガノケン,スワグンハラムラ,カミサト,長野県,諏訪郡原村,上里
3910106,ナガノケン,スワグンハラムラ,ショウブザワ,長野県,諏訪郡原村,菖蒲沢
3910108,ナガノケン,スワグンハラムラ,ナカシンデン,長野県,諏訪郡原村,中新田
3910112,ナガノケン,スワグンハラムラ,ノウジョウ,長野県,諏訪郡原村,農場
3910104,ナガノケン,スワグンハラムラ,ハライザワ,長野県,諏訪郡原村,払沢
3910115,ナガノケン,スワグンハラムラ,ハラヤマ,長野県,諏訪郡原村,原山
3910116,ナガノケン,スワグンハラムラ,ハンノキ,長野県,諏訪郡原村,判の木
3910114,ナガノケン,スワグンハラムラ,ペンション,長野県,諏訪郡原村,ペンション
3910109,ナガノケン,スワグンハラムラ,ミナミハラ,長野県,諏訪郡原村,南原
3910107,ナガノケン,スワグンハラムラ,ムロウチ,長野県,諏訪郡原村,室内
3910113,ナガノケン,スワグンハラムラ,ヤツガネ,長野県,諏訪郡原村,やつがね
3910103,ナガノケン,スワグンハラムラ,ヤツデ,長野県,諏訪郡原村,八ツ手
3910102,ナガノケン,スワグンハラムラ,ヤナギサワ,長野県,諏訪郡原村,柳沢
3990400,ナガノケン,カミイナグンタツノマチ,イカニケイサイガナイバアイ,長野県,上伊那郡辰野町,以下に掲載がない場合
3990424,ナガノケン,カミイナグンタツノマチ,アカハネ,長野県,上伊那郡辰野町,赤羽
3990428,ナガノケン,カミイナグンタツノマチ,イナトミ,長野県,上伊那郡辰野町,伊那富
3990601,ナガノケン,カミイナグンタツノマチ,オノ,長野県,上伊那郡辰野町,小野
3990512,ナガノケン,カミイナグンタツノマチ,カミジマ,長野県,上伊那郡辰野町,上島
3990423,ナガノケン,カミイナグンタツノマチ,サワソコ,長野県,上伊那郡辰野町,沢底
3990421,ナガノケン,カミイナグンタツノマチ,タツノ,長野県,上伊那郡辰野町,辰野
3990427,ナガノケン,カミイナグンタツノマチ,チュウオウ,長野県,上伊那郡辰野町,中央
3990425,ナガノケン,カミイナグンタツノマチ,ヒグチ,長野県,上伊那郡辰野町,樋口
3990422,ナガノケン,カミイナグンタツノマチ,ヒライデ,長野県,上伊那郡辰野町,平出
3990426,ナガノケン,カミイナグンタツノマチ,ミヤキ,長野県,上伊那郡辰野町,宮木
3990511,ナガノケン,カミイナグンタツノマチ,ヨコカワ,長野県,上伊那郡辰野町,横川
3994600,ナガノケン,カミイナグンミノワマチ,イカニケイサイガナイバアイ,長野県,上伊那郡箕輪町,以下に掲載がない場合
3994605,ナガノケン,カミイナグンミノワマチ,ナカゾネ,長野県,上伊那郡箕輪町,中曽根
3994601,ナガノケン,カミイナグンミノワマチ,ナカミノワ,長野県,上伊那郡箕輪町,中箕輪
3994602,ナガノケン,カミイナグンミノワマチ,ヒガシミノワ,長野県,上伊那郡箕輪町,東箕輪
3994604,ナガノケン,カミイナグンミノワマチ,フクヨ,長野県,上伊那郡箕輪町,福与
3994603,ナガノケン,カミイナグンミノワマチ,ミッカマチ,長野県,上伊那郡箕輪町,三日町
3993700,ナガノケン,カミイナグンイイジママチ,イカニケイサイガナイバアイ,長野県,上伊那郡飯島町,以下に掲載がない場合
3993702,ナガノケン,カミイナグンイイジママチ,イイジマ,長野県,上伊那郡飯島町,飯島
3993701,ナガノケン,カミイナグンイイジママチ,タギリ,長野県,上伊那郡飯島町,田切
3993705,ナガノケン,カミイナグンイイジママチ,ナナクボ,長野県,上伊那郡飯島町,七久保
3993703,ナガノケン,カミイナグンイイジママチ,ヒッソリ,長野県,上伊那郡飯島町,日曽利
3993704,ナガノケン,カミイナグンイイジママチ,ホンゴウ,長野県,上伊那郡飯島町,本郷
3994511,ナガノケン,カミイナグンミナミミノワムラ,ミナミミノワムライチエン,長野県,上伊那郡南箕輪村,南箕輪村一円
3993800,ナガノケン,カミイナグンナカガワムラ,イカニケイサイガナイバアイ,長野県,上伊那郡中川村,以下に掲載がない場合
3993801,ナガノケン,カミイナグンナカガワムラ,オオクサ,長野県,上伊那郡中川村,大草
3993802,ナガノケン,カミイナグンナカガワムラ,カタギリ,長野県,上伊那郡中川村,片桐
3993803,ナガノケン,カミイナグンナカガワムラ,カツラシマ,長野県,上伊那郡中川村,葛島
3993804,ナガノケン,カミイナグンナカガワムラ,シトク,長野県,上伊那郡中川村,四徳
3994301,ナガノケン,カミイナグンミヤダムラ,ミヤダムライチエン,長野県,上伊那郡宮田村,宮田村一円
3993300,ナガノケン,シモイナグンマツカワマチ,イカニケイサイガナイバアイ,長野県,下伊那郡松川町,以下に掲載がない場合
3993302,ナガノケン,シモイナグンマツカワマチ,イクタ,長野県,下伊那郡松川町,生田
3993304,ナガノケン,シモイナグンマツカワマチ,オオジマ,長野県,下伊那郡松川町,大島
3993301,ナガノケン,シモイナグンマツカワマチ,カミカタギリ,長野県,下伊那郡松川町,上片桐
3993303,ナガノケン,シモイナグンマツカワマチ,モトオオジマ,長野県,下伊那郡松川町,元大島
3993100,ナガノケン,シモイナグンタカモリマチ,イカニケイサイガナイバアイ,長野県,下伊那郡高森町,以下に掲載がない場合
3993107,ナガノケン,シモイナグンタカモリマチ,イズハラ,長野県,下伊那郡高森町,出原
3993105,ナガノケン,シモイナグンタカモリマチ,ウシマキ,長野県,下伊那郡高森町,牛牧
3993106,ナガノケン,シモイナグンタカモリマチ,オオジマサン,長野県,下伊那郡高森町,大島山
3993104,ナガノケン,シモイナグンタカモリマチ,カミイチダ,長野県,下伊那郡高森町,上市田
3993103,ナガノケン,シモイナグンタカモリマチ,シモイチダ,長野県,下伊那郡高森町,下市田
3993101,ナガノケン,シモイナグンタカモリマチ,ヤマブキ,長野県,下伊那郡高森町,山吹
3993102,ナガノケン,シモイナグンタカモリマチ,ヨシダ,長野県,下伊那郡高森町,吉田
3991500,ナガノケン,シモイナグンアナンチョウ,イカニケイサイガナイバアイ,長野県,下伊那郡阿南町,以下に掲載がない場合
3991501,ナガノケン,シモイナグンアナンチョウ,キタジョウ,長野県,下伊那郡阿南町,北條
3991505,ナガノケン,シモイナグンアナンチョウ,トミクサ,長野県,下伊那郡阿南町,富草
3991612,ナガノケン,シモイナグンアナンチョウ,ニイノ,長野県,下伊那郡阿南町,新野
3991504,ナガノケン,シモイナグンアナンチョウ,ニシジョウ,長野県,下伊那郡阿南町,西條
3991502,ナガノケン,シモイナグンアナンチョウ,ヒガシジョウ,長野県,下伊那郡阿南町,東條
3991503,ナガノケン,シモイナグンアナンチョウ,ミナミジョウ,長野県,下伊那郡阿南町,南條
3991611,ナガノケン,シモイナグンアナンチョウ,ワゴウ,長野県,下伊那郡阿南町,和合
3950300,ナガノケン,シモイナグンアチムラ,イカニケイサイガナイバアイ,長野県,下伊那郡阿智村,以下に掲載がない場合
3950301,ナガノケン,シモイナグンアチムラ,カスガ,長野県,下伊那郡阿智村,春日
3950302,ナガノケン,シモイナグンアチムラ,ゴカ,長野県,下伊那郡阿智村,伍和
3950305,ナガノケン,シモイナグンアチムラ,コマ,長野県,下伊那郡阿智村,駒
3950303,ナガノケン,シモイナグンアチムラ,コマバ,長野県,下伊那郡阿智村,駒場
3950401,ナガノケン,シモイナグンアチムラ,セイナイジ,長野県,下伊那郡阿智村,清内路
3950304,ナガノケン,シモイナグンアチムラ,チサト,長野県,下伊那郡阿智村,智里
3950501,ナガノケン,シモイナグンアチムラ,ナミアイ,長野県,下伊那郡阿智村,浪合
3950601,ナガノケン,シモイナグンヒラヤムラ,ヒラヤムライチエン,長野県,下伊那郡平谷村,平谷村一円
3950701,ナガノケン,シモイナグンネバムラ,ネバムライチエン,長野県,下伊那郡根羽村,根羽村一円
3992100,ナガノケン,シモイナグンシモジョウムラ,イカニケイサイガナイバアイ,長野県,下伊那郡下條村,以下に掲載がない場合
3992102,ナガノケン,シモイナグンシモジョウムラ,ヒサワ,長野県,下伊那郡下條村,陽皐
3992101,ナガノケン,シモイナグンシモジョウムラ,ムツザワ,長野県,下伊那郡下條村,睦沢
3991601,ナガノケン,シモイナグンウルギムラ,ウルギムライチエン,長野県,下伊那郡売木村,売木村一円
3991200,ナガノケン,シモイナグンテンリュウムラ,イカニケイサイガナイバアイ,長野県,下伊那郡天龍村,以下に掲載がない場合
3991202,ナガノケン,シモイナグンテンリュウムラ,カミハラ,長野県,下伊那郡天龍村,神原
3991203,ナガノケン,シモイナグンテンリュウムラ,ナガシマ,長野県,下伊那郡天龍村,長島
3991201,ナガノケン,シモイナグンテンリュウムラ,ヒラオカ,長野県,下伊那郡天龍村,平岡
3991801,ナガノケン,シモイナグンヤスオカムラ,ヤスオカムライチエン,長野県,下伊那郡泰阜村,泰阜村一円
3951100,ナガノケン,シモイナグンタカギムラ,イカニケイサイガナイバアイ,長野県,下伊那郡喬木村,以下に掲載がない場合
3951101,ナガノケン,シモイナグンタカギムラ,アジマ,長野県,下伊那郡喬木村,阿島
3951108,ナガノケン,シモイナグンタカギムラ,イクマ,長野県,下伊那郡喬木村,伊久間
3951104,ナガノケン,シモイナグンタカギムラ,ウジノリ,長野県,下伊那郡喬木村,氏乗
3951103,ナガノケン,シモイナグンタカギムラ,オオシマ,長野県,下伊那郡喬木村,大島
3951105,ナガノケン,シモイナグンタカギムラ,オオワチ,長野県,下伊那郡喬木村,大和知
3951107,ナガノケン,シモイナグンタカギムラ,オガワ,長野県,下伊那郡喬木村,小川
3951102,ナガノケン,シモイナグンタカギムラ,カカス,長野県,下伊那郡喬木村,加々須
3951106,ナガノケン,シモイナグンタカギムラ,トミダ,長野県,下伊那郡喬木村,富田
3993200,ナガノケン,シモイナグントヨオカムラ,イカニケイサイガナイバアイ,長野県,下伊那郡豊丘村,以下に掲載がない場合
3993311,ナガノケン,シモイナグントヨオカムラ,カワノ（７５３０−７５９０バンチ）,長野県,下伊那郡豊丘村,河野（７５３０〜７５９０番地）
3993201,ナガノケン,シモイナグントヨオカムラ,カワノ（ソノタ）,長野県,下伊那郡豊丘村,河野（その他）
3993202,ナガノケン,シモイナグントヨオカムラ,クマシロ,長野県,下伊那郡豊丘村,神稲
3993500,ナガノケン,シモイナグンオオシカムラ,イカニケイサイガナイバアイ,長野県,下伊那郡大鹿村,以下に掲載がない場合
3993502,ナガノケン,シモイナグンオオシカムラ,オオカワラ,長野県,下伊那郡大鹿村,大河原
3993501,ナガノケン,シモイナグンオオシカムラ,カシオ,長野県,下伊那郡大鹿村,鹿塩
3995600,ナガノケン,キソグンアゲマツマチ,イカニケイサイガナイバアイ,長野県,木曽郡上松町,以下に掲載がない場合
3995601,ナガノケン,キソグンアゲマツマチ,アゲマツ,長野県,木曽郡上松町,上松
3995609,ナガノケン,キソグンアゲマツマチ,アサヒマチ,長野県,木曽郡上松町,旭町
3995603,ナガノケン,キソグンアゲマツマチ,エキマエドオリ,長野県,木曽郡上松町,駅前通り
3995607,ナガノケン,キソグンアゲマツマチ,オガワ,長野県,木曽郡上松町,小川
3995608,ナガノケン,キソグンアゲマツマチ,オギハラ,長野県,木曽郡上松町,荻原
3995605,ナガノケン,キソグンアゲマツマチ,サカエマチ,長野県,木曽郡上松町,栄町
3995604,ナガノケン,キソグンアゲマツマチ,ショウジママチ,長野県,木曽郡上松町,正島町
3995602,ナガノケン,キソグンアゲマツマチ,ホンマチドオリ,長野県,木曽郡上松町,本町通り
3995606,ナガノケン,キソグンアゲマツマチ,ミドリマチ,長野県,木曽郡上松町,緑町
3995300,ナガノケン,キソグンナギソマチ,イカニケイサイガナイバアイ,長野県,木曽郡南木曽町,以下に掲載がない場合
3995302,ナガノケン,キソグンナギソマチ,アヅマ,長野県,木曽郡南木曽町,吾妻
3995303,ナガノケン,キソグンナギソマチ,タダチ,長野県,木曽郡南木曽町,田立
3995301,ナガノケン,キソグンナギソマチ,ヨミカキ,長野県,木曽郡南木曽町,読書
3996200,ナガノケン,キソグンキソムラ,イカニケイサイガナイバアイ,長野県,木曽郡木祖村,以下に掲載がない場合
3996203,ナガノケン,キソグンキソムラ,オギソ,長野県,木曽郡木祖村,小木曽
3996202,ナガノケン,キソグンキソムラ,スゲ,長野県,木曽郡木祖村,菅
3996201,ナガノケン,キソグンキソムラ,ヤブハラ,長野県,木曽郡木祖村,薮原
3970201,ナガノケン,キソグンオウタキムラ,オウタキムライチエン,長野県,木曽郡王滝村,王滝村一円
3995500,ナガノケン,キソグンオオクワムラ,イカニケイサイガナイバアイ,長野県,木曽郡大桑村,以下に掲載がない場合
3995502,ナガノケン,キソグンオオクワムラ,スハラ,長野県,木曽郡大桑村,須原
3995501,ナガノケン,キソグンオオクワムラ,トノ,長野県,木曽郡大桑村,殿
3995503,ナガノケン,キソグンオオクワムラ,ナガノ,長野県,木曽郡大桑村,長野
3995504,ナガノケン,キソグンオオクワムラ,ノジリ,長野県,木曽郡大桑村,野尻
3970000,ナガノケン,キソグンキソマチ,イカニケイサイガナイバアイ,長野県,木曽郡木曽町,以下に掲載がない場合
3970301,ナガノケン,キソグンキソマチ,カイダコウゲンスエカワ,長野県,木曽郡木曽町,開田高原末川
3970302,ナガノケン,キソグンキソマチ,カイダコウゲンニシノ,長野県,木曽郡木曽町,開田高原西野
3970002,ナガノケン,キソグンキソマチ,シンカイ,長野県,木曽郡木曽町,新開
3970003,ナガノケン,キソグンキソマチ,シンカイフク,長野県,木曽郡木曽町,新開福
3996101,ナガノケン,キソグンキソマチ,ヒヨシ,長野県,木曽郡木曽町,日義
3970001,ナガノケン,キソグンキソマチ,フクシマ,長野県,木曽郡木曽町,福島
3970101,ナガノケン,キソグンキソマチ,ミタケ,長野県,木曽郡木曽町,三岳
3997700,ナガノケン,ヒガシチクマグンオミムラ,イカニケイサイガナイバアイ,長野県,東筑摩郡麻績村,以下に掲載がない場合
3997701,ナガノケン,ヒガシチクマグンオミムラ,オ,長野県,東筑摩郡麻績村,麻
3997702,ナガノケン,ヒガシチクマグンオミムラ,ヒ,長野県,東筑摩郡麻績村,日
3997200,ナガノケン,ヒガシチクマグンイクサカムラ,イカニケイサイガナイバアイ,長野県,東筑摩郡生坂村,以下に掲載がない場合
3997201,ナガノケン,ヒガシチクマグンイクサカムラ,イクサカムラノツギニバンチガクルバアイ,長野県,東筑摩郡生坂村,生坂村の次に番地がくる場合
3997202,ナガノケン,ヒガシチクマグンイクサカムラ,キタリクゴウ,長野県,東筑摩郡生坂村,北陸郷
3997311,ナガノケン,ヒガシチクマグンイクサカムラ,ヒガシヒロツ,長野県,東筑摩郡生坂村,東広津
3901301,ナガノケン,ヒガシチクマグンヤマガタムラ,ヤマガタムライチエン,長野県,東筑摩郡山形村,山形村一円
3901100,ナガノケン,ヒガシチクマグンアサヒムラ,イカニケイサイガナイバアイ,長野県,東筑摩郡朝日村,以下に掲載がない場合
3901102,ナガノケン,ヒガシチクマグンアサヒムラ,オノザワ,長野県,東筑摩郡朝日村,小野沢
3901104,ナガノケン,ヒガシチクマグンアサヒムラ,コミ,長野県,東筑摩郡朝日村,古見
3901101,ナガノケン,ヒガシチクマグンアサヒムラ,ニシセバ,長野県,東筑摩郡朝日村,西洗馬
3901103,ナガノケン,ヒガシチクマグンアサヒムラ,ハリオ,長野県,東筑摩郡朝日村,針尾
3997500,ナガノケン,ヒガシチクマグンチクホクムラ,イカニケイサイガナイバアイ,長野県,東筑摩郡筑北村,以下に掲載がない場合
3997503,ナガノケン,ヒガシチクマグンチクホクムラ,オオサワシンデン,長野県,東筑摩郡筑北村,大沢新田
3997711,ナガノケン,ヒガシチクマグンチクホクムラ,サカイ,長野県,東筑摩郡筑北村,坂井
3997601,ナガノケン,ヒガシチクマグンチクホクムラ,サカキタ,長野県,東筑摩郡筑北村,坂北
3997501,ナガノケン,ヒガシチクマグンチクホクムラ,ニシジョウ,長野県,東筑摩郡筑北村,西条
3997502,ナガノケン,ヒガシチクマグンチクホクムラ,ヒガシジョウ,長野県,東筑摩郡筑北村,東条
3997504,ナガノケン,ヒガシチクマグンチクホクムラ,ミダレハシ,長野県,東筑摩郡筑北村,乱橋
3998600,ナガノケン,キタアヅミグンイケダマチ,イカニケイサイガナイバアイ,長野県,北安曇郡池田町,以下に掲載がない場合
3998602,ナガノケン,キタアヅミグンイケダマチ,アイソメ,長野県,北安曇郡池田町,会染
3998601,ナガノケン,キタアヅミグンイケダマチ,イケダ,長野県,北安曇郡池田町,池田
3998603,ナガノケン,キタアヅミグンイケダマチ,ナカウ,長野県,北安曇郡池田町,中鵜
3998604,ナガノケン,キタアヅミグンイケダマチ,ヒロツ,長野県,北安曇郡池田町,広津
3998605,ナガノケン,キタアヅミグンイケダマチ,リクゴウ,長野県,北安曇郡池田町,陸郷
3998501,ナガノケン,キタアヅミグンマツカワムラ,マツカワムライチエン,長野県,北安曇郡松川村,松川村一円
3999300,ナガノケン,キタアヅミグンハクバムラ,イカニケイサイガナイバアイ,長野県,北安曇郡白馬村,以下に掲載がない場合
3999211,ナガノケン,キタアヅミグンハクバムラ,カミシロ,長野県,北安曇郡白馬村,神城
3999301,ナガノケン,キタアヅミグンハクバムラ,ホクジョウ,長野県,北安曇郡白馬村,北城
3999400,ナガノケン,キタアヅミグンオタリムラ,イカニケイサイガナイバアイ,長野県,北安曇郡小谷村,以下に掲載がない場合
3999601,ナガノケン,キタアヅミグンオタリムラ,キタオタリ,長野県,北安曇郡小谷村,北小谷
3999422,ナガノケン,キタアヅミグンオタリムラ,チクニ,長野県,北安曇郡小谷村,千国
3999421,ナガノケン,キタアヅミグンオタリムラ,ナカオタリ,長野県,北安曇郡小谷村,中小谷
3999511,ナガノケン,キタアヅミグンオタリムラ,ナカツチ,長野県,北安曇郡小谷村,中土
3890600,ナガノケン,ハニシナグンサカキマチ,イカニケイサイガナイバアイ,長野県,埴科郡坂城町,以下に掲載がない場合
3890604,ナガノケン,ハニシナグンサカキマチ,アミカケ,長野県,埴科郡坂城町,網掛
3890605,ナガノケン,ハニシナグンサカキマチ,ウワダイラ,長野県,埴科郡坂城町,上平
3890606,ナガノケン,ハニシナグンサカキマチ,カミゴミョウ,長野県,埴科郡坂城町,上五明
3890601,ナガノケン,ハニシナグンサカキマチ,サカキ,長野県,埴科郡坂城町,坂城
3890602,ナガノケン,ハニシナグンサカキマチ,ナカノジョウ,長野県,埴科郡坂城町,中之条
3890603,ナガノケン,ハニシナグンサカキマチ,ミナミジョウ,長野県,埴科郡坂城町,南条
3810200,ナガノケン,カミタカイグンオブセマチ,イカニケイサイガナイバアイ,長野県,上高井郡小布施町,以下に掲載がない場合
3810204,ナガノケン,カミタカイグンオブセマチ,イイダ,長野県,上高井郡小布施町,飯田
3810203,ナガノケン,カミタカイグンオブセマチ,オオジマ,長野県,上高井郡小布施町,大島
3810207,ナガノケン,カミタカイグンオブセマチ,オシハ,長野県,上高井郡小布施町,押羽
3810201,ナガノケン,カミタカイグンオブセマチ,オブセ,長野県,上高井郡小布施町,小布施
3810211,ナガノケン,カミタカイグンオブセマチ,カリダ,長野県,上高井郡小布施町,雁田
3810206,ナガノケン,カミタカイグンオブセマチ,キタオカ,長野県,上高井郡小布施町,北岡
3810205,ナガノケン,カミタカイグンオブセマチ,サンノウジマ,長野県,上高井郡小布施町,山王島
3810208,ナガノケン,カミタカイグンオブセマチ,ツスミ,長野県,上高井郡小布施町,都住
3810209,ナガノケン,カミタカイグンオブセマチ,ナカマツ,長野県,上高井郡小布施町,中松
3810202,ナガノケン,カミタカイグンオブセマチ,フクハラ,長野県,上高井郡小布施町,福原
3810212,ナガノケン,カミタカイグンオブセマチ,ヨシジマ,長野県,上高井郡小布施町,吉島
3820800,ナガノケン,カミタカイグンタカヤマムラ,イカニケイサイガナイバアイ,長野県,上高井郡高山村,以下に掲載がない場合
3820832,ナガノケン,カミタカイグンタカヤマムラ,アカワ,長野県,上高井郡高山村,赤和
3820831,ナガノケン,カミタカイグンタカヤマムラ,アライハラ,長野県,上高井郡高山村,荒井原
3820815,ナガノケン,カミタカイグンタカヤマムラ,オギクボ,長野県,上高井郡高山村,荻久保
3820833,ナガノケン,カミタカイグンタカヤマムラ,クボ,長野県,上高井郡高山村,久保
3820823,ナガノケン,カミタカイグンタカヤマムラ,クロベ,長野県,上高井郡高山村,黒部
3820801,ナガノケン,カミタカイグンタカヤマムラ,コマバ,長野県,上高井郡高山村,駒場
3820836,ナガノケン,カミタカイグンタカヤマムラ,シンボリ,長野県,上高井郡高山村,新堀
3820835,ナガノケン,カミタカイグンタカヤマムラ,センボンマツ,長野県,上高井郡高山村,千本松
3820814,ナガノケン,カミタカイグンタカヤマムラ,テンジンバラ,長野県,上高井郡高山村,天神原
3820804,ナガノケン,カミタカイグンタカヤマムラ,ナカハラ,長野県,上高井郡高山村,中原
3820806,ナガノケン,カミタカイグンタカヤマムラ,ナカヒラ,長野県,上高井郡高山村,なかひら
3820822,ナガノケン,カミタカイグンタカヤマムラ,フクイハラ,長野県,上高井郡高山村,福井原
3820826,ナガノケン,カミタカイグンタカヤマムラ,フタツイシ,長野県,上高井郡高山村,二ツ石
3820837,ナガノケン,カミタカイグンタカヤマムラ,ホリノウチ,長野県,上高井郡高山村,堀之内
3820821,ナガノケン,カミタカイグンタカヤマムラ,マキ,長野県,上高井郡高山村,牧
3820803,ナガノケン,カミタカイグンタカヤマムラ,マスガタ,長野県,上高井郡高山村,桝形
3820827,ナガノケン,カミタカイグンタカヤマムラ,マツナミ,長野県,上高井郡高山村,松南
3820802,ナガノケン,カミタカイグンタカヤマムラ,マツハラ,長野県,上高井郡高山村,松原
3820805,ナガノケン,カミタカイグンタカヤマムラ,ミサト,長野県,上高井郡高山村,三郷
3820834,ナガノケン,カミタカイグンタカヤマムラ,ミズナカ,長野県,上高井郡高山村,水中
3820824,ナガノケン,カミタカイグンタカヤマムラ,ミドリガオカ,長野県,上高井郡高山村,緑ケ丘
3820811,ナガノケン,カミタカイグンタカヤマムラ,ミヤセキ,長野県,上高井郡高山村,宮関
3820825,ナガノケン,カミタカイグンタカヤマムラ,ムラサキ,長野県,上高井郡高山村,紫
3820816,ナガノケン,カミタカイグンタカヤマムラ,ヤマダオンセン,長野県,上高井郡高山村,山田温泉
3820817,ナガノケン,カミタカイグンタカヤマムラ,ヤマダボクジョウ,長野県,上高井郡高山村,山田牧場
3820813,ナガノケン,カミタカイグンタカヤマムラ,ワラビタイラ,長野県,上高井郡高山村,蕨平
3810400,ナガノケン,シモタカイグンヤマノウチマチ,イカニケイサイガナイバアイ,長野県,下高井郡山ノ内町,以下に掲載がない場合
3810402,ナガノケン,シモタカイグンヤマノウチマチ,サノ,長野県,下高井郡山ノ内町,佐野
3810403,ナガノケン,シモタカイグンヤマノウチマチ,サムサワ,長野県,下高井郡山ノ内町,寒沢
3810404,ナガノケン,シモタカイグンヤマノウチマチ,トガリ,長野県,下高井郡山ノ内町,戸狩
3810401,ナガノケン,シモタカイグンヤマノウチマチ,ヒラオ,長野県,下高井郡山ノ内町,平穏
3810405,ナガノケン,シモタカイグンヤマノウチマチ,ヨマセ,長野県,下高井郡山ノ内町,夜間瀬
3892300,ナガノケン,シモタカイグンキジマダイラムラ,イカニケイサイガナイバアイ,長野県,下高井郡木島平村,以下に掲載がない場合
3892302,ナガノケン,シモタカイグンキジマダイラムラ,オウゴウ,長野県,下高井郡木島平村,往郷
3892303,ナガノケン,シモタカイグンキジマダイラムラ,カミキジマ,長野県,下高井郡木島平村,上木島
3892301,ナガノケン,シモタカイグンキジマダイラムラ,ホタカ,長野県,下高井郡木島平村,穂高
3892500,ナガノケン,シモタカイグンノザワオンセンムラ,イカニケイサイガナイバアイ,長野県,下高井郡野沢温泉村,以下に掲載がない場合
3892501,ナガノケン,シモタカイグンノザワオンセンムラ,ツボヤマ,長野県,下高井郡野沢温泉村,坪山
3892502,ナガノケン,シモタカイグンノザワオンセンムラ,トヨサト,長野県,下高井郡野沢温泉村,豊郷
3892612,ナガノケン,シモタカイグンノザワオンセンムラ,ナナガマキ,長野県,下高井郡野沢温泉村,七ケ巻
3892611,ナガノケン,シモタカイグンノザワオンセンムラ,ヒガシオオタキ,長野県,下高井郡野沢温泉村,東大滝
3892614,ナガノケン,シモタカイグンノザワオンセンムラ,ヒラバヤシ,長野県,下高井郡野沢温泉村,平林
3892503,ナガノケン,シモタカイグンノザワオンセンムラ,マエザカ,長野県,下高井郡野沢温泉村,前坂
3892613,ナガノケン,シモタカイグンノザワオンセンムラ,ムシウ,長野県,下高井郡野沢温泉村,虫生
3891300,ナガノケン,カミミノチグンシナノマチ,イカニケイサイガナイバアイ,長野県,上水内郡信濃町,以下に掲載がない場合
3891311,ナガノケン,カミミノチグンシナノマチ,アラセバラ,長野県,上水内郡信濃町,荒瀬原
3891316,ナガノケン,カミミノチグンシナノマチ,オオイ,長野県,上水内郡信濃町,大井
3891305,ナガノケン,カミミノチグンシナノマチ,カシワバラ,長野県,上水内郡信濃町,柏原
3891304,ナガノケン,カミミノチグンシナノマチ,カミヤマコクサイムラ,長野県,上水内郡信濃町,神山国際村
3891301,ナガノケン,カミミノチグンシナノマチ,クマサカ,長野県,上水内郡信濃町,熊坂
3891312,ナガノケン,カミミノチグンシナノマチ,トミノ,長野県,上水内郡信濃町,富濃
3891303,ナガノケン,カミミノチグンシナノマチ,ノジリ,長野県,上水内郡信濃町,野尻
3891306,ナガノケン,カミミノチグンシナノマチ,ノジリ（ダイガクムラ）,長野県,上水内郡信濃町,野尻（大学村）
3891315,ナガノケン,カミミノチグンシナノマチ,ヒラオカ,長野県,上水内郡信濃町,平岡
3891313,ナガノケン,カミミノチグンシナノマチ,フルマ,長野県,上水内郡信濃町,古間
3891302,ナガノケン,カミミノチグンシナノマチ,フルミ,長野県,上水内郡信濃町,古海
3891314,ナガノケン,カミミノチグンシナノマチ,ホナミ,長野県,上水内郡信濃町,穂波
3813300,ナガノケン,カミミノチグンオガワムラ,イカニケイサイガナイバアイ,長野県,上水内郡小川村,以下に掲載がない場合
3813301,ナガノケン,カミミノチグンオガワムラ,イナオカ,長野県,上水内郡小川村,稲丘
3813303,ナガノケン,カミミノチグンオガワムラ,オネヤマ,長野県,上水内郡小川村,小根山
3813304,ナガノケン,カミミノチグンオガワムラ,セトガワ,長野県,上水内郡小川村,瀬戸川
3813302,ナガノケン,カミミノチグンオガワムラ,タカフ,長野県,上水内郡小川村,高府
3891200,ナガノケン,カミミノチグンイイヅナマチ,イカニケイサイガナイバアイ,長野県,上水内郡飯綱町,以下に掲載がない場合
3891203,ナガノケン,カミミノチグンイイヅナマチ,アカシオ,長野県,上水内郡飯綱町,赤塩
3891201,ナガノケン,カミミノチグンイイヅナマチ,イモガワ,長野県,上水内郡飯綱町,芋川
3891226,ナガノケン,カミミノチグンイイヅナマチ,カワカミ,長野県,上水内郡飯綱町,川上
3891205,ナガノケン,カミミノチグンイイヅナマチ,カワタニ,長野県,上水内郡飯綱町,川谷
3891204,ナガノケン,カミミノチグンイイヅナマチ,クライ,長野県,上水内郡飯綱町,倉井
3891214,ナガノケン,カミミノチグンイイヅナマチ,クロカワ,長野県,上水内郡飯綱町,黒川
3891227,ナガノケン,カミミノチグンイイヅナマチ,コウサカ,長野県,上水内郡飯綱町,高坂
3891215,ナガノケン,カミミノチグンイイヅナマチ,コダマ,長野県,上水内郡飯綱町,小玉
3891225,ナガノケン,カミミノチグンイイヅナマチ,サカグチ,長野県,上水内郡飯綱町,坂口
3891224,ナガノケン,カミミノチグンイイヅナマチ,ジゾウクボ,長野県,上水内郡飯綱町,地蔵久保
3891223,ナガノケン,カミミノチグンイイヅナマチ,ソデノヤマ,長野県,上水内郡飯綱町,袖之山
3891212,ナガノケン,カミミノチグンイイヅナマチ,トヨノ,長野県,上水内郡飯綱町,豊野
3891202,ナガノケン,カミミノチグンイイヅナマチ,ヒガシカシワバラ,長野県,上水内郡飯綱町,東柏原
3891213,ナガノケン,カミミノチグンイイヅナマチ,ヒライデ,長野県,上水内郡飯綱町,平出
3891206,ナガノケン,カミミノチグンイイヅナマチ,フコウジ,長野県,上水内郡飯綱町,普光寺
3891221,ナガノケン,カミミノチグンイイヅナマチ,フルマチ,長野県,上水内郡飯綱町,古町
3891211,ナガノケン,カミミノチグンイイヅナマチ,ムレ,長野県,上水内郡飯綱町,牟礼
3891222,ナガノケン,カミミノチグンイイヅナマチ,ヤナギサト,長野県,上水内郡飯綱町,柳里
3892700,ナガノケン,シモミノチグンサカエムラ,イカニケイサイガナイバアイ,長野県,下水内郡栄村,以下に掲載がない場合
9498321,ナガノケン,シモミノチグンサカエムラ,サカイ（１７５００−１８５６０バンチ）,長野県,下水内郡栄村,堺（１７５００〜１８５６０番地）
3892703,ナガノケン,シモミノチグンサカエムラ,サカイ（ソノタ）,長野県,下水内郡栄村,堺（その他）
3892701,ナガノケン,シモミノチグンサカエムラ,トヨサカエ,長野県,下水内郡栄村,豊栄
3892702,ナガノケン,シモミノチグンサカエムラ,ホクシン,長野県,下水内郡栄村,北信
